ISO-10303-21;
HEADER;
/* Generated by software containing ST-Developer
 * from STEP Tools, Inc. (www.steptools.com) 
 */

FILE_DESCRIPTION(
/* description */ (''),
/* implementation_level */ '2;1');

FILE_NAME(
/* name */ 'wrist_axis2_handle.step',
/* time_stamp */ '2026-09-15T17:21:29+09:00',
/* author */ (''),
/* organization */ (''),
/* preprocessor_version */ 'ST-DEVELOPER v20.1',
/* originating_system */ 'Autodesk Translation Framework v15.8.0.0',
/* authorisation */ '');

FILE_SCHEMA (('AUTOMOTIVE_DESIGN { 1 0 10303 214 3 1 1 }'));
ENDSEC;

DATA;
#10=MECHANICAL_DESIGN_GEOMETRIC_PRESENTATION_REPRESENTATION('',(#13),#4608);
#11=SHAPE_REPRESENTATION_RELATIONSHIP('SRR','None',#4615,#12);
#12=ADVANCED_BREP_SHAPE_REPRESENTATION('',(#14),#4607);
#13=STYLED_ITEM('',(#4625),#14);
#14=MANIFOLD_SOLID_BREP('2dof-\X2\C190C7A1C774\X0\ (1)',#2219);
#15=(
BOUNDED_SURFACE()
B_SPLINE_SURFACE(2,2,((#4013,#4014,#4015),(#4016,#4017,#4018),(#4019,#4020,
#4021)),.UNSPECIFIED.,.F.,.F.,.F.)
B_SPLINE_SURFACE_WITH_KNOTS((3,3),(3,3),(-1.5707963267949,3.58557352941672E-16),
(-5.55111512314993E-17,1.5707963267949),.UNSPECIFIED.)
GEOMETRIC_REPRESENTATION_ITEM()
RATIONAL_B_SPLINE_SURFACE(((1.,0.707106781186548,1.),(0.707106781186547,
0.499999999999999,0.707106781186547),(1.,0.707106781186548,1.)))
REPRESENTATION_ITEM('')
SURFACE()
);
#16=(
BOUNDED_SURFACE()
B_SPLINE_SURFACE(2,2,((#4029,#4030,#4031),(#4032,#4033,#4034),(#4035,#4036,
#4037)),.UNSPECIFIED.,.F.,.F.,.F.)
B_SPLINE_SURFACE_WITH_KNOTS((3,3),(3,3),(-1.5707963267949,1.720845688169E-15),
(-1.5707963267949,4.77630626210114E-32),.UNSPECIFIED.)
GEOMETRIC_REPRESENTATION_ITEM()
RATIONAL_B_SPLINE_SURFACE(((1.,0.707106781186547,1.),(0.707106781186546,
0.499999999999999,0.707106781186546),(1.,0.707106781186547,1.)))
REPRESENTATION_ITEM('')
SURFACE()
);
#17=(
BOUNDED_SURFACE()
B_SPLINE_SURFACE(1,2,((#4493,#4494,#4495,#4496,#4497),(#4498,#4499,#4500,
#4501,#4502)),.UNSPECIFIED.,.F.,.F.,.F.)
B_SPLINE_SURFACE_WITH_KNOTS((2,2),(3,2,3),(1.61947137015928,1.62727989808712),
(-1.04833103257571,3.37507799486048E-14,1.04833103257644),.UNSPECIFIED.)
GEOMETRIC_REPRESENTATION_ITEM()
RATIONAL_B_SPLINE_SURFACE(((1.,0.865741894373224,1.,0.865741894373224,1.),
(1.,0.865741894373224,1.,0.865741894373224,1.)))
REPRESENTATION_ITEM('')
SURFACE()
);
#18=(
BOUNDED_SURFACE()
B_SPLINE_SURFACE(1,2,((#4504,#4505,#4506,#4507,#4508),(#4509,#4510,#4511,
#4512,#4513)),.UNSPECIFIED.,.F.,.F.,.F.)
B_SPLINE_SURFACE_WITH_KNOTS((2,2),(3,2,3),(1.55400868548288,1.56454470337985),
(-1.27965396816189,8.88178419700125E-14,1.27965396816316),.UNSPECIFIED.)
GEOMETRIC_REPRESENTATION_ITEM()
RATIONAL_B_SPLINE_SURFACE(((1.,0.802199070196559,1.,0.802199070196559,1.),
(1.,0.802199070196559,1.,0.802199070196559,1.)))
REPRESENTATION_ITEM('')
SURFACE()
);
#19=(
BOUNDED_SURFACE()
B_SPLINE_SURFACE(1,2,((#4517,#4518,#4519,#4520,#4521,#4522,#4523),(#4524,
#4525,#4526,#4527,#4528,#4529,#4530)),.UNSPECIFIED.,.F.,.F.,.F.)
B_SPLINE_SURFACE_WITH_KNOTS((2,2),(3,2,2,3),(1.69862339605401,1.71818208985103),
(-5.1637575808766,-3.81564762935182,-2.46753767782704,-1.11942772630226),
 .UNSPECIFIED.)
GEOMETRIC_REPRESENTATION_ITEM()
RATIONAL_B_SPLINE_SURFACE(((1.,0.781297145541603,1.,0.781297145541603,1.,
0.781297145541603,1.),(1.,0.781297145541603,1.,0.781297145541603,1.,0.781297145541603,
1.)))
REPRESENTATION_ITEM('')
SURFACE()
);
#20=(
BOUNDED_SURFACE()
B_SPLINE_SURFACE(1,2,((#4540,#4541,#4542),(#4543,#4544,#4545)),
 .UNSPECIFIED.,.F.,.F.,.F.)
B_SPLINE_SURFACE_WITH_KNOTS((2,2),(3,3),(1.49058861656889,1.49975047790074),
(-0.605717696267087,0.605717696267815),.UNSPECIFIED.)
GEOMETRIC_REPRESENTATION_ITEM()
RATIONAL_B_SPLINE_SURFACE(((1.,0.822093687417781,1.),(1.,0.822093687417781,
1.)))
REPRESENTATION_ITEM('')
SURFACE()
);
#21=(
BOUNDED_SURFACE()
B_SPLINE_SURFACE(1,2,((#4572,#4573,#4574),(#4575,#4576,#4577)),
 .UNSPECIFIED.,.F.,.F.,.F.)
B_SPLINE_SURFACE_WITH_KNOTS((2,2),(3,3),(0.202264415355371,0.333333328366277),
(-2.73802791043421,-1.84884507739845),.UNSPECIFIED.)
GEOMETRIC_REPRESENTATION_ITEM()
RATIONAL_B_SPLINE_SURFACE(((1.,0.902786468029758,1.),(1.,0.902786468029758,
1.)))
REPRESENTATION_ITEM('')
SURFACE()
);
#22=(
BOUNDED_SURFACE()
B_SPLINE_SURFACE(1,2,((#4582,#4583,#4584),(#4585,#4586,#4587)),
 .UNSPECIFIED.,.F.,.F.,.F.)
B_SPLINE_SURFACE_WITH_KNOTS((2,2),(3,3),(0.213446143995462,0.333333333333355),
(1.29274757619095,2.15000000276071),.UNSPECIFIED.)
GEOMETRIC_REPRESENTATION_ITEM()
RATIONAL_B_SPLINE_SURFACE(((1.,0.909537583324223,1.),(1.,0.909537583324223,
1.)))
REPRESENTATION_ITEM('')
SURFACE()
);
#23=(
BOUNDED_SURFACE()
B_SPLINE_SURFACE(1,2,((#4590,#4591,#4592),(#4593,#4594,#4595)),
 .UNSPECIFIED.,.F.,.F.,.F.)
B_SPLINE_SURFACE_WITH_KNOTS((2,2),(3,3),(-0.209598442323156,0.166666664183146),
(1.84884507739845,2.73802791043421),.UNSPECIFIED.)
GEOMETRIC_REPRESENTATION_ITEM()
RATIONAL_B_SPLINE_SURFACE(((1.,0.902786468029759,1.),(1.,0.902786468029759,
1.)))
REPRESENTATION_ITEM('')
SURFACE()
);
#24=(
BOUNDED_SURFACE()
B_SPLINE_SURFACE(1,2,((#4599,#4600,#4601),(#4602,#4603,#4604)),
 .UNSPECIFIED.,.F.,.F.,.F.)
B_SPLINE_SURFACE_WITH_KNOTS((2,2),(3,3),(-0.216064802505179,0.166666666666673),
(-2.15000000276071,-1.29274757619095),.UNSPECIFIED.)
GEOMETRIC_REPRESENTATION_ITEM()
RATIONAL_B_SPLINE_SURFACE(((1.,0.909537583324223,1.),(1.,0.909537583324223,
1.)))
REPRESENTATION_ITEM('')
SURFACE()
);
#25=FACE_BOUND('',#350,.T.);
#26=FACE_BOUND('',#351,.T.);
#27=FACE_BOUND('',#352,.T.);
#28=FACE_BOUND('',#367,.T.);
#29=FACE_BOUND('',#395,.T.);
#30=FACE_BOUND('',#397,.T.);
#31=FACE_BOUND('',#404,.T.);
#32=FACE_BOUND('',#405,.T.);
#33=FACE_BOUND('',#406,.T.);
#34=FACE_BOUND('',#407,.T.);
#35=TOROIDAL_SURFACE('',#2281,17.5,7.5);
#36=TOROIDAL_SURFACE('',#2287,17.5,7.5);
#37=TOROIDAL_SURFACE('',#2326,19.9999999999965,10.);
#38=CIRCLE('',#2259,3.);
#39=CIRCLE('',#2269,19.8);
#40=CIRCLE('',#2270,19.8);
#41=CIRCLE('',#2273,1.5);
#42=CIRCLE('',#2275,1.5);
#43=CIRCLE('',#2277,1.5);
#44=CIRCLE('',#2279,1.5);
#45=CIRCLE('',#2280,7.5);
#46=CIRCLE('',#2282,7.5);
#47=CIRCLE('',#2283,17.5);
#48=CIRCLE('',#2284,10.);
#49=CIRCLE('',#2286,7.5);
#50=CIRCLE('',#2288,7.49999999999999);
#51=CIRCLE('',#2289,17.5);
#52=CIRCLE('',#2290,10.);
#53=CIRCLE('',#2292,10.);
#54=CIRCLE('',#2294,1.49999999999999);
#55=CIRCLE('',#2295,10.);
#56=CIRCLE('',#2296,10.);
#57=CIRCLE('',#2297,1.49999999999999);
#58=CIRCLE('',#2298,1.49999999999999);
#59=CIRCLE('',#2299,1.5);
#60=CIRCLE('',#2301,10.);
#61=CIRCLE('',#2302,10.);
#62=CIRCLE('',#2303,20.);
#63=CIRCLE('',#2305,10.);
#64=CIRCLE('',#2306,20.);
#65=CIRCLE('',#2309,20.);
#66=CIRCLE('',#2312,20.);
#67=CIRCLE('',#2315,5.);
#68=CIRCLE('',#2317,5.);
#69=CIRCLE('',#2318,7.5);
#70=CIRCLE('',#2319,7.5);
#71=CIRCLE('',#2322,7.5);
#72=CIRCLE('',#2324,7.5);
#73=CIRCLE('',#2327,9.99999999999653);
#74=CIRCLE('',#2328,10.);
#75=CIRCLE('',#2329,19.9999999999965);
#76=CIRCLE('',#2330,19.9999999999965);
#77=CIRCLE('',#2331,9.99999999999653);
#78=CIRCLE('',#2334,9.99999999999653);
#79=CIRCLE('',#2339,3.);
#80=CIRCLE('',#2361,12.);
#81=CIRCLE('',#2362,12.0000001788139);
#82=CIRCLE('',#2363,12.000000178814);
#83=CIRCLE('',#2364,12.0000000000001);
#84=CIRCLE('',#2366,1.75000000000001);
#85=CIRCLE('',#2368,1.75000000000001);
#86=CIRCLE('',#2369,0.999999999999996);
#87=CIRCLE('',#2389,12.0000000000001);
#88=CIRCLE('',#2393,12.000000178814);
#89=CYLINDRICAL_SURFACE('',#2238,4.25);
#90=CYLINDRICAL_SURFACE('',#2240,4.25);
#91=CYLINDRICAL_SURFACE('',#2242,4.25);
#92=CYLINDRICAL_SURFACE('',#2246,4.25);
#93=CYLINDRICAL_SURFACE('',#2268,19.8);
#94=CYLINDRICAL_SURFACE('',#2285,7.5);
#95=CYLINDRICAL_SURFACE('',#2291,10.);
#96=CYLINDRICAL_SURFACE('',#2300,10.);
#97=CYLINDRICAL_SURFACE('',#2304,10.);
#98=CYLINDRICAL_SURFACE('',#2308,20.);
#99=CYLINDRICAL_SURFACE('',#2311,20.);
#100=CYLINDRICAL_SURFACE('',#2314,5.);
#101=CYLINDRICAL_SURFACE('',#2320,5.);
#102=CYLINDRICAL_SURFACE('',#2321,7.5);
#103=CYLINDRICAL_SURFACE('',#2325,7.5);
#104=CYLINDRICAL_SURFACE('',#2333,9.99999999999653);
#105=CYLINDRICAL_SURFACE('',#2338,3.);
#106=CYLINDRICAL_SURFACE('',#2355,1.5);
#107=CYLINDRICAL_SURFACE('',#2356,1.49999999999999);
#108=CYLINDRICAL_SURFACE('',#2357,1.49999999999999);
#109=CYLINDRICAL_SURFACE('',#2358,1.49999999999999);
#110=CYLINDRICAL_SURFACE('',#2385,1.75000000000001);
#111=CYLINDRICAL_SURFACE('',#2386,1.75000000000001);
#112=CYLINDRICAL_SURFACE('',#2388,12.);
#113=CYLINDRICAL_SURFACE('',#2392,12.0000001788139);
#114=CYLINDRICAL_SURFACE('',#2394,0.999999999999996);
#115=ELLIPSE('',#2236,4.44133612988815,4.25);
#116=ELLIPSE('',#2243,4.44133612988815,4.25);
#117=ELLIPSE('',#2244,4.44133612988814,4.25);
#118=ELLIPSE('',#2247,4.44133612988814,4.25);
#119=ELLIPSE('',#2348,12.0000000000001,11.9990027773279);
#120=ELLIPSE('',#2349,12.000000178814,11.999002956127);
#121=ELLIPSE('',#2351,12.000000178814,11.999002956127);
#122=ELLIPSE('',#2352,12.0000000000001,11.9990027773279);
#123=ELLIPSE('',#2353,12.0009974843789,12.0000001788139);
#124=ELLIPSE('',#2354,12.0009973055501,12.);
#125=ELLIPSE('',#2365,1.00016622449876,1.);
#126=ELLIPSE('',#2367,1.00016622449876,0.999999999999996);
#127=ELLIPSE('',#2370,1.00016622449876,0.999999999999996);
#128=ELLIPSE('',#2371,1.00016622449876,0.999999999999999);
#129=ELLIPSE('',#2372,1.00008310879584,0.999999999999999);
#130=ELLIPSE('',#2373,1.00008310879585,1.);
#131=ELLIPSE('',#2376,1.00008310879584,0.999999999999996);
#132=ELLIPSE('',#2378,1.00008310879584,0.999999999999996);
#133=ELLIPSE('',#2380,1.00024934710932,0.999999999999996);
#134=ELLIPSE('',#2383,1.75014544039274,1.75000000000001);
#135=ELLIPSE('',#2384,1.75014544039274,1.75000000000001);
#136=B_SPLINE_SURFACE_WITH_KNOTS('',3,1,((#2932,#2933),(#2934,#2935),(#2936,
#2937),(#2938,#2939),(#2940,#2941),(#2942,#2943),(#2944,#2945)),
 .UNSPECIFIED.,.F.,.F.,.F.,(4,3,4),(2,2),(-1.01209262236545,-0.633110460631002,
0.),(0.,2.),.UNSPECIFIED.);
#137=B_SPLINE_SURFACE_WITH_KNOTS('',3,1,((#2970,#2971),(#2972,#2973),(#2974,
#2975),(#2976,#2977),(#2978,#2979),(#2980,#2981),(#2982,#2983)),
 .UNSPECIFIED.,.F.,.F.,.F.,(4,3,4),(2,2),(-3.14159265358979,-2.56421451148211,
-2.56419792733254),(0.,2.),.UNSPECIFIED.);
#138=B_SPLINE_SURFACE_WITH_KNOTS('',3,1,((#3008,#3009),(#3010,#3011),(#3012,
#3013),(#3014,#3015),(#3016,#3017),(#3018,#3019),(#3020,#3021)),
 .UNSPECIFIED.,.F.,.F.,.F.,(4,3,4),(2,2),(-2.56419792733158,-1.92729467068075,
-1.2927475807099),(0.,2.),.UNSPECIFIED.);
#139=B_SPLINE_SURFACE_WITH_KNOTS('',3,1,((#3040,#3041),(#3042,#3043),(#3044,
#3045),(#3046,#3047),(#3048,#3049),(#3050,#3051),(#3052,#3053)),
 .UNSPECIFIED.,.F.,.F.,.F.,(4,3,4),(2,2),(3.5451087055203,3.78796644168546,
4.43434022978113),(0.,2.),.UNSPECIFIED.);
#140=B_SPLINE_SURFACE_WITH_KNOTS('',3,1,((#3069,#3070),(#3071,#3072),(#3073,
#3074),(#3075,#3076),(#3077,#3078),(#3079,#3080),(#3081,#3082)),
 .UNSPECIFIED.,.F.,.F.,.F.,(4,3,4),(2,2),(1.2927475799453,1.92729467029774,
2.14960055845849),(0.,2.),.UNSPECIFIED.);
#141=B_SPLINE_SURFACE_WITH_KNOTS('',3,1,((#3097,#3098),(#3099,#3100),(#3101,
#3102),(#3103,#3104),(#3105,#3106),(#3107,#3108),(#3109,#3110),(#3111,#3112),
(#3113,#3114),(#3115,#3116)),.UNSPECIFIED.,.F.,.F.,.F.,(4,3,3,4),(2,2),
(-1.84884507739845,-1.21429798473802,-0.577378144990199,0.),(0.,2.),
 .UNSPECIFIED.);
#142=B_SPLINE_SURFACE_WITH_KNOTS('',3,1,((#3151,#3152),(#3153,#3154),(#3155,
#3156),(#3157,#3158),(#3159,#3160),(#3161,#3162),(#3163,#3164),(#3165,#3166),
(#3167,#3168),(#3169,#3170)),.UNSPECIFIED.,.F.,.F.,.F.,(4,3,3,4),(2,2),
(0.,0.577378144990199,1.21429798473802,1.84884507739845),(0.,2.),
 .UNSPECIFIED.);
#143=B_SPLINE_SURFACE_WITH_KNOTS('',3,1,((#3187,#3188),(#3189,#3190),(#3191,
#3192),(#3193,#3194),(#3195,#3196),(#3197,#3198),(#3199,#3200),(#3201,#3202),
(#3203,#3204),(#3205,#3206)),.UNSPECIFIED.,.F.,.F.,.F.,(4,3,3,4),(2,2),
(0.,0.577378144990199,1.21429798473802,1.84884507739845),(0.,2.),
 .UNSPECIFIED.);
#144=B_SPLINE_SURFACE_WITH_KNOTS('',3,1,((#3309,#3310),(#3311,#3312),(#3313,
#3314),(#3315,#3316),(#3317,#3318),(#3319,#3320),(#3321,#3322)),
 .UNSPECIFIED.,.F.,.F.,.F.,(4,3,4),(2,2),(-4.43434022978113,-3.78796644168546,
-3.14159265358979),(0.,2.),.UNSPECIFIED.);
#145=B_SPLINE_SURFACE_WITH_KNOTS('',3,1,((#3576,#3577),(#3578,#3579),(#3580,
#3581),(#3582,#3583),(#3584,#3585),(#3586,#3587),(#3588,#3589)),
 .UNSPECIFIED.,.F.,.F.,.F.,(4,3,4),(2,2),(0.,0.633110460631002,1.01209262236545),
(0.,0.1),.UNSPECIFIED.);
#146=B_SPLINE_SURFACE_WITH_KNOTS('',3,1,((#3601,#3602),(#3603,#3604),(#3605,
#3606),(#3607,#3608),(#3609,#3610),(#3611,#3612),(#3613,#3614)),
 .UNSPECIFIED.,.F.,.F.,.F.,(4,3,4),(2,2),(2.56419792733254,2.56421451148211,
3.14159265358979),(0.,0.1),.UNSPECIFIED.);
#147=B_SPLINE_SURFACE_WITH_KNOTS('',3,1,((#3626,#3627),(#3628,#3629),(#3630,
#3631),(#3632,#3633),(#3634,#3635),(#3636,#3637),(#3638,#3639)),
 .UNSPECIFIED.,.F.,.F.,.F.,(4,3,4),(2,2),(1.2927475807099,1.92729467029774,
2.56419792733158),(0.,0.1),.UNSPECIFIED.);
#148=B_SPLINE_SURFACE_WITH_KNOTS('',3,1,((#3653,#3654),(#3655,#3656),(#3657,
#3658),(#3659,#3660),(#3661,#3662),(#3663,#3664),(#3665,#3666)),
 .UNSPECIFIED.,.F.,.F.,.F.,(4,3,4),(2,2),(3.14159265358979,3.78796644168546,
4.43434022978113),(0.,0.1),.UNSPECIFIED.);
#149=B_SPLINE_SURFACE_WITH_KNOTS('',3,1,((#3680,#3681),(#3682,#3683),(#3684,
#3685),(#3686,#3687),(#3688,#3689),(#3690,#3691),(#3692,#3693),(#3694,#3695),
(#3696,#3697),(#3698,#3699)),.UNSPECIFIED.,.F.,.F.,.F.,(4,3,3,4),(2,2),
(-1.84884507739845,-1.21429798473802,-0.577378144990199,0.),(0.,0.1),
 .UNSPECIFIED.);
#150=B_SPLINE_SURFACE_WITH_KNOTS('',3,3,((#3780,#3781,#3782,#3783,#3784,
#3785,#3786,#3787,#3788),(#3789,#3790,#3791,#3792,#3793,#3794,#3795,#3796,
#3797),(#3798,#3799,#3800,#3801,#3802,#3803,#3804,#3805,#3806),(#3807,#3808,
#3809,#3810,#3811,#3812,#3813,#3814,#3815),(#3816,#3817,#3818,#3819,#3820,
#3821,#3822,#3823,#3824),(#3825,#3826,#3827,#3828,#3829,#3830,#3831,#3832,
#3833)),.UNSPECIFIED.,.F.,.F.,.F.,(4,1,1,4),(4,1,1,1,1,1,4),(0.,0.285714285714286,
0.571428571428571,1.),(0.851465715929917,1.18860194875094,1.35717006516145,
1.86287441439297,2.53714688003501,2.87428311285603,3.21141934567705),
 .UNSPECIFIED.);
#151=B_SPLINE_SURFACE_WITH_KNOTS('',3,3,((#3915,#3916,#3917,#3918,#3919,
#3920,#3921,#3922),(#3923,#3924,#3925,#3926,#3927,#3928,#3929,#3930),(#3931,
#3932,#3933,#3934,#3935,#3936,#3937,#3938),(#3939,#3940,#3941,#3942,#3943,
#3944,#3945,#3946),(#3947,#3948,#3949,#3950,#3951,#3952,#3953,#3954),(#3955,
#3956,#3957,#3958,#3959,#3960,#3961,#3962)),.UNSPECIFIED.,.F.,.F.,.F.,(4,
1,1,4),(4,1,1,1,1,4),(0.,0.285714285714286,0.571428571428571,1.),(0.851527420347125,
1.18867178207073,1.52581614379434,2.20010486724156,2.87439359068877,3.21153795241238),
 .UNSPECIFIED.);
#152=B_SPLINE_SURFACE_WITH_KNOTS('',3,1,((#4129,#4130),(#4131,#4132),(#4133,
#4134),(#4135,#4136)),.UNSPECIFIED.,.F.,.F.,.F.,(4,4),(2,2),(3.14159265358979,
3.54513407939268),(-2.,0.800000000000042),.UNSPECIFIED.);
#153=B_SPLINE_SURFACE_WITH_KNOTS('',3,1,((#4149,#4150),(#4151,#4152),(#4153,
#4154),(#4155,#4156),(#4157,#4158),(#4159,#4160),(#4161,#4162),(#4163,#4164),
(#4165,#4166),(#4167,#4168)),.UNSPECIFIED.,.F.,.F.,.F.,(4,3,3,4),(2,2),
(-1.84884507739845,-1.21429798473802,-0.577378144990199,0.),(-2.,0.800000000000042),
 .UNSPECIFIED.);
#154=B_SPLINE_SURFACE_WITH_KNOTS('',3,1,((#4201,#4202),(#4203,#4204),(#4205,
#4206),(#4207,#4208),(#4209,#4210),(#4211,#4212),(#4213,#4214)),
 .UNSPECIFIED.,.F.,.F.,.F.,(4,3,4),(2,2),(0.,0.633110460631002,1.09471692172004),
(-2.,0.80000000000007),.UNSPECIFIED.);
#155=B_SPLINE_SURFACE_WITH_KNOTS('',3,1,((#4240,#4241),(#4242,#4243),(#4244,
#4245),(#4246,#4247)),.UNSPECIFIED.,.F.,.F.,.F.,(4,4),(2,2),(2.14801692534116,
2.14960055845849),(0.,1.4),.UNSPECIFIED.);
#156=B_SPLINE_SURFACE_WITH_KNOTS('',3,1,((#4262,#4263),(#4264,#4265),(#4266,
#4267),(#4268,#4269)),.UNSPECIFIED.,.F.,.F.,.F.,(4,4),(2,2),(-2.56419792733158,
-2.14739635341462),(0.,1.4),.UNSPECIFIED.);
#157=B_SPLINE_SURFACE_WITH_KNOTS('',3,1,((#4276,#4277),(#4278,#4279),(#4280,
#4281),(#4282,#4283),(#4284,#4285),(#4286,#4287),(#4288,#4289)),
 .UNSPECIFIED.,.F.,.F.,.F.,(4,3,4),(2,2),(-3.14159265358979,-2.56421451148211,
-2.56419792733254),(0.,1.4),.UNSPECIFIED.);
#158=B_SPLINE_SURFACE_WITH_KNOTS('',3,1,((#4303,#4304),(#4305,#4306),(#4307,
#4308),(#4309,#4310),(#4311,#4312),(#4313,#4314),(#4315,#4316)),
 .UNSPECIFIED.,.F.,.F.,.F.,(4,3,4),(2,2),(-1.01209262236545,-0.633110460631002,
0.),(0.,1.4),.UNSPECIFIED.);
#159=B_SPLINE_SURFACE_WITH_KNOTS('',3,1,((#4324,#4325),(#4326,#4327),(#4328,
#4329),(#4330,#4331),(#4332,#4333),(#4334,#4335),(#4336,#4337),(#4338,#4339),
(#4340,#4341),(#4342,#4343)),.UNSPECIFIED.,.F.,.F.,.F.,(4,3,3,4),(2,2),
(0.,0.577378144990199,1.21429798473802,1.84884507739845),(0.,1.4),
 .UNSPECIFIED.);
#160=B_SPLINE_SURFACE_WITH_KNOTS('',3,1,((#4360,#4361),(#4362,#4363),(#4364,
#4365),(#4366,#4367)),.UNSPECIFIED.,.F.,.F.,.F.,(4,4),(2,2),(-3.54527906654628,
-3.14159265358979),(0.,1.4),.UNSPECIFIED.);
#161=B_SPLINE_SURFACE_WITH_KNOTS('',3,1,((#4378,#4379),(#4380,#4381),(#4382,
#4383),(#4384,#4385)),.UNSPECIFIED.,.F.,.F.,.F.,(4,4),(2,2),(2.56421451148211,
3.14159265358979),(-2.,0.800000000000084),.UNSPECIFIED.);
#162=B_SPLINE_SURFACE_WITH_KNOTS('',3,1,((#4392,#4393),(#4394,#4395),(#4396,
#4397),(#4398,#4399)),.UNSPECIFIED.,.F.,.F.,.F.,(4,4),(2,2),(2.1495735053765,
2.5642145111724),(-2.,0.800000000000022),.UNSPECIFIED.);
#163=FACE_OUTER_BOUND('',#293,.T.);
#164=FACE_OUTER_BOUND('',#294,.T.);
#165=FACE_OUTER_BOUND('',#295,.T.);
#166=FACE_OUTER_BOUND('',#296,.T.);
#167=FACE_OUTER_BOUND('',#297,.T.);
#168=FACE_OUTER_BOUND('',#298,.T.);
#169=FACE_OUTER_BOUND('',#299,.T.);
#170=FACE_OUTER_BOUND('',#300,.T.);
#171=FACE_OUTER_BOUND('',#301,.T.);
#172=FACE_OUTER_BOUND('',#302,.T.);
#173=FACE_OUTER_BOUND('',#303,.T.);
#174=FACE_OUTER_BOUND('',#304,.T.);
#175=FACE_OUTER_BOUND('',#305,.T.);
#176=FACE_OUTER_BOUND('',#306,.T.);
#177=FACE_OUTER_BOUND('',#307,.T.);
#178=FACE_OUTER_BOUND('',#308,.T.);
#179=FACE_OUTER_BOUND('',#309,.T.);
#180=FACE_OUTER_BOUND('',#310,.T.);
#181=FACE_OUTER_BOUND('',#311,.T.);
#182=FACE_OUTER_BOUND('',#312,.T.);
#183=FACE_OUTER_BOUND('',#313,.T.);
#184=FACE_OUTER_BOUND('',#314,.T.);
#185=FACE_OUTER_BOUND('',#315,.T.);
#186=FACE_OUTER_BOUND('',#316,.T.);
#187=FACE_OUTER_BOUND('',#317,.T.);
#188=FACE_OUTER_BOUND('',#318,.T.);
#189=FACE_OUTER_BOUND('',#319,.T.);
#190=FACE_OUTER_BOUND('',#320,.T.);
#191=FACE_OUTER_BOUND('',#321,.T.);
#192=FACE_OUTER_BOUND('',#322,.T.);
#193=FACE_OUTER_BOUND('',#323,.T.);
#194=FACE_OUTER_BOUND('',#324,.T.);
#195=FACE_OUTER_BOUND('',#325,.T.);
#196=FACE_OUTER_BOUND('',#326,.T.);
#197=FACE_OUTER_BOUND('',#327,.T.);
#198=FACE_OUTER_BOUND('',#328,.T.);
#199=FACE_OUTER_BOUND('',#329,.T.);
#200=FACE_OUTER_BOUND('',#330,.T.);
#201=FACE_OUTER_BOUND('',#331,.T.);
#202=FACE_OUTER_BOUND('',#332,.T.);
#203=FACE_OUTER_BOUND('',#333,.T.);
#204=FACE_OUTER_BOUND('',#334,.T.);
#205=FACE_OUTER_BOUND('',#335,.T.);
#206=FACE_OUTER_BOUND('',#336,.T.);
#207=FACE_OUTER_BOUND('',#337,.T.);
#208=FACE_OUTER_BOUND('',#338,.T.);
#209=FACE_OUTER_BOUND('',#339,.T.);
#210=FACE_OUTER_BOUND('',#340,.T.);
#211=FACE_OUTER_BOUND('',#341,.T.);
#212=FACE_OUTER_BOUND('',#342,.T.);
#213=FACE_OUTER_BOUND('',#343,.T.);
#214=FACE_OUTER_BOUND('',#344,.T.);
#215=FACE_OUTER_BOUND('',#345,.T.);
#216=FACE_OUTER_BOUND('',#346,.T.);
#217=FACE_OUTER_BOUND('',#347,.T.);
#218=FACE_OUTER_BOUND('',#348,.T.);
#219=FACE_OUTER_BOUND('',#349,.T.);
#220=FACE_OUTER_BOUND('',#353,.T.);
#221=FACE_OUTER_BOUND('',#354,.T.);
#222=FACE_OUTER_BOUND('',#355,.T.);
#223=FACE_OUTER_BOUND('',#356,.T.);
#224=FACE_OUTER_BOUND('',#357,.T.);
#225=FACE_OUTER_BOUND('',#358,.T.);
#226=FACE_OUTER_BOUND('',#359,.T.);
#227=FACE_OUTER_BOUND('',#360,.T.);
#228=FACE_OUTER_BOUND('',#361,.T.);
#229=FACE_OUTER_BOUND('',#362,.T.);
#230=FACE_OUTER_BOUND('',#363,.T.);
#231=FACE_OUTER_BOUND('',#364,.T.);
#232=FACE_OUTER_BOUND('',#365,.T.);
#233=FACE_OUTER_BOUND('',#366,.T.);
#234=FACE_OUTER_BOUND('',#368,.T.);
#235=FACE_OUTER_BOUND('',#369,.T.);
#236=FACE_OUTER_BOUND('',#370,.T.);
#237=FACE_OUTER_BOUND('',#371,.T.);
#238=FACE_OUTER_BOUND('',#372,.T.);
#239=FACE_OUTER_BOUND('',#373,.T.);
#240=FACE_OUTER_BOUND('',#374,.T.);
#241=FACE_OUTER_BOUND('',#375,.T.);
#242=FACE_OUTER_BOUND('',#376,.T.);
#243=FACE_OUTER_BOUND('',#377,.T.);
#244=FACE_OUTER_BOUND('',#378,.T.);
#245=FACE_OUTER_BOUND('',#379,.T.);
#246=FACE_OUTER_BOUND('',#380,.T.);
#247=FACE_OUTER_BOUND('',#381,.T.);
#248=FACE_OUTER_BOUND('',#382,.T.);
#249=FACE_OUTER_BOUND('',#383,.T.);
#250=FACE_OUTER_BOUND('',#384,.T.);
#251=FACE_OUTER_BOUND('',#385,.T.);
#252=FACE_OUTER_BOUND('',#386,.T.);
#253=FACE_OUTER_BOUND('',#387,.T.);
#254=FACE_OUTER_BOUND('',#388,.T.);
#255=FACE_OUTER_BOUND('',#389,.T.);
#256=FACE_OUTER_BOUND('',#390,.T.);
#257=FACE_OUTER_BOUND('',#391,.T.);
#258=FACE_OUTER_BOUND('',#392,.T.);
#259=FACE_OUTER_BOUND('',#393,.T.);
#260=FACE_OUTER_BOUND('',#394,.T.);
#261=FACE_OUTER_BOUND('',#396,.T.);
#262=FACE_OUTER_BOUND('',#398,.T.);
#263=FACE_OUTER_BOUND('',#399,.T.);
#264=FACE_OUTER_BOUND('',#400,.T.);
#265=FACE_OUTER_BOUND('',#401,.T.);
#266=FACE_OUTER_BOUND('',#402,.T.);
#267=FACE_OUTER_BOUND('',#403,.T.);
#268=FACE_OUTER_BOUND('',#408,.T.);
#269=FACE_OUTER_BOUND('',#409,.T.);
#270=FACE_OUTER_BOUND('',#410,.T.);
#271=FACE_OUTER_BOUND('',#411,.T.);
#272=FACE_OUTER_BOUND('',#412,.T.);
#273=FACE_OUTER_BOUND('',#413,.T.);
#274=FACE_OUTER_BOUND('',#414,.T.);
#275=FACE_OUTER_BOUND('',#415,.T.);
#276=FACE_OUTER_BOUND('',#416,.T.);
#277=FACE_OUTER_BOUND('',#417,.T.);
#278=FACE_OUTER_BOUND('',#418,.T.);
#279=FACE_OUTER_BOUND('',#419,.T.);
#280=FACE_OUTER_BOUND('',#420,.T.);
#281=FACE_OUTER_BOUND('',#421,.T.);
#282=FACE_OUTER_BOUND('',#422,.T.);
#283=FACE_OUTER_BOUND('',#423,.T.);
#284=FACE_OUTER_BOUND('',#424,.T.);
#285=FACE_OUTER_BOUND('',#425,.T.);
#286=FACE_OUTER_BOUND('',#426,.T.);
#287=FACE_OUTER_BOUND('',#427,.T.);
#288=FACE_OUTER_BOUND('',#428,.T.);
#289=FACE_OUTER_BOUND('',#429,.T.);
#290=FACE_OUTER_BOUND('',#430,.T.);
#291=FACE_OUTER_BOUND('',#431,.T.);
#292=FACE_OUTER_BOUND('',#432,.T.);
#293=EDGE_LOOP('',(#1373,#1374,#1375,#1376,#1377,#1378,#1379,#1380,#1381));
#294=EDGE_LOOP('',(#1382,#1383,#1384,#1385,#1386,#1387));
#295=EDGE_LOOP('',(#1388,#1389,#1390,#1391,#1392,#1393));
#296=EDGE_LOOP('',(#1394,#1395,#1396,#1397,#1398,#1399));
#297=EDGE_LOOP('',(#1400,#1401,#1402,#1403));
#298=EDGE_LOOP('',(#1404,#1405,#1406,#1407));
#299=EDGE_LOOP('',(#1408,#1409,#1410,#1411,#1412));
#300=EDGE_LOOP('',(#1413,#1414,#1415));
#301=EDGE_LOOP('',(#1416,#1417,#1418,#1419));
#302=EDGE_LOOP('',(#1420,#1421,#1422,#1423));
#303=EDGE_LOOP('',(#1424,#1425,#1426));
#304=EDGE_LOOP('',(#1427,#1428,#1429,#1430,#1431,#1432,#1433,#1434,#1435,
#1436,#1437,#1438,#1439));
#305=EDGE_LOOP('',(#1440,#1441,#1442,#1443,#1444,#1445,#1446,#1447,#1448,
#1449));
#306=EDGE_LOOP('',(#1450,#1451,#1452,#1453));
#307=EDGE_LOOP('',(#1454,#1455,#1456,#1457));
#308=EDGE_LOOP('',(#1458,#1459,#1460,#1461));
#309=EDGE_LOOP('',(#1462,#1463,#1464,#1465));
#310=EDGE_LOOP('',(#1466,#1467,#1468,#1469,#1470,#1471,#1472,#1473));
#311=EDGE_LOOP('',(#1474,#1475,#1476,#1477));
#312=EDGE_LOOP('',(#1478,#1479,#1480,#1481,#1482,#1483,#1484,#1485));
#313=EDGE_LOOP('',(#1486,#1487));
#314=EDGE_LOOP('',(#1488,#1489));
#315=EDGE_LOOP('',(#1490,#1491));
#316=EDGE_LOOP('',(#1492,#1493));
#317=EDGE_LOOP('',(#1494,#1495));
#318=EDGE_LOOP('',(#1496,#1497));
#319=EDGE_LOOP('',(#1498,#1499));
#320=EDGE_LOOP('',(#1500,#1501,#1502,#1503,#1504,#1505,#1506,#1507,#1508,
#1509,#1510,#1511,#1512,#1513,#1514,#1515,#1516,#1517,#1518,#1519));
#321=EDGE_LOOP('',(#1520,#1521,#1522,#1523,#1524));
#322=EDGE_LOOP('',(#1525,#1526,#1527,#1528,#1529));
#323=EDGE_LOOP('',(#1530,#1531,#1532,#1533,#1534));
#324=EDGE_LOOP('',(#1535,#1536,#1537,#1538,#1539,#1540));
#325=EDGE_LOOP('',(#1541,#1542,#1543,#1544,#1545));
#326=EDGE_LOOP('',(#1546,#1547,#1548,#1549,#1550,#1551));
#327=EDGE_LOOP('',(#1552,#1553,#1554,#1555,#1556,#1557));
#328=EDGE_LOOP('',(#1558,#1559,#1560,#1561,#1562,#1563,#1564,#1565,#1566,
#1567));
#329=EDGE_LOOP('',(#1568,#1569));
#330=EDGE_LOOP('',(#1570,#1571,#1572));
#331=EDGE_LOOP('',(#1573,#1574));
#332=EDGE_LOOP('',(#1575,#1576));
#333=EDGE_LOOP('',(#1577,#1578));
#334=EDGE_LOOP('',(#1579,#1580));
#335=EDGE_LOOP('',(#1581,#1582));
#336=EDGE_LOOP('',(#1583,#1584,#1585));
#337=EDGE_LOOP('',(#1586,#1587,#1588,#1589));
#338=EDGE_LOOP('',(#1590));
#339=EDGE_LOOP('',(#1591));
#340=EDGE_LOOP('',(#1592));
#341=EDGE_LOOP('',(#1593));
#342=EDGE_LOOP('',(#1594));
#343=EDGE_LOOP('',(#1595,#1596,#1597,#1598));
#344=EDGE_LOOP('',(#1599,#1600,#1601,#1602));
#345=EDGE_LOOP('',(#1603,#1604,#1605,#1606,#1607,#1608,#1609));
#346=EDGE_LOOP('',(#1610,#1611,#1612,#1613));
#347=EDGE_LOOP('',(#1614,#1615,#1616,#1617));
#348=EDGE_LOOP('',(#1618,#1619,#1620,#1621,#1622));
#349=EDGE_LOOP('',(#1623,#1624,#1625,#1626,#1627,#1628,#1629,#1630));
#350=EDGE_LOOP('',(#1631));
#351=EDGE_LOOP('',(#1632));
#352=EDGE_LOOP('',(#1633));
#353=EDGE_LOOP('',(#1634,#1635,#1636,#1637,#1638));
#354=EDGE_LOOP('',(#1639,#1640,#1641,#1642));
#355=EDGE_LOOP('',(#1643,#1644,#1645,#1646));
#356=EDGE_LOOP('',(#1647,#1648,#1649,#1650));
#357=EDGE_LOOP('',(#1651,#1652,#1653,#1654,#1655));
#358=EDGE_LOOP('',(#1656,#1657,#1658,#1659));
#359=EDGE_LOOP('',(#1660,#1661,#1662,#1663));
#360=EDGE_LOOP('',(#1664,#1665,#1666,#1667));
#361=EDGE_LOOP('',(#1668,#1669,#1670,#1671,#1672));
#362=EDGE_LOOP('',(#1673,#1674,#1675,#1676));
#363=EDGE_LOOP('',(#1677,#1678,#1679,#1680,#1681,#1682,#1683,#1684));
#364=EDGE_LOOP('',(#1685,#1686,#1687,#1688));
#365=EDGE_LOOP('',(#1689,#1690,#1691,#1692,#1693));
#366=EDGE_LOOP('',(#1694,#1695,#1696,#1697,#1698,#1699,#1700,#1701));
#367=EDGE_LOOP('',(#1702));
#368=EDGE_LOOP('',(#1703,#1704,#1705,#1706,#1707));
#369=EDGE_LOOP('',(#1708,#1709,#1710,#1711,#1712,#1713,#1714));
#370=EDGE_LOOP('',(#1715,#1716,#1717,#1718,#1719,#1720,#1721,#1722,#1723));
#371=EDGE_LOOP('',(#1724,#1725,#1726,#1727,#1728));
#372=EDGE_LOOP('',(#1729,#1730,#1731,#1732,#1733,#1734,#1735,#1736,#1737));
#373=EDGE_LOOP('',(#1738,#1739,#1740,#1741));
#374=EDGE_LOOP('',(#1742,#1743,#1744,#1745,#1746,#1747,#1748,#1749,#1750,
#1751,#1752));
#375=EDGE_LOOP('',(#1753,#1754,#1755,#1756));
#376=EDGE_LOOP('',(#1757,#1758,#1759,#1760));
#377=EDGE_LOOP('',(#1761,#1762,#1763,#1764,#1765));
#378=EDGE_LOOP('',(#1766,#1767,#1768,#1769,#1770,#1771));
#379=EDGE_LOOP('',(#1772,#1773,#1774,#1775,#1776,#1777));
#380=EDGE_LOOP('',(#1778,#1779,#1780,#1781,#1782));
#381=EDGE_LOOP('',(#1783,#1784,#1785,#1786,#1787));
#382=EDGE_LOOP('',(#1788,#1789,#1790,#1791));
#383=EDGE_LOOP('',(#1792,#1793,#1794,#1795,#1796));
#384=EDGE_LOOP('',(#1797,#1798,#1799,#1800,#1801,#1802,#1803,#1804));
#385=EDGE_LOOP('',(#1805,#1806,#1807,#1808,#1809));
#386=EDGE_LOOP('',(#1810,#1811,#1812,#1813,#1814,#1815));
#387=EDGE_LOOP('',(#1816,#1817,#1818,#1819,#1820,#1821));
#388=EDGE_LOOP('',(#1822,#1823,#1824,#1825));
#389=EDGE_LOOP('',(#1826,#1827,#1828,#1829));
#390=EDGE_LOOP('',(#1830,#1831,#1832,#1833));
#391=EDGE_LOOP('',(#1834,#1835,#1836,#1837));
#392=EDGE_LOOP('',(#1838,#1839,#1840,#1841,#1842));
#393=EDGE_LOOP('',(#1843,#1844,#1845,#1846,#1847));
#394=EDGE_LOOP('',(#1848,#1849,#1850,#1851,#1852,#1853,#1854,#1855,#1856,
#1857,#1858,#1859,#1860,#1861,#1862,#1863));
#395=EDGE_LOOP('',(#1864));
#396=EDGE_LOOP('',(#1865,#1866,#1867,#1868,#1869,#1870,#1871,#1872,#1873,
#1874,#1875,#1876,#1877,#1878,#1879,#1880,#1881,#1882));
#397=EDGE_LOOP('',(#1883,#1884,#1885,#1886,#1887));
#398=EDGE_LOOP('',(#1888,#1889,#1890,#1891));
#399=EDGE_LOOP('',(#1892,#1893,#1894,#1895));
#400=EDGE_LOOP('',(#1896,#1897,#1898,#1899,#1900,#1901));
#401=EDGE_LOOP('',(#1902,#1903,#1904,#1905));
#402=EDGE_LOOP('',(#1906,#1907,#1908,#1909));
#403=EDGE_LOOP('',(#1910,#1911,#1912,#1913,#1914,#1915,#1916));
#404=EDGE_LOOP('',(#1917,#1918));
#405=EDGE_LOOP('',(#1919,#1920,#1921,#1922,#1923,#1924));
#406=EDGE_LOOP('',(#1925,#1926,#1927,#1928));
#407=EDGE_LOOP('',(#1929,#1930));
#408=EDGE_LOOP('',(#1931,#1932));
#409=EDGE_LOOP('',(#1933,#1934));
#410=EDGE_LOOP('',(#1935,#1936));
#411=EDGE_LOOP('',(#1937,#1938));
#412=EDGE_LOOP('',(#1939,#1940));
#413=EDGE_LOOP('',(#1941,#1942,#1943,#1944));
#414=EDGE_LOOP('',(#1945,#1946,#1947,#1948));
#415=EDGE_LOOP('',(#1949,#1950,#1951,#1952));
#416=EDGE_LOOP('',(#1953,#1954,#1955,#1956));
#417=EDGE_LOOP('',(#1957,#1958,#1959,#1960,#1961,#1962));
#418=EDGE_LOOP('',(#1963,#1964,#1965));
#419=EDGE_LOOP('',(#1966,#1967,#1968));
#420=EDGE_LOOP('',(#1969,#1970,#1971,#1972));
#421=EDGE_LOOP('',(#1973,#1974,#1975,#1976,#1977));
#422=EDGE_LOOP('',(#1978,#1979,#1980,#1981));
#423=EDGE_LOOP('',(#1982,#1983,#1984,#1985));
#424=EDGE_LOOP('',(#1986,#1987,#1988,#1989,#1990));
#425=EDGE_LOOP('',(#1991,#1992));
#426=EDGE_LOOP('',(#1993,#1994,#1995,#1996));
#427=EDGE_LOOP('',(#1997,#1998,#1999,#2000));
#428=EDGE_LOOP('',(#2001,#2002,#2003,#2004));
#429=EDGE_LOOP('',(#2005,#2006,#2007,#2008,#2009,#2010,#2011,#2012));
#430=EDGE_LOOP('',(#2013,#2014,#2015,#2016));
#431=EDGE_LOOP('',(#2017,#2018,#2019,#2020));
#432=EDGE_LOOP('',(#2021,#2022,#2023,#2024));
#433=B_SPLINE_CURVE_WITH_KNOTS('',3,(#2894,#2895,#2896,#2897,#2898,#2899,
#2900),.UNSPECIFIED.,.F.,.F.,(4,3,4),(-2.147396260058,-1.92729467068149,
-1.2927475807099),.UNSPECIFIED.);
#434=B_SPLINE_CURVE_WITH_KNOTS('',3,(#2904,#2905,#2906,#2907,#2908,#2909,
#2910),.UNSPECIFIED.,.F.,.F.,(4,3,4),(-4.43434022978113,-3.78796644168546,
-3.54527951947328),.UNSPECIFIED.);
#435=B_SPLINE_CURVE_WITH_KNOTS('',3,(#2916,#2917,#2918,#2919,#2920,#2921,
#2922),.UNSPECIFIED.,.F.,.F.,(4,3,4),(3.5451087055203,3.78796644168546,
4.43434022978113),.UNSPECIFIED.);
#436=B_SPLINE_CURVE_WITH_KNOTS('',3,(#2925,#2926,#2927,#2928,#2929,#2930,
#2931),.UNSPECIFIED.,.F.,.F.,(4,3,4),(1.2927475799453,1.92729467029774,
2.14801692534116),.UNSPECIFIED.);
#437=B_SPLINE_CURVE_WITH_KNOTS('',3,(#2948,#2949,#2950,#2951),
 .UNSPECIFIED.,.F.,.F.,(4,4),(0.633110460631002,1.01209262236545),
 .UNSPECIFIED.);
#438=B_SPLINE_CURVE_WITH_KNOTS('',3,(#2953,#2954,#2955,#2956),
 .UNSPECIFIED.,.F.,.F.,(4,4),(0.,0.633110460631002),.UNSPECIFIED.);
#439=B_SPLINE_CURVE_WITH_KNOTS('',3,(#2960,#2961,#2962,#2963),
 .UNSPECIFIED.,.F.,.F.,(4,4),(-0.633110460631002,0.),.UNSPECIFIED.);
#440=B_SPLINE_CURVE_WITH_KNOTS('',3,(#2965,#2966,#2967,#2968),
 .UNSPECIFIED.,.F.,.F.,(4,4),(-1.01209262236545,-0.633110460631002),
 .UNSPECIFIED.);
#441=B_SPLINE_CURVE_WITH_KNOTS('',3,(#2986,#2987,#2988,#2989),
 .UNSPECIFIED.,.F.,.F.,(4,4),(2.56421451148211,3.14159265358979),
 .UNSPECIFIED.);
#442=B_SPLINE_CURVE_WITH_KNOTS('',3,(#2991,#2992,#2993,#2994),
 .UNSPECIFIED.,.F.,.F.,(4,4),(-2.56421451148211,-2.56419792733254),
 .UNSPECIFIED.);
#443=B_SPLINE_CURVE_WITH_KNOTS('',3,(#2998,#2999,#3000,#3001),
 .UNSPECIFIED.,.F.,.F.,(4,4),(-2.56421451148211,-2.56419792733254),
 .UNSPECIFIED.);
#444=B_SPLINE_CURVE_WITH_KNOTS('',3,(#3003,#3004,#3005,#3006),
 .UNSPECIFIED.,.F.,.F.,(4,4),(-3.14159265358979,-2.56421451148211),
 .UNSPECIFIED.);
#445=B_SPLINE_CURVE_WITH_KNOTS('',3,(#3024,#3025,#3026,#3027),
 .UNSPECIFIED.,.F.,.F.,(4,4),(1.2927475807099,1.92729467029774),
 .UNSPECIFIED.);
#446=B_SPLINE_CURVE_WITH_KNOTS('',3,(#3029,#3030,#3031,#3032),
 .UNSPECIFIED.,.F.,.F.,(4,4),(-2.56419792733033,-2.147396260058),
 .UNSPECIFIED.);
#447=B_SPLINE_CURVE_WITH_KNOTS('',3,(#3033,#3034,#3035,#3036,#3037,#3038,
#3039),.UNSPECIFIED.,.F.,.F.,(4,3,4),(1.92729467029774,1.93301618205686,
2.56419792733158),.UNSPECIFIED.);
#448=B_SPLINE_CURVE_WITH_KNOTS('',3,(#3056,#3057,#3058,#3059,#3060,#3061,
#3062),.UNSPECIFIED.,.F.,.F.,(4,3,4),(-4.43434022978113,-3.78796644168546,
-3.5451087055203),.UNSPECIFIED.);
#449=B_SPLINE_CURVE_WITH_KNOTS('',3,(#3084,#3085,#3086,#3087,#3088,#3089,
#3090),.UNSPECIFIED.,.F.,.F.,(4,3,4),(-2.14960055845849,-1.92729467029774,
-1.2927475799453),.UNSPECIFIED.);
#450=B_SPLINE_CURVE_WITH_KNOTS('',3,(#3093,#3094,#3095,#3096),
 .UNSPECIFIED.,.F.,.F.,(4,4),(2.14801692534116,2.14960055845849),
 .UNSPECIFIED.);
#451=B_SPLINE_CURVE_WITH_KNOTS('',3,(#3119,#3120,#3121,#3122,#3123,#3124,
#3125,#3126,#3127,#3128,#3129,#3130,#3131,#3132,#3133,#3134),
 .UNSPECIFIED.,.F.,.F.,(4,3,3,3,3,4),(-0.201894783210309,-0.150740671155318,
-0.126094912447494,-0.0781284439869103,-0.0313827400284215,0.),
 .UNSPECIFIED.);
#452=B_SPLINE_CURVE_WITH_KNOTS('',3,(#3136,#3137,#3138,#3139),
 .UNSPECIFIED.,.F.,.F.,(4,4),(0.,0.0926358242096618),.UNSPECIFIED.);
#453=B_SPLINE_CURVE_WITH_KNOTS('',3,(#3173,#3174,#3175,#3176,#3177,#3178,
#3179,#3180),.UNSPECIFIED.,.F.,.F.,(4,2,2,4),(-0.332080463382345,-0.259350800272732,
-0.171310711619701,0.),.UNSPECIFIED.);
#454=B_SPLINE_CURVE_WITH_KNOTS('',3,(#3183,#3184,#3185,#3186),
 .UNSPECIFIED.,.F.,.F.,(4,4),(-0.119514074154259,0.),.UNSPECIFIED.);
#455=B_SPLINE_CURVE_WITH_KNOTS('',3,(#3209,#3210,#3211,#3212,#3213,#3214,
#3215,#3216,#3217,#3218,#3219,#3220,#3221,#3222,#3223,#3224,#3225,#3226,
#3227,#3228,#3229,#3230,#3231,#3232,#3233,#3234,#3235,#3236,#3237,#3238,
#3239),.UNSPECIFIED.,.F.,.F.,(4,3,3,3,3,3,3,3,3,3,4),(-2.18619397440623,
-2.10104601489159,-2.0428084160501,-1.98829486813882,-1.93687265060706,
-1.93378132022754,-1.88525636313283,-1.8376357010993,-1.828824263696,-1.78215951581228,
-1.76308216131229),.UNSPECIFIED.);
#456=B_SPLINE_CURVE_WITH_KNOTS('',3,(#3241,#3242,#3243,#3244),
 .UNSPECIFIED.,.F.,.F.,(4,4),(-0.696979380501009,-0.0506557186705825),
 .UNSPECIFIED.);
#457=B_SPLINE_CURVE_WITH_KNOTS('',3,(#3246,#3247,#3248,#3249,#3250,#3251,
#3252,#3253,#3254,#3255,#3256,#3257,#3258,#3259),.UNSPECIFIED.,.F.,.F.,
(4,2,2,2,2,2,4),(0.513374746551152,0.567464741570738,0.668525173204821,
0.817719793405978,0.989554471406908,1.15227190842738,1.19239891669867),
 .UNSPECIFIED.);
#458=B_SPLINE_CURVE_WITH_KNOTS('',3,(#3261,#3262,#3263,#3264),
 .UNSPECIFIED.,.F.,.F.,(4,4),(-0.121,-0.0500000000000019),.UNSPECIFIED.);
#459=B_SPLINE_CURVE_WITH_KNOTS('',3,(#3266,#3267,#3268,#3269,#3270,#3271,
#3272,#3273,#3274,#3275),.UNSPECIFIED.,.F.,.F.,(4,2,2,2,4),(-0.588051683238186,
-0.450377710220943,-0.293270200314413,-0.116979418158061,0.),
 .UNSPECIFIED.);
#460=B_SPLINE_CURVE_WITH_KNOTS('',3,(#3277,#3278,#3279,#3280),
 .UNSPECIFIED.,.F.,.F.,(4,4),(-0.577378144990199,-0.485534857681663),
 .UNSPECIFIED.);
#461=B_SPLINE_CURVE_WITH_KNOTS('',3,(#3282,#3283,#3284,#3285),
 .UNSPECIFIED.,.F.,.F.,(4,4),(-1.21429798473802,-0.577378144990199),
 .UNSPECIFIED.);
#462=B_SPLINE_CURVE_WITH_KNOTS('',3,(#3287,#3288,#3289,#3290),
 .UNSPECIFIED.,.F.,.F.,(4,4),(-1.84884507739845,-1.21429798473802),
 .UNSPECIFIED.);
#463=B_SPLINE_CURVE_WITH_KNOTS('',3,(#3294,#3295,#3296,#3297),
 .UNSPECIFIED.,.F.,.F.,(4,4),(1.21429798473802,1.84884507739845),
 .UNSPECIFIED.);
#464=B_SPLINE_CURVE_WITH_KNOTS('',3,(#3299,#3300,#3301,#3302),
 .UNSPECIFIED.,.F.,.F.,(4,4),(0.577378144990199,1.21429798473802),
 .UNSPECIFIED.);
#465=B_SPLINE_CURVE_WITH_KNOTS('',3,(#3304,#3305,#3306,#3307),
 .UNSPECIFIED.,.F.,.F.,(4,4),(0.,0.577378144990199),.UNSPECIFIED.);
#466=B_SPLINE_CURVE_WITH_KNOTS('',3,(#3325,#3326,#3327,#3328,#3329,#3330,
#3331,#3332,#3333,#3334,#3335,#3336,#3337,#3338,#3339,#3340,#3341,#3342,
#3343),.UNSPECIFIED.,.F.,.F.,(4,3,3,3,3,3,4),(-0.249424848873982,-0.193978735328804,
-0.143170762028915,-0.128476981100436,-0.0828469482093213,-0.0381259332484753,
0.),.UNSPECIFIED.);
#467=B_SPLINE_CURVE_WITH_KNOTS('',3,(#3345,#3346,#3347,#3348),
 .UNSPECIFIED.,.F.,.F.,(4,4),(-0.121000000000003,-0.0500000000000041),
 .UNSPECIFIED.);
#468=B_SPLINE_CURVE_WITH_KNOTS('',3,(#3350,#3351,#3352,#3353,#3354,#3355,
#3356,#3357,#3358,#3359,#3360,#3361,#3362,#3363,#3364,#3365,#3366,#3367,
#3368),.UNSPECIFIED.,.F.,.F.,(4,3,3,3,3,3,4),(-0.249398763464888,-0.204865562410772,
-0.159492677519577,-0.125607744704003,-0.0752445626175836,-0.020602099812758,
0.),.UNSPECIFIED.);
#469=B_SPLINE_CURVE_WITH_KNOTS('',3,(#3371,#3372,#3373,#3374),
 .UNSPECIFIED.,.F.,.F.,(4,4),(-3.54527951947328,-3.14159265358979),
 .UNSPECIFIED.);
#470=B_SPLINE_CURVE_WITH_KNOTS('',3,(#3378,#3379,#3380,#3381),
 .UNSPECIFIED.,.F.,.F.,(4,4),(3.78796644168546,4.43434022978113),
 .UNSPECIFIED.);
#471=B_SPLINE_CURVE_WITH_KNOTS('',3,(#3383,#3384,#3385,#3386),
 .UNSPECIFIED.,.F.,.F.,(4,4),(3.14159265358979,3.78796644168546),
 .UNSPECIFIED.);
#472=B_SPLINE_CURVE_WITH_KNOTS('',3,(#3391,#3392,#3393,#3394,#3395,#3396,
#3397,#3398,#3399,#3400,#3401,#3402),.UNSPECIFIED.,.F.,.F.,(4,2,2,2,2,4),
(-2.52544504194188,-2.45590707120852,-2.37589382313082,-2.19915773495023,
-2.03411169795186,-1.93426900374827),.UNSPECIFIED.);
#473=B_SPLINE_CURVE_WITH_KNOTS('',3,(#3407,#3408,#3409,#3410),
 .UNSPECIFIED.,.F.,.F.,(4,4),(-0.121000000000001,-0.0499999999999995),
 .UNSPECIFIED.);
#474=B_SPLINE_CURVE_WITH_KNOTS('',3,(#3414,#3415,#3416,#3417,#3418,#3419,
#3420,#3421,#3422,#3423,#3424,#3425,#3426,#3427),.UNSPECIFIED.,.F.,.F.,
(4,2,2,2,2,2,4),(-1.19568268185894,-1.12390281619375,-0.965595238044503,
-0.789365395338761,-0.64458449277174,-0.538142921243237,-0.513011282506331),
 .UNSPECIFIED.);
#475=B_SPLINE_CURVE_WITH_KNOTS('',3,(#3431,#3432,#3433,#3434),
 .UNSPECIFIED.,.F.,.F.,(4,4),(-0.697524277407434,-0.0507074581533009),
 .UNSPECIFIED.);
#476=B_SPLINE_CURVE_WITH_KNOTS('',3,(#3439,#3440,#3441,#3442,#3443,#3444,
#3445,#3446,#3447,#3448,#3449,#3450,#3451,#3452,#3453,#3454,#3455,#3456,
#3457,#3458,#3459,#3460,#3461,#3462,#3463),.UNSPECIFIED.,.F.,.F.,(4,3,3,
3,3,3,3,3,4),(-0.383422555081756,-0.326722498965615,-0.258205830502667,
-0.203171332950673,-0.155228092151094,-0.110226495849126,-0.065659450247595,
-0.0232174683759795,0.),.UNSPECIFIED.);
#477=B_SPLINE_CURVE_WITH_KNOTS('',3,(#3466,#3467,#3468,#3469,#3470,#3471,
#3472,#3473),.UNSPECIFIED.,.F.,.F.,(4,2,2,4),(-0.29328999439483,-0.254662528860256,
-0.145876316740284,0.),.UNSPECIFIED.);
#478=B_SPLINE_CURVE_WITH_KNOTS('',3,(#3478,#3479,#3480,#3481),
 .UNSPECIFIED.,.F.,.F.,(4,4),(-0.121,-0.0499999999999986),.UNSPECIFIED.);
#479=B_SPLINE_CURVE_WITH_KNOTS('',3,(#3484,#3485,#3486,#3487,#3488,#3489,
#3490,#3491,#3492,#3493),.UNSPECIFIED.,.F.,.F.,(4,2,2,2,4),(-0.383464829518343,
-0.335945206819561,-0.281013705443087,-0.168592915375436,0.),
 .UNSPECIFIED.);
#480=B_SPLINE_CURVE_WITH_KNOTS('',3,(#3497,#3498,#3499,#3500),
 .UNSPECIFIED.,.F.,.F.,(4,4),(-3.78796644168546,-3.14159265358979),
 .UNSPECIFIED.);
#481=B_SPLINE_CURVE_WITH_KNOTS('',3,(#3502,#3503,#3504,#3505),
 .UNSPECIFIED.,.F.,.F.,(4,4),(-1.92729467029774,-1.2927475807099),
 .UNSPECIFIED.);
#482=B_SPLINE_CURVE_WITH_KNOTS('',3,(#3507,#3508,#3509,#3510),
 .UNSPECIFIED.,.F.,.F.,(4,4),(-4.43434022978113,-3.78796644168546),
 .UNSPECIFIED.);
#483=B_SPLINE_CURVE_WITH_KNOTS('',3,(#3512,#3513,#3514,#3515),
 .UNSPECIFIED.,.F.,.F.,(4,4),(-3.14159265358979,-2.56421451148211),
 .UNSPECIFIED.);
#484=B_SPLINE_CURVE_WITH_KNOTS('',3,(#3517,#3518,#3519,#3520),
 .UNSPECIFIED.,.F.,.F.,(4,4),(-2.56419792733158,-1.92729467029774),
 .UNSPECIFIED.);
#485=B_SPLINE_CURVE_WITH_KNOTS('',3,(#3522,#3523,#3524,#3525),
 .UNSPECIFIED.,.F.,.F.,(4,4),(-0.633110460631002,0.),.UNSPECIFIED.);
#486=B_SPLINE_CURVE_WITH_KNOTS('',3,(#3527,#3528,#3529,#3530),
 .UNSPECIFIED.,.F.,.F.,(4,4),(1.21429798473802,1.84884507739845),
 .UNSPECIFIED.);
#487=B_SPLINE_CURVE_WITH_KNOTS('',3,(#3533,#3534,#3535,#3536,#3537,#3538,
#3539,#3540,#3541,#3542),.UNSPECIFIED.,.F.,.F.,(4,3,3,4),(0.514960961008457,
0.577378144990199,1.21429798473802,1.84884507739845),.UNSPECIFIED.);
#488=B_SPLINE_CURVE_WITH_KNOTS('',3,(#3548,#3549,#3550,#3551,#3552,#3553,
#3554),.UNSPECIFIED.,.F.,.F.,(4,3,4),(-1.09471692172004,-0.633110460631002,
0.),.UNSPECIFIED.);
#489=B_SPLINE_CURVE_WITH_KNOTS('',3,(#3558,#3559,#3560,#3561),
 .UNSPECIFIED.,.F.,.F.,(4,4),(-3.14159265358979,-2.56421451148211),
 .UNSPECIFIED.);
#490=B_SPLINE_CURVE_WITH_KNOTS('',3,(#3563,#3564,#3565,#3566),
 .UNSPECIFIED.,.F.,.F.,(4,4),(-2.5642145111724,-2.1495735053765),
 .UNSPECIFIED.);
#491=B_SPLINE_CURVE_WITH_KNOTS('',3,(#3568,#3569,#3570,#3571),
 .UNSPECIFIED.,.F.,.F.,(4,4),(-3.54513407939268,-3.14159265358979),
 .UNSPECIFIED.);
#492=B_SPLINE_CURVE_WITH_KNOTS('',3,(#3572,#3573,#3574,#3575),
 .UNSPECIFIED.,.F.,.F.,(4,4),(0.,0.577378144990199),.UNSPECIFIED.);
#493=B_SPLINE_CURVE_WITH_KNOTS('',3,(#3593,#3594,#3595,#3596,#3597,#3598,
#3599),.UNSPECIFIED.,.F.,.F.,(4,3,4),(0.,0.633110460631002,1.01209262236545),
 .UNSPECIFIED.);
#494=B_SPLINE_CURVE_WITH_KNOTS('',3,(#3618,#3619,#3620,#3621,#3622,#3623,
#3624),.UNSPECIFIED.,.F.,.F.,(4,3,4),(2.56419792733254,2.56421451148211,
3.14159265358979),.UNSPECIFIED.);
#495=B_SPLINE_CURVE_WITH_KNOTS('',3,(#3641,#3642,#3643,#3644,#3645,#3646,
#3647),.UNSPECIFIED.,.F.,.F.,(4,3,4),(1.2927475807099,1.92729467029774,
2.56419792733158),.UNSPECIFIED.);
#496=B_SPLINE_CURVE_WITH_KNOTS('',3,(#3668,#3669,#3670,#3671,#3672,#3673,
#3674),.UNSPECIFIED.,.F.,.F.,(4,3,4),(3.14159265358979,3.78796644168546,
4.43434022978113),.UNSPECIFIED.);
#497=B_SPLINE_CURVE_WITH_KNOTS('',3,(#3701,#3702,#3703,#3704,#3705,#3706,
#3707,#3708,#3709,#3710),.UNSPECIFIED.,.F.,.F.,(4,3,3,4),(-1.84884507739845,
-1.21429798473802,-0.577378144990199,0.),.UNSPECIFIED.);
#498=B_SPLINE_CURVE_WITH_KNOTS('',3,(#3712,#3713,#3714,#3715),
 .UNSPECIFIED.,.F.,.F.,(4,4),(0.577378144990199,1.21429798473802),
 .UNSPECIFIED.);
#499=B_SPLINE_CURVE_WITH_KNOTS('',3,(#3724,#3725,#3726,#3727),
 .UNSPECIFIED.,.F.,.F.,(4,4),(-3.54527906654628,-3.14159265358979),
 .UNSPECIFIED.);
#500=B_SPLINE_CURVE_WITH_KNOTS('',3,(#3730,#3731,#3732,#3733),
 .UNSPECIFIED.,.F.,.F.,(4,4),(0.,0.577378144990199),.UNSPECIFIED.);
#501=B_SPLINE_CURVE_WITH_KNOTS('',3,(#3735,#3736,#3737,#3738),
 .UNSPECIFIED.,.F.,.F.,(4,4),(0.577378144990199,1.21429798473802),
 .UNSPECIFIED.);
#502=B_SPLINE_CURVE_WITH_KNOTS('',3,(#3740,#3741,#3742,#3743),
 .UNSPECIFIED.,.F.,.F.,(4,4),(1.21429798473802,1.84884507739845),
 .UNSPECIFIED.);
#503=B_SPLINE_CURVE_WITH_KNOTS('',3,(#3745,#3746,#3747,#3748),
 .UNSPECIFIED.,.F.,.F.,(4,4),(-0.633110460631002,0.),.UNSPECIFIED.);
#504=B_SPLINE_CURVE_WITH_KNOTS('',3,(#3750,#3751,#3752,#3753),
 .UNSPECIFIED.,.F.,.F.,(4,4),(-3.14159265358979,-2.56421451148211),
 .UNSPECIFIED.);
#505=B_SPLINE_CURVE_WITH_KNOTS('',3,(#3757,#3758,#3759,#3760),
 .UNSPECIFIED.,.F.,.F.,(4,4),(-2.56419792733158,-2.14739635341426),
 .UNSPECIFIED.);
#506=B_SPLINE_CURVE_WITH_KNOTS('',3,(#3836,#3837,#3838,#3839,#3840,#3841,
#3842,#3843,#3844,#3845),.UNSPECIFIED.,.F.,.F.,(4,2,2,2,4),(0.,0.199293735658735,
0.450109719614421,0.644172446607488,0.646804906417993),.UNSPECIFIED.);
#507=B_SPLINE_CURVE_WITH_KNOTS('',3,(#3847,#3848,#3849,#3850,#3851,#3852,
#3853,#3854,#3855),.UNSPECIFIED.,.F.,.F.,(4,1,1,1,1,1,4),(0.851465715929917,
1.18860194875094,1.35717006516145,1.86287441439297,2.53714688003501,2.87428311285603,
3.21141934567705),.UNSPECIFIED.);
#508=B_SPLINE_CURVE_WITH_KNOTS('',3,(#3858,#3859,#3860,#3861,#3862,#3863,
#3864),.UNSPECIFIED.,.F.,.F.,(4,1,1,1,4),(-3.21141934567705,-2.87428311285603,
-2.53714688003501,-1.86287441439297,-1.49467230762275),.UNSPECIFIED.);
#509=B_SPLINE_CURVE_WITH_KNOTS('',3,(#3874,#3875,#3876,#3877,#3878,#3879),
 .UNSPECIFIED.,.F.,.F.,(4,2,4),(0.68252745094637,0.739041343350216,0.752166078096509),
 .UNSPECIFIED.);
#510=B_SPLINE_CURVE_WITH_KNOTS('',3,(#3887,#3888,#3889,#3890,#3891,#3892,
#3893,#3894,#3895,#3896,#3897,#3898,#3899,#3900,#3901,#3902,#3903,#3904,
#3905,#3906,#3907,#3908),.UNSPECIFIED.,.F.,.F.,(4,2,2,2,2,2,2,2,2,2,4),
(0.156612316610111,0.169737051356405,0.226250943760251,0.283607820510124,
0.340964697259997,0.397676947306654,0.45438919735331,0.511101447399967,
0.567813697446624,0.625170574196497,0.68252745094637),.UNSPECIFIED.);
#511=B_SPLINE_CURVE_WITH_KNOTS('',3,(#3965,#3966,#3967,#3968,#3969,#3970,
#3971,#3972),.UNSPECIFIED.,.F.,.F.,(4,2,2,4),(-0.00174219740872777,0.,0.167251929355663,
0.330673696896589),.UNSPECIFIED.);
#512=B_SPLINE_CURVE_WITH_KNOTS('',3,(#3973,#3974,#3975,#3976,#3977,#3978,
#3979),.UNSPECIFIED.,.F.,.F.,(4,1,1,1,4),(1.49530715790325,1.52581614379434,
2.20010486724156,2.87439359068877,3.21153795241238),.UNSPECIFIED.);
#513=B_SPLINE_CURVE_WITH_KNOTS('',3,(#3980,#3981,#3982,#3983,#3984,#3985,
#3986,#3987),.UNSPECIFIED.,.F.,.F.,(4,1,1,1,1,4),(-3.21153795241238,-2.87439359068877,
-2.20010486724156,-1.52581614379434,-1.18867178207073,-0.851527420347125),
 .UNSPECIFIED.);
#514=B_SPLINE_CURVE_WITH_KNOTS('',3,(#4071,#4072,#4073,#4074,#4075,#4076,
#4077,#4078,#4079,#4080,#4081,#4082,#4083,#4084,#4085,#4086,#4087,#4088,
#4089,#4090,#4091,#4092),.UNSPECIFIED.,.F.,.F.,(4,2,2,2,2,2,2,2,2,2,4),
(4.72225544239717,4.98360760281973,5.24495976324229,5.71591644233872,5.95139478188693,
6.18687312143514,6.42235146098336,6.65782980053157,7.12878647962799,7.39013864005056,
7.65149080047312),.UNSPECIFIED.);
#515=B_SPLINE_CURVE_WITH_KNOTS('',3,(#4139,#4140,#4141,#4142),
 .UNSPECIFIED.,.F.,.F.,(4,4),(0.,0.791686641159367),.UNSPECIFIED.);
#516=B_SPLINE_CURVE_WITH_KNOTS('',3,(#4170,#4171,#4172,#4173,#4174,#4175),
 .UNSPECIFIED.,.F.,.F.,(4,2,4),(2.47807608945652,3.07926387628175,4.20524305955578),
 .UNSPECIFIED.);
#517=B_SPLINE_CURVE_WITH_KNOTS('',3,(#4177,#4178,#4179,#4180,#4181,#4182,
#4183,#4184),.UNSPECIFIED.,.F.,.F.,(4,2,2,4),(1.24673200430813,1.51393778787112,
2.25763166646348,2.47807608945652),.UNSPECIFIED.);
#518=B_SPLINE_CURVE_WITH_KNOTS('',3,(#4186,#4187,#4188,#4189,#4190,#4191),
 .UNSPECIFIED.,.F.,.F.,(4,2,4),(0.,0.740258409718097,1.24673200430813),
 .UNSPECIFIED.);
#519=B_SPLINE_CURVE_WITH_KNOTS('',3,(#4216,#4217,#4218,#4219,#4220,#4221),
 .UNSPECIFIED.,.F.,.F.,(4,2,4),(1.12602298359565,1.24725107666228,1.6491640473026),
 .UNSPECIFIED.);
#520=B_SPLINE_CURVE_WITH_KNOTS('',3,(#4223,#4224,#4225,#4226,#4227,#4228),
 .UNSPECIFIED.,.F.,.F.,(4,2,4),(0.,0.740232258684623,1.12602298359565),
 .UNSPECIFIED.);
#521=B_SPLINE_CURVE_WITH_KNOTS('',3,(#4253,#4254,#4255,#4256),
 .UNSPECIFIED.,.F.,.F.,(4,4),(2.14801692534116,2.14960055845849),
 .UNSPECIFIED.);
#522=B_SPLINE_CURVE_WITH_KNOTS('',3,(#4271,#4272,#4273,#4274),
 .UNSPECIFIED.,.F.,.F.,(4,4),(-2.56419792733158,-2.14739635341462),
 .UNSPECIFIED.);
#523=B_SPLINE_CURVE_WITH_KNOTS('',3,(#4291,#4292,#4293,#4294,#4295,#4296,
#4297),.UNSPECIFIED.,.F.,.F.,(4,3,4),(-3.14159265358979,-2.56421451148211,
-2.56419792733254),.UNSPECIFIED.);
#524=B_SPLINE_CURVE_WITH_KNOTS('',3,(#4317,#4318,#4319,#4320,#4321,#4322,
#4323),.UNSPECIFIED.,.F.,.F.,(4,3,4),(-1.01209262236545,-0.633110460631002,
0.),.UNSPECIFIED.);
#525=B_SPLINE_CURVE_WITH_KNOTS('',3,(#4345,#4346,#4347,#4348,#4349,#4350,
#4351,#4352,#4353,#4354),.UNSPECIFIED.,.F.,.F.,(4,3,3,4),(0.,0.577378144990199,
1.21429798473802,1.84884507739845),.UNSPECIFIED.);
#526=B_SPLINE_CURVE_WITH_KNOTS('',3,(#4369,#4370,#4371,#4372),
 .UNSPECIFIED.,.F.,.F.,(4,4),(-3.54527906654628,-3.14159265358979),
 .UNSPECIFIED.);
#527=B_SPLINE_CURVE_WITH_KNOTS('',3,(#4387,#4388,#4389,#4390),
 .UNSPECIFIED.,.F.,.F.,(4,4),(0.,1.13286856762875),.UNSPECIFIED.);
#528=B_SPLINE_CURVE_WITH_KNOTS('',3,(#4401,#4402,#4403,#4404),
 .UNSPECIFIED.,.F.,.F.,(4,4),(0.,0.813452210900599),.UNSPECIFIED.);
#529=LINE('',#2892,#687);
#530=LINE('',#2902,#688);
#531=LINE('',#2912,#689);
#532=LINE('',#2914,#690);
#533=LINE('',#2924,#691);
#534=LINE('',#2958,#692);
#535=LINE('',#2969,#693);
#536=LINE('',#2996,#694);
#537=LINE('',#3007,#695);
#538=LINE('',#3028,#696);
#539=LINE('',#3063,#697);
#540=LINE('',#3064,#698);
#541=LINE('',#3067,#699);
#542=LINE('',#3068,#700);
#543=LINE('',#3092,#701);
#544=LINE('',#3140,#702);
#545=LINE('',#3145,#703);
#546=LINE('',#3146,#704);
#547=LINE('',#3149,#705);
#548=LINE('',#3150,#706);
#549=LINE('',#3182,#707);
#550=LINE('',#3292,#708);
#551=LINE('',#3308,#709);
#552=LINE('',#3370,#710);
#553=LINE('',#3376,#711);
#554=LINE('',#3387,#712);
#555=LINE('',#3403,#713);
#556=LINE('',#3404,#714);
#557=LINE('',#3411,#715);
#558=LINE('',#3428,#716);
#559=LINE('',#3435,#717);
#560=LINE('',#3475,#718);
#561=LINE('',#3482,#719);
#562=LINE('',#3495,#720);
#563=LINE('',#3544,#721);
#564=LINE('',#3546,#722);
#565=LINE('',#3556,#723);
#566=LINE('',#3567,#724);
#567=LINE('',#3591,#725);
#568=LINE('',#3600,#726);
#569=LINE('',#3616,#727);
#570=LINE('',#3625,#728);
#571=LINE('',#3648,#729);
#572=LINE('',#3651,#730);
#573=LINE('',#3652,#731);
#574=LINE('',#3675,#732);
#575=LINE('',#3678,#733);
#576=LINE('',#3679,#734);
#577=LINE('',#3711,#735);
#578=LINE('',#3719,#736);
#579=LINE('',#3720,#737);
#580=LINE('',#3728,#738);
#581=LINE('',#3756,#739);
#582=LINE('',#3765,#740);
#583=LINE('',#3881,#741);
#584=LINE('',#3884,#742);
#585=LINE('',#3886,#743);
#586=LINE('',#3990,#744);
#587=LINE('',#3993,#745);
#588=LINE('',#3997,#746);
#589=LINE('',#4001,#747);
#590=LINE('',#4011,#748);
#591=LINE('',#4028,#749);
#592=LINE('',#4041,#750);
#593=LINE('',#4043,#751);
#594=LINE('',#4044,#752);
#595=LINE('',#4047,#753);
#596=LINE('',#4051,#754);
#597=LINE('',#4052,#755);
#598=LINE('',#4055,#756);
#599=LINE('',#4059,#757);
#600=LINE('',#4060,#758);
#601=LINE('',#4063,#759);
#602=LINE('',#4066,#760);
#603=LINE('',#4069,#761);
#604=LINE('',#4094,#762);
#605=LINE('',#4100,#763);
#606=LINE('',#4103,#764);
#607=LINE('',#4104,#765);
#608=LINE('',#4107,#766);
#609=LINE('',#4111,#767);
#610=LINE('',#4114,#768);
#611=LINE('',#4128,#769);
#612=LINE('',#4143,#770);
#613=LINE('',#4144,#771);
#614=LINE('',#4147,#772);
#615=LINE('',#4148,#773);
#616=LINE('',#4192,#774);
#617=LINE('',#4195,#775);
#618=LINE('',#4196,#776);
#619=LINE('',#4199,#777);
#620=LINE('',#4200,#778);
#621=LINE('',#4229,#779);
#622=LINE('',#4234,#780);
#623=LINE('',#4235,#781);
#624=LINE('',#4238,#782);
#625=LINE('',#4239,#783);
#626=LINE('',#4249,#784);
#627=LINE('',#4251,#785);
#628=LINE('',#4257,#786);
#629=LINE('',#4260,#787);
#630=LINE('',#4261,#788);
#631=LINE('',#4275,#789);
#632=LINE('',#4298,#790);
#633=LINE('',#4301,#791);
#634=LINE('',#4302,#792);
#635=LINE('',#4355,#793);
#636=LINE('',#4358,#794);
#637=LINE('',#4359,#795);
#638=LINE('',#4373,#796);
#639=LINE('',#4376,#797);
#640=LINE('',#4377,#798);
#641=LINE('',#4391,#799);
#642=LINE('',#4405,#800);
#643=LINE('',#4407,#801);
#644=LINE('',#4410,#802);
#645=LINE('',#4412,#803);
#646=LINE('',#4414,#804);
#647=LINE('',#4415,#805);
#648=LINE('',#4418,#806);
#649=LINE('',#4422,#807);
#650=LINE('',#4426,#808);
#651=LINE('',#4430,#809);
#652=LINE('',#4434,#810);
#653=LINE('',#4438,#811);
#654=LINE('',#4440,#812);
#655=LINE('',#4443,#813);
#656=LINE('',#4445,#814);
#657=LINE('',#4447,#815);
#658=LINE('',#4449,#816);
#659=LINE('',#4455,#817);
#660=LINE('',#4457,#818);
#661=LINE('',#4463,#819);
#662=LINE('',#4468,#820);
#663=LINE('',#4471,#821);
#664=LINE('',#4475,#822);
#665=LINE('',#4479,#823);
#666=LINE('',#4483,#824);
#667=LINE('',#4487,#825);
#668=LINE('',#4492,#826);
#669=LINE('',#4537,#827);
#670=LINE('',#4538,#828);
#671=LINE('',#4539,#829);
#672=LINE('',#4548,#830);
#673=LINE('',#4551,#831);
#674=LINE('',#4552,#832);
#675=LINE('',#4559,#833);
#676=LINE('',#4560,#834);
#677=LINE('',#4563,#835);
#678=LINE('',#4565,#836);
#679=LINE('',#4566,#837);
#680=LINE('',#4568,#838);
#681=LINE('',#4578,#839);
#682=LINE('',#4579,#840);
#683=LINE('',#4581,#841);
#684=LINE('',#4589,#842);
#685=LINE('',#4596,#843);
#686=LINE('',#4598,#844);
#687=VECTOR('',#2402,10.);
#688=VECTOR('',#2403,10.);
#689=VECTOR('',#2404,10.);
#690=VECTOR('',#2405,10.);
#691=VECTOR('',#2406,10.);
#692=VECTOR('',#2407,10.);
#693=VECTOR('',#2408,10.);
#694=VECTOR('',#2409,10.);
#695=VECTOR('',#2410,10.);
#696=VECTOR('',#2411,10.);
#697=VECTOR('',#2412,10.);
#698=VECTOR('',#2413,10.);
#699=VECTOR('',#2416,10.);
#700=VECTOR('',#2417,10.);
#701=VECTOR('',#2418,10.);
#702=VECTOR('',#2419,10.);
#703=VECTOR('',#2424,10.);
#704=VECTOR('',#2425,10.);
#705=VECTOR('',#2428,10.);
#706=VECTOR('',#2429,10.);
#707=VECTOR('',#2430,10.);
#708=VECTOR('',#2431,10.);
#709=VECTOR('',#2432,10.);
#710=VECTOR('',#2433,10.);
#711=VECTOR('',#2434,10.);
#712=VECTOR('',#2435,10.);
#713=VECTOR('',#2438,10.);
#714=VECTOR('',#2439,10.);
#715=VECTOR('',#2442,10.);
#716=VECTOR('',#2445,10.);
#717=VECTOR('',#2448,10.);
#718=VECTOR('',#2455,10.);
#719=VECTOR('',#2458,10.);
#720=VECTOR('',#2463,10.);
#721=VECTOR('',#2480,10.);
#722=VECTOR('',#2481,10.);
#723=VECTOR('',#2482,10.);
#724=VECTOR('',#2483,10.);
#725=VECTOR('',#2484,10.);
#726=VECTOR('',#2485,10.);
#727=VECTOR('',#2486,10.);
#728=VECTOR('',#2487,10.);
#729=VECTOR('',#2488,10.);
#730=VECTOR('',#2491,10.);
#731=VECTOR('',#2492,10.);
#732=VECTOR('',#2493,10.);
#733=VECTOR('',#2496,10.);
#734=VECTOR('',#2497,10.);
#735=VECTOR('',#2498,10.);
#736=VECTOR('',#2503,10.);
#737=VECTOR('',#2504,10.);
#738=VECTOR('',#2509,10.);
#739=VECTOR('',#2522,10.);
#740=VECTOR('',#2527,19.8);
#741=VECTOR('',#2560,10.);
#742=VECTOR('',#2563,10.);
#743=VECTOR('',#2564,10.);
#744=VECTOR('',#2575,10.);
#745=VECTOR('',#2578,10.);
#746=VECTOR('',#2583,10.);
#747=VECTOR('',#2586,10.);
#748=VECTOR('',#2597,10.);
#749=VECTOR('',#2608,10.);
#750=VECTOR('',#2613,10.);
#751=VECTOR('',#2614,10.);
#752=VECTOR('',#2615,10.);
#753=VECTOR('',#2618,10.);
#754=VECTOR('',#2623,10.);
#755=VECTOR('',#2624,10.);
#756=VECTOR('',#2627,10.);
#757=VECTOR('',#2632,10.);
#758=VECTOR('',#2633,10.);
#759=VECTOR('',#2636,10.);
#760=VECTOR('',#2639,10.);
#761=VECTOR('',#2642,10.);
#762=VECTOR('',#2643,10.);
#763=VECTOR('',#2648,10.);
#764=VECTOR('',#2653,10.);
#765=VECTOR('',#2654,5.);
#766=VECTOR('',#2657,10.);
#767=VECTOR('',#2662,10.);
#768=VECTOR('',#2667,10.);
#769=VECTOR('',#2686,9.99999999999653);
#770=VECTOR('',#2687,10.);
#771=VECTOR('',#2688,10.);
#772=VECTOR('',#2691,10.);
#773=VECTOR('',#2692,10.);
#774=VECTOR('',#2693,10.);
#775=VECTOR('',#2696,10.);
#776=VECTOR('',#2697,10.);
#777=VECTOR('',#2700,10.);
#778=VECTOR('',#2701,10.);
#779=VECTOR('',#2702,10.);
#780=VECTOR('',#2707,3.);
#781=VECTOR('',#2708,10.);
#782=VECTOR('',#2711,10.);
#783=VECTOR('',#2712,10.);
#784=VECTOR('',#2713,10.);
#785=VECTOR('',#2714,10.);
#786=VECTOR('',#2715,10.);
#787=VECTOR('',#2718,10.);
#788=VECTOR('',#2719,10.);
#789=VECTOR('',#2720,10.);
#790=VECTOR('',#2721,10.);
#791=VECTOR('',#2724,10.);
#792=VECTOR('',#2725,10.);
#793=VECTOR('',#2726,10.);
#794=VECTOR('',#2729,10.);
#795=VECTOR('',#2730,10.);
#796=VECTOR('',#2731,10.);
#797=VECTOR('',#2734,10.);
#798=VECTOR('',#2735,10.);
#799=VECTOR('',#2736,10.);
#800=VECTOR('',#2737,10.);
#801=VECTOR('',#2740,10.);
#802=VECTOR('',#2743,10.);
#803=VECTOR('',#2744,10.);
#804=VECTOR('',#2745,10.);
#805=VECTOR('',#2746,10.);
#806=VECTOR('',#2749,10.);
#807=VECTOR('',#2752,10.);
#808=VECTOR('',#2757,10.);
#809=VECTOR('',#2760,10.);
#810=VECTOR('',#2763,10.);
#811=VECTOR('',#2766,10.);
#812=VECTOR('',#2767,10.);
#813=VECTOR('',#2772,1.5);
#814=VECTOR('',#2775,1.49999999999999);
#815=VECTOR('',#2778,1.49999999999999);
#816=VECTOR('',#2781,1.49999999999999);
#817=VECTOR('',#2788,10.);
#818=VECTOR('',#2789,10.);
#819=VECTOR('',#2794,10.);
#820=VECTOR('',#2799,10.);
#821=VECTOR('',#2800,10.);
#822=VECTOR('',#2803,10.);
#823=VECTOR('',#2806,10.);
#824=VECTOR('',#2809,10.);
#825=VECTOR('',#2812,10.);
#826=VECTOR('',#2817,10.);
#827=VECTOR('',#2834,10.);
#828=VECTOR('',#2835,10.);
#829=VECTOR('',#2836,10.);
#830=VECTOR('',#2839,10.);
#831=VECTOR('',#2842,10.);
#832=VECTOR('',#2843,10.);
#833=VECTOR('',#2856,5.);
#834=VECTOR('',#2857,5.);
#835=VECTOR('',#2862,5.);
#836=VECTOR('',#2865,10.);
#837=VECTOR('',#2866,5.);
#838=VECTOR('',#2869,5.);
#839=VECTOR('',#2876,10.);
#840=VECTOR('',#2877,10.);
#841=VECTOR('',#2880,10.);
#842=VECTOR('',#2883,10.);
#843=VECTOR('',#2884,10.);
#844=VECTOR('',#2887,10.);
#845=VERTEX_POINT('',#2890);
#846=VERTEX_POINT('',#2891);
#847=VERTEX_POINT('',#2893);
#848=VERTEX_POINT('',#2901);
#849=VERTEX_POINT('',#2903);
#850=VERTEX_POINT('',#2911);
#851=VERTEX_POINT('',#2913);
#852=VERTEX_POINT('',#2915);
#853=VERTEX_POINT('',#2923);
#854=VERTEX_POINT('',#2946);
#855=VERTEX_POINT('',#2947);
#856=VERTEX_POINT('',#2952);
#857=VERTEX_POINT('',#2957);
#858=VERTEX_POINT('',#2959);
#859=VERTEX_POINT('',#2964);
#860=VERTEX_POINT('',#2984);
#861=VERTEX_POINT('',#2985);
#862=VERTEX_POINT('',#2990);
#863=VERTEX_POINT('',#2995);
#864=VERTEX_POINT('',#2997);
#865=VERTEX_POINT('',#3002);
#866=VERTEX_POINT('',#3022);
#867=VERTEX_POINT('',#3023);
#868=VERTEX_POINT('',#3054);
#869=VERTEX_POINT('',#3055);
#870=VERTEX_POINT('',#3066);
#871=VERTEX_POINT('',#3083);
#872=VERTEX_POINT('',#3091);
#873=VERTEX_POINT('',#3117);
#874=VERTEX_POINT('',#3118);
#875=VERTEX_POINT('',#3135);
#876=VERTEX_POINT('',#3142);
#877=VERTEX_POINT('',#3144);
#878=VERTEX_POINT('',#3148);
#879=VERTEX_POINT('',#3171);
#880=VERTEX_POINT('',#3172);
#881=VERTEX_POINT('',#3181);
#882=VERTEX_POINT('',#3207);
#883=VERTEX_POINT('',#3208);
#884=VERTEX_POINT('',#3240);
#885=VERTEX_POINT('',#3245);
#886=VERTEX_POINT('',#3260);
#887=VERTEX_POINT('',#3265);
#888=VERTEX_POINT('',#3276);
#889=VERTEX_POINT('',#3281);
#890=VERTEX_POINT('',#3286);
#891=VERTEX_POINT('',#3291);
#892=VERTEX_POINT('',#3293);
#893=VERTEX_POINT('',#3298);
#894=VERTEX_POINT('',#3303);
#895=VERTEX_POINT('',#3323);
#896=VERTEX_POINT('',#3324);
#897=VERTEX_POINT('',#3344);
#898=VERTEX_POINT('',#3349);
#899=VERTEX_POINT('',#3369);
#900=VERTEX_POINT('',#3375);
#901=VERTEX_POINT('',#3377);
#902=VERTEX_POINT('',#3382);
#903=VERTEX_POINT('',#3389);
#904=VERTEX_POINT('',#3390);
#905=VERTEX_POINT('',#3406);
#906=VERTEX_POINT('',#3413);
#907=VERTEX_POINT('',#3430);
#908=VERTEX_POINT('',#3437);
#909=VERTEX_POINT('',#3438);
#910=VERTEX_POINT('',#3464);
#911=VERTEX_POINT('',#3477);
#912=VERTEX_POINT('',#3532);
#913=VERTEX_POINT('',#3543);
#914=VERTEX_POINT('',#3545);
#915=VERTEX_POINT('',#3547);
#916=VERTEX_POINT('',#3555);
#917=VERTEX_POINT('',#3557);
#918=VERTEX_POINT('',#3562);
#919=VERTEX_POINT('',#3590);
#920=VERTEX_POINT('',#3592);
#921=VERTEX_POINT('',#3615);
#922=VERTEX_POINT('',#3617);
#923=VERTEX_POINT('',#3640);
#924=VERTEX_POINT('',#3650);
#925=VERTEX_POINT('',#3667);
#926=VERTEX_POINT('',#3677);
#927=VERTEX_POINT('',#3700);
#928=VERTEX_POINT('',#3717);
#929=VERTEX_POINT('',#3723);
#930=VERTEX_POINT('',#3755);
#931=VERTEX_POINT('',#3762);
#932=VERTEX_POINT('',#3764);
#933=VERTEX_POINT('',#3769);
#934=VERTEX_POINT('',#3772);
#935=VERTEX_POINT('',#3775);
#936=VERTEX_POINT('',#3778);
#937=VERTEX_POINT('',#3834);
#938=VERTEX_POINT('',#3835);
#939=VERTEX_POINT('',#3846);
#940=VERTEX_POINT('',#3856);
#941=VERTEX_POINT('',#3866);
#942=VERTEX_POINT('',#3867);
#943=VERTEX_POINT('',#3872);
#944=VERTEX_POINT('',#3873);
#945=VERTEX_POINT('',#3880);
#946=VERTEX_POINT('',#3882);
#947=VERTEX_POINT('',#3885);
#948=VERTEX_POINT('',#3910);
#949=VERTEX_POINT('',#3911);
#950=VERTEX_POINT('',#3963);
#951=VERTEX_POINT('',#3964);
#952=VERTEX_POINT('',#3989);
#953=VERTEX_POINT('',#3991);
#954=VERTEX_POINT('',#3996);
#955=VERTEX_POINT('',#3998);
#956=VERTEX_POINT('',#4000);
#957=VERTEX_POINT('',#4003);
#958=VERTEX_POINT('',#4005);
#959=VERTEX_POINT('',#4007);
#960=VERTEX_POINT('',#4010);
#961=VERTEX_POINT('',#4022);
#962=VERTEX_POINT('',#4026);
#963=VERTEX_POINT('',#4040);
#964=VERTEX_POINT('',#4042);
#965=VERTEX_POINT('',#4046);
#966=VERTEX_POINT('',#4050);
#967=VERTEX_POINT('',#4054);
#968=VERTEX_POINT('',#4058);
#969=VERTEX_POINT('',#4062);
#970=VERTEX_POINT('',#4064);
#971=VERTEX_POINT('',#4068);
#972=VERTEX_POINT('',#4070);
#973=VERTEX_POINT('',#4093);
#974=VERTEX_POINT('',#4095);
#975=VERTEX_POINT('',#4097);
#976=VERTEX_POINT('',#4099);
#977=VERTEX_POINT('',#4106);
#978=VERTEX_POINT('',#4110);
#979=VERTEX_POINT('',#4116);
#980=VERTEX_POINT('',#4117);
#981=VERTEX_POINT('',#4119);
#982=VERTEX_POINT('',#4126);
#983=VERTEX_POINT('',#4137);
#984=VERTEX_POINT('',#4138);
#985=VERTEX_POINT('',#4146);
#986=VERTEX_POINT('',#4169);
#987=VERTEX_POINT('',#4176);
#988=VERTEX_POINT('',#4185);
#989=VERTEX_POINT('',#4194);
#990=VERTEX_POINT('',#4198);
#991=VERTEX_POINT('',#4215);
#992=VERTEX_POINT('',#4222);
#993=VERTEX_POINT('',#4231);
#994=VERTEX_POINT('',#4232);
#995=VERTEX_POINT('',#4237);
#996=VERTEX_POINT('',#4248);
#997=VERTEX_POINT('',#4250);
#998=VERTEX_POINT('',#4252);
#999=VERTEX_POINT('',#4259);
#1000=VERTEX_POINT('',#4270);
#1001=VERTEX_POINT('',#4290);
#1002=VERTEX_POINT('',#4300);
#1003=VERTEX_POINT('',#4344);
#1004=VERTEX_POINT('',#4357);
#1005=VERTEX_POINT('',#4368);
#1006=VERTEX_POINT('',#4375);
#1007=VERTEX_POINT('',#4386);
#1008=VERTEX_POINT('',#4400);
#1009=VERTEX_POINT('',#4409);
#1010=VERTEX_POINT('',#4411);
#1011=VERTEX_POINT('',#4413);
#1012=VERTEX_POINT('',#4417);
#1013=VERTEX_POINT('',#4419);
#1014=VERTEX_POINT('',#4421);
#1015=VERTEX_POINT('',#4425);
#1016=VERTEX_POINT('',#4427);
#1017=VERTEX_POINT('',#4429);
#1018=VERTEX_POINT('',#4432);
#1019=VERTEX_POINT('',#4433);
#1020=VERTEX_POINT('',#4435);
#1021=VERTEX_POINT('',#4437);
#1022=VERTEX_POINT('',#4439);
#1023=VERTEX_POINT('',#4452);
#1024=VERTEX_POINT('',#4454);
#1025=VERTEX_POINT('',#4456);
#1026=VERTEX_POINT('',#4458);
#1027=VERTEX_POINT('',#4460);
#1028=VERTEX_POINT('',#4462);
#1029=VERTEX_POINT('',#4465);
#1030=VERTEX_POINT('',#4466);
#1031=VERTEX_POINT('',#4469);
#1032=VERTEX_POINT('',#4470);
#1033=VERTEX_POINT('',#4472);
#1034=VERTEX_POINT('',#4474);
#1035=VERTEX_POINT('',#4476);
#1036=VERTEX_POINT('',#4478);
#1037=VERTEX_POINT('',#4481);
#1038=VERTEX_POINT('',#4482);
#1039=VERTEX_POINT('',#4484);
#1040=VERTEX_POINT('',#4486);
#1041=VERTEX_POINT('',#4489);
#1042=VERTEX_POINT('',#4490);
#1043=VERTEX_POINT('',#4535);
#1044=VERTEX_POINT('',#4536);
#1045=VERTEX_POINT('',#4546);
#1046=VERTEX_POINT('',#4550);
#1047=EDGE_CURVE('',#845,#846,#529,.T.);
#1048=EDGE_CURVE('',#846,#847,#433,.T.);
#1049=EDGE_CURVE('',#847,#848,#530,.T.);
#1050=EDGE_CURVE('',#848,#849,#434,.T.);
#1051=EDGE_CURVE('',#850,#849,#531,.T.);
#1052=EDGE_CURVE('',#850,#851,#532,.T.);
#1053=EDGE_CURVE('',#851,#852,#435,.T.);
#1054=EDGE_CURVE('',#852,#853,#533,.T.);
#1055=EDGE_CURVE('',#853,#845,#436,.T.);
#1056=EDGE_CURVE('',#854,#855,#437,.T.);
#1057=EDGE_CURVE('',#856,#854,#438,.T.);
#1058=EDGE_CURVE('',#856,#857,#534,.T.);
#1059=EDGE_CURVE('',#858,#857,#439,.T.);
#1060=EDGE_CURVE('',#859,#858,#440,.T.);
#1061=EDGE_CURVE('',#855,#859,#535,.T.);
#1062=EDGE_CURVE('',#860,#861,#441,.T.);
#1063=EDGE_CURVE('',#860,#862,#442,.T.);
#1064=EDGE_CURVE('',#862,#863,#536,.T.);
#1065=EDGE_CURVE('',#864,#863,#443,.T.);
#1066=EDGE_CURVE('',#865,#864,#444,.T.);
#1067=EDGE_CURVE('',#861,#865,#537,.T.);
#1068=EDGE_CURVE('',#866,#867,#445,.T.);
#1069=EDGE_CURVE('',#866,#847,#538,.T.);
#1070=EDGE_CURVE('',#863,#846,#446,.T.);
#1071=EDGE_CURVE('',#867,#862,#447,.T.);
#1072=EDGE_CURVE('',#868,#869,#448,.T.);
#1073=EDGE_CURVE('',#868,#852,#539,.T.);
#1074=EDGE_CURVE('',#869,#851,#540,.T.);
#1075=EDGE_CURVE('',#870,#868,#541,.T.);
#1076=EDGE_CURVE('',#870,#853,#542,.T.);
#1077=EDGE_CURVE('',#871,#870,#449,.T.);
#1078=EDGE_CURVE('',#871,#872,#543,.T.);
#1079=EDGE_CURVE('',#845,#872,#450,.T.);
#1080=EDGE_CURVE('',#873,#874,#451,.T.);
#1081=EDGE_CURVE('',#875,#874,#452,.T.);
#1082=EDGE_CURVE('',#875,#873,#544,.T.);
#1083=EDGE_CURVE('',#876,#873,#115,.T.);
#1084=EDGE_CURVE('',#877,#875,#545,.T.);
#1085=EDGE_CURVE('',#877,#876,#546,.T.);
#1086=EDGE_CURVE('',#869,#878,#547,.T.);
#1087=EDGE_CURVE('',#878,#850,#548,.T.);
#1088=EDGE_CURVE('',#879,#880,#453,.T.);
#1089=EDGE_CURVE('',#881,#880,#549,.T.);
#1090=EDGE_CURVE('',#879,#881,#454,.T.);
#1091=EDGE_CURVE('',#882,#883,#455,.T.);
#1092=EDGE_CURVE('',#883,#884,#456,.T.);
#1093=EDGE_CURVE('',#884,#885,#457,.T.);
#1094=EDGE_CURVE('',#885,#886,#458,.T.);
#1095=EDGE_CURVE('',#886,#887,#459,.T.);
#1096=EDGE_CURVE('',#888,#887,#460,.T.);
#1097=EDGE_CURVE('',#889,#888,#461,.T.);
#1098=EDGE_CURVE('',#890,#889,#462,.T.);
#1099=EDGE_CURVE('',#890,#891,#550,.T.);
#1100=EDGE_CURVE('',#892,#891,#463,.T.);
#1101=EDGE_CURVE('',#893,#892,#464,.T.);
#1102=EDGE_CURVE('',#894,#893,#465,.T.);
#1103=EDGE_CURVE('',#882,#894,#551,.T.);
#1104=EDGE_CURVE('',#895,#896,#466,.T.);
#1105=EDGE_CURVE('',#896,#897,#467,.T.);
#1106=EDGE_CURVE('',#897,#898,#468,.T.);
#1107=EDGE_CURVE('',#898,#899,#552,.T.);
#1108=EDGE_CURVE('',#849,#899,#469,.T.);
#1109=EDGE_CURVE('',#900,#848,#553,.T.);
#1110=EDGE_CURVE('',#901,#900,#470,.T.);
#1111=EDGE_CURVE('',#902,#901,#471,.T.);
#1112=EDGE_CURVE('',#902,#895,#554,.T.);
#1113=EDGE_CURVE('',#903,#904,#472,.T.);
#1114=EDGE_CURVE('',#887,#903,#555,.T.);
#1115=EDGE_CURVE('',#904,#886,#556,.T.);
#1116=EDGE_CURVE('',#904,#905,#473,.T.);
#1117=EDGE_CURVE('',#905,#885,#557,.T.);
#1118=EDGE_CURVE('',#905,#906,#474,.T.);
#1119=EDGE_CURVE('',#906,#884,#558,.T.);
#1120=EDGE_CURVE('',#906,#907,#475,.T.);
#1121=EDGE_CURVE('',#907,#883,#559,.T.);
#1122=EDGE_CURVE('',#908,#909,#476,.T.);
#1123=EDGE_CURVE('',#910,#908,#116,.T.);
#1124=EDGE_CURVE('',#907,#910,#477,.T.);
#1125=EDGE_CURVE('',#898,#882,#117,.T.);
#1126=EDGE_CURVE('',#909,#897,#560,.T.);
#1127=EDGE_CURVE('',#909,#911,#478,.T.);
#1128=EDGE_CURVE('',#911,#896,#561,.T.);
#1129=EDGE_CURVE('',#911,#876,#479,.T.);
#1130=EDGE_CURVE('',#880,#895,#118,.T.);
#1131=EDGE_CURVE('',#874,#879,#562,.T.);
#1132=EDGE_CURVE('',#901,#902,#480,.T.);
#1133=EDGE_CURVE('',#867,#866,#481,.T.);
#1134=EDGE_CURVE('',#900,#901,#482,.T.);
#1135=EDGE_CURVE('',#861,#860,#483,.T.);
#1136=EDGE_CURVE('',#862,#867,#484,.T.);
#1137=EDGE_CURVE('',#854,#856,#485,.T.);
#1138=EDGE_CURVE('',#889,#890,#486,.T.);
#1139=EDGE_CURVE('',#903,#912,#487,.T.);
#1140=EDGE_CURVE('',#912,#913,#563,.T.);
#1141=EDGE_CURVE('',#913,#914,#564,.T.);
#1142=EDGE_CURVE('',#914,#915,#488,.T.);
#1143=EDGE_CURVE('',#915,#916,#565,.T.);
#1144=EDGE_CURVE('',#916,#917,#489,.T.);
#1145=EDGE_CURVE('',#917,#918,#490,.T.);
#1146=EDGE_CURVE('',#918,#871,#566,.T.);
#1147=EDGE_CURVE('',#878,#877,#491,.T.);
#1148=EDGE_CURVE('',#881,#888,#492,.T.);
#1149=EDGE_CURVE('',#855,#919,#567,.T.);
#1150=EDGE_CURVE('',#920,#919,#493,.T.);
#1151=EDGE_CURVE('',#856,#920,#568,.T.);
#1152=EDGE_CURVE('',#861,#921,#569,.T.);
#1153=EDGE_CURVE('',#922,#921,#494,.T.);
#1154=EDGE_CURVE('',#862,#922,#570,.T.);
#1155=EDGE_CURVE('',#923,#922,#495,.T.);
#1156=EDGE_CURVE('',#866,#923,#571,.T.);
#1157=EDGE_CURVE('',#924,#923,#572,.T.);
#1158=EDGE_CURVE('',#900,#924,#573,.T.);
#1159=EDGE_CURVE('',#925,#924,#496,.T.);
#1160=EDGE_CURVE('',#902,#925,#574,.T.);
#1161=EDGE_CURVE('',#926,#925,#575,.T.);
#1162=EDGE_CURVE('',#881,#926,#576,.T.);
#1163=EDGE_CURVE('',#927,#926,#497,.T.);
#1164=EDGE_CURVE('',#890,#927,#577,.T.);
#1165=EDGE_CURVE('',#888,#889,#498,.T.);
#1166=EDGE_CURVE('',#919,#928,#38,.T.);
#1167=EDGE_CURVE('',#928,#927,#578,.T.);
#1168=EDGE_CURVE('',#921,#920,#579,.T.);
#1169=EDGE_CURVE('',#929,#899,#499,.T.);
#1170=EDGE_CURVE('',#849,#929,#580,.T.);
#1171=EDGE_CURVE('',#894,#893,#500,.T.);
#1172=EDGE_CURVE('',#893,#892,#501,.T.);
#1173=EDGE_CURVE('',#892,#891,#502,.T.);
#1174=EDGE_CURVE('',#858,#857,#503,.T.);
#1175=EDGE_CURVE('',#865,#864,#504,.T.);
#1176=EDGE_CURVE('',#846,#930,#581,.T.);
#1177=EDGE_CURVE('',#863,#930,#505,.T.);
#1178=EDGE_CURVE('',#931,#931,#39,.T.);
#1179=EDGE_CURVE('',#931,#932,#582,.T.);
#1180=EDGE_CURVE('',#932,#932,#40,.T.);
#1181=EDGE_CURVE('',#933,#933,#41,.T.);
#1182=EDGE_CURVE('',#934,#934,#42,.T.);
#1183=EDGE_CURVE('',#935,#935,#43,.T.);
#1184=EDGE_CURVE('',#936,#936,#44,.T.);
#1185=EDGE_CURVE('',#937,#938,#506,.F.);
#1186=EDGE_CURVE('',#937,#939,#507,.T.);
#1187=EDGE_CURVE('',#939,#940,#45,.T.);
#1188=EDGE_CURVE('',#940,#938,#508,.T.);
#1189=EDGE_CURVE('',#941,#942,#46,.T.);
#1190=EDGE_CURVE('',#942,#940,#47,.T.);
#1191=EDGE_CURVE('',#939,#941,#48,.T.);
#1192=EDGE_CURVE('',#943,#944,#509,.F.);
#1193=EDGE_CURVE('',#943,#945,#583,.T.);
#1194=EDGE_CURVE('',#945,#946,#49,.T.);
#1195=EDGE_CURVE('',#946,#942,#584,.T.);
#1196=EDGE_CURVE('',#941,#947,#585,.T.);
#1197=EDGE_CURVE('',#944,#947,#510,.F.);
#1198=EDGE_CURVE('',#948,#949,#50,.T.);
#1199=EDGE_CURVE('',#949,#946,#51,.T.);
#1200=EDGE_CURVE('',#945,#948,#52,.T.);
#1201=EDGE_CURVE('',#950,#951,#511,.T.);
#1202=EDGE_CURVE('',#951,#949,#512,.T.);
#1203=EDGE_CURVE('',#948,#950,#513,.T.);
#1204=EDGE_CURVE('',#945,#952,#586,.T.);
#1205=EDGE_CURVE('',#953,#952,#53,.T.);
#1206=EDGE_CURVE('',#953,#950,#587,.T.);
#1207=EDGE_CURVE('',#943,#947,#54,.T.);
#1208=EDGE_CURVE('',#954,#941,#588,.T.);
#1209=EDGE_CURVE('',#955,#954,#55,.T.);
#1210=EDGE_CURVE('',#956,#955,#589,.T.);
#1211=EDGE_CURVE('',#952,#956,#56,.T.);
#1212=EDGE_CURVE('',#957,#957,#57,.T.);
#1213=EDGE_CURVE('',#958,#958,#58,.T.);
#1214=EDGE_CURVE('',#959,#959,#59,.T.);
#1215=EDGE_CURVE('',#937,#960,#590,.T.);
#1216=EDGE_CURVE('',#960,#954,#60,.T.);
#1217=EDGE_CURVE('',#961,#955,#61,.T.);
#1218=EDGE_CURVE('',#960,#961,#62,.T.);
#1219=EDGE_CURVE('',#962,#956,#63,.T.);
#1220=EDGE_CURVE('',#961,#962,#591,.T.);
#1221=EDGE_CURVE('',#962,#953,#64,.T.);
#1222=EDGE_CURVE('',#963,#953,#592,.T.);
#1223=EDGE_CURVE('',#964,#963,#593,.T.);
#1224=EDGE_CURVE('',#951,#964,#594,.T.);
#1225=EDGE_CURVE('',#962,#965,#595,.T.);
#1226=EDGE_CURVE('',#965,#963,#65,.T.);
#1227=EDGE_CURVE('',#966,#961,#596,.T.);
#1228=EDGE_CURVE('',#965,#966,#597,.T.);
#1229=EDGE_CURVE('',#960,#967,#598,.T.);
#1230=EDGE_CURVE('',#967,#966,#66,.T.);
#1231=EDGE_CURVE('',#968,#938,#599,.T.);
#1232=EDGE_CURVE('',#967,#968,#600,.T.);
#1233=EDGE_CURVE('',#940,#969,#601,.T.);
#1234=EDGE_CURVE('',#969,#970,#67,.T.);
#1235=EDGE_CURVE('',#938,#970,#602,.T.);
#1236=EDGE_CURVE('',#969,#971,#603,.T.);
#1237=EDGE_CURVE('',#971,#972,#514,.F.);
#1238=EDGE_CURVE('',#972,#973,#604,.T.);
#1239=EDGE_CURVE('',#974,#973,#68,.T.);
#1240=EDGE_CURVE('',#975,#974,#69,.T.);
#1241=EDGE_CURVE('',#975,#976,#605,.T.);
#1242=EDGE_CURVE('',#970,#976,#70,.T.);
#1243=EDGE_CURVE('',#974,#951,#606,.T.);
#1244=EDGE_CURVE('',#973,#949,#607,.T.);
#1245=EDGE_CURVE('',#976,#977,#608,.T.);
#1246=EDGE_CURVE('',#977,#968,#71,.T.);
#1247=EDGE_CURVE('',#977,#978,#609,.T.);
#1248=EDGE_CURVE('',#964,#978,#72,.T.);
#1249=EDGE_CURVE('',#978,#975,#610,.T.);
#1250=EDGE_CURVE('',#979,#980,#73,.T.);
#1251=EDGE_CURVE('',#980,#981,#74,.T.);
#1252=EDGE_CURVE('',#981,#972,#75,.T.);
#1253=EDGE_CURVE('',#971,#981,#76,.T.);
#1254=EDGE_CURVE('',#980,#979,#77,.T.);
#1255=EDGE_CURVE('',#982,#982,#78,.T.);
#1256=EDGE_CURVE('',#982,#979,#611,.T.);
#1257=EDGE_CURVE('',#983,#984,#515,.T.);
#1258=EDGE_CURVE('',#908,#983,#612,.T.);
#1259=EDGE_CURVE('',#850,#984,#613,.T.);
#1260=EDGE_CURVE('',#985,#983,#614,.T.);
#1261=EDGE_CURVE('',#910,#985,#615,.T.);
#1262=EDGE_CURVE('',#986,#985,#516,.T.);
#1263=EDGE_CURVE('',#987,#986,#517,.T.);
#1264=EDGE_CURVE('',#988,#987,#518,.T.);
#1265=EDGE_CURVE('',#912,#988,#616,.T.);
#1266=EDGE_CURVE('',#989,#988,#617,.T.);
#1267=EDGE_CURVE('',#913,#989,#618,.T.);
#1268=EDGE_CURVE('',#990,#989,#619,.T.);
#1269=EDGE_CURVE('',#914,#990,#620,.T.);
#1270=EDGE_CURVE('',#991,#990,#519,.T.);
#1271=EDGE_CURVE('',#992,#991,#520,.T.);
#1272=EDGE_CURVE('',#915,#992,#621,.T.);
#1273=EDGE_CURVE('',#993,#994,#79,.T.);
#1274=EDGE_CURVE('',#994,#928,#622,.T.);
#1275=EDGE_CURVE('',#859,#993,#623,.T.);
#1276=EDGE_CURVE('',#995,#994,#624,.T.);
#1277=EDGE_CURVE('',#891,#995,#625,.T.);
#1278=EDGE_CURVE('',#872,#996,#626,.T.);
#1279=EDGE_CURVE('',#997,#996,#627,.T.);
#1280=EDGE_CURVE('',#998,#997,#521,.T.);
#1281=EDGE_CURVE('',#845,#998,#628,.T.);
#1282=EDGE_CURVE('',#999,#998,#629,.T.);
#1283=EDGE_CURVE('',#930,#999,#630,.T.);
#1284=EDGE_CURVE('',#1000,#999,#522,.T.);
#1285=EDGE_CURVE('',#863,#1000,#631,.T.);
#1286=EDGE_CURVE('',#1001,#1000,#523,.T.);
#1287=EDGE_CURVE('',#865,#1001,#632,.T.);
#1288=EDGE_CURVE('',#1002,#1001,#633,.T.);
#1289=EDGE_CURVE('',#857,#1002,#634,.T.);
#1290=EDGE_CURVE('',#993,#1002,#524,.T.);
#1291=EDGE_CURVE('',#1003,#995,#525,.T.);
#1292=EDGE_CURVE('',#894,#1003,#635,.T.);
#1293=EDGE_CURVE('',#1004,#1003,#636,.T.);
#1294=EDGE_CURVE('',#899,#1004,#637,.T.);
#1295=EDGE_CURVE('',#1005,#1004,#526,.T.);
#1296=EDGE_CURVE('',#929,#1005,#638,.T.);
#1297=EDGE_CURVE('',#1006,#992,#639,.T.);
#1298=EDGE_CURVE('',#916,#1006,#640,.T.);
#1299=EDGE_CURVE('',#1007,#1006,#527,.T.);
#1300=EDGE_CURVE('',#917,#1007,#641,.T.);
#1301=EDGE_CURVE('',#1008,#1007,#528,.T.);
#1302=EDGE_CURVE('',#918,#1008,#642,.T.);
#1303=EDGE_CURVE('',#996,#1008,#643,.T.);
#1304=EDGE_CURVE('',#1009,#996,#644,.T.);
#1305=EDGE_CURVE('',#1010,#1009,#645,.T.);
#1306=EDGE_CURVE('',#1011,#1010,#646,.T.);
#1307=EDGE_CURVE('',#997,#1011,#647,.T.);
#1308=EDGE_CURVE('',#1012,#1005,#648,.T.);
#1309=EDGE_CURVE('',#1011,#1013,#119,.T.);
#1310=EDGE_CURVE('',#1013,#1014,#649,.T.);
#1311=EDGE_CURVE('',#1014,#1012,#120,.T.);
#1312=EDGE_CURVE('',#984,#1015,#650,.T.);
#1313=EDGE_CURVE('',#1015,#1016,#121,.T.);
#1314=EDGE_CURVE('',#1016,#1017,#651,.T.);
#1315=EDGE_CURVE('',#1017,#1009,#122,.T.);
#1316=EDGE_CURVE('',#1018,#1019,#652,.T.);
#1317=EDGE_CURVE('',#1019,#1020,#123,.T.);
#1318=EDGE_CURVE('',#1020,#1021,#653,.T.);
#1319=EDGE_CURVE('',#1021,#1022,#654,.T.);
#1320=EDGE_CURVE('',#1022,#1018,#124,.T.);
#1321=EDGE_CURVE('',#959,#933,#655,.T.);
#1322=EDGE_CURVE('',#958,#934,#656,.T.);
#1323=EDGE_CURVE('',#944,#935,#657,.T.);
#1324=EDGE_CURVE('',#957,#936,#658,.T.);
#1325=EDGE_CURVE('',#1010,#1023,#80,.F.);
#1326=EDGE_CURVE('',#1023,#1024,#659,.F.);
#1327=EDGE_CURVE('',#1024,#1025,#660,.F.);
#1328=EDGE_CURVE('',#1025,#1026,#81,.F.);
#1329=EDGE_CURVE('',#1027,#1026,#82,.T.);
#1330=EDGE_CURVE('',#1028,#1027,#661,.T.);
#1331=EDGE_CURVE('',#1010,#1028,#83,.T.);
#1332=EDGE_CURVE('',#1029,#1030,#125,.T.);
#1333=EDGE_CURVE('',#1030,#1029,#662,.T.);
#1334=EDGE_CURVE('',#1031,#1032,#663,.T.);
#1335=EDGE_CURVE('',#1033,#1031,#84,.T.);
#1336=EDGE_CURVE('',#1034,#1033,#664,.T.);
#1337=EDGE_CURVE('',#1035,#1034,#126,.T.);
#1338=EDGE_CURVE('',#1036,#1035,#665,.T.);
#1339=EDGE_CURVE('',#1032,#1036,#85,.T.);
#1340=EDGE_CURVE('',#1037,#1038,#666,.T.);
#1341=EDGE_CURVE('',#1039,#1038,#86,.T.);
#1342=EDGE_CURVE('',#1039,#1040,#667,.T.);
#1343=EDGE_CURVE('',#1040,#1037,#127,.T.);
#1344=EDGE_CURVE('',#1041,#1042,#128,.T.);
#1345=EDGE_CURVE('',#1042,#1041,#668,.T.);
#1346=EDGE_CURVE('',#1042,#1041,#129,.T.);
#1347=EDGE_CURVE('',#1030,#1029,#130,.T.);
#1348=EDGE_CURVE('',#1040,#1037,#131,.T.);
#1349=EDGE_CURVE('',#1038,#1039,#132,.T.);
#1350=EDGE_CURVE('',#1043,#1044,#669,.T.);
#1351=EDGE_CURVE('',#1036,#1043,#670,.T.);
#1352=EDGE_CURVE('',#1044,#1035,#671,.T.);
#1353=EDGE_CURVE('',#1044,#1045,#133,.T.);
#1354=EDGE_CURVE('',#1045,#1034,#672,.T.);
#1355=EDGE_CURVE('',#1045,#1046,#673,.T.);
#1356=EDGE_CURVE('',#1046,#1033,#674,.T.);
#1357=EDGE_CURVE('',#1043,#1032,#134,.T.);
#1358=EDGE_CURVE('',#1031,#1046,#135,.T.);
#1359=EDGE_CURVE('',#1021,#1024,#675,.T.);
#1360=EDGE_CURVE('',#1022,#1023,#676,.T.);
#1361=EDGE_CURVE('',#1010,#1028,#87,.T.);
#1362=EDGE_CURVE('',#1018,#1028,#677,.T.);
#1363=EDGE_CURVE('',#1028,#1027,#678,.T.);
#1364=EDGE_CURVE('',#1019,#1027,#679,.T.);
#1365=EDGE_CURVE('',#1020,#1025,#680,.T.);
#1366=EDGE_CURVE('',#1027,#1026,#88,.T.);
#1367=EDGE_CURVE('',#1027,#1016,#681,.T.);
#1368=EDGE_CURVE('',#1026,#1015,#682,.T.);
#1369=EDGE_CURVE('',#1028,#1017,#683,.T.);
#1370=EDGE_CURVE('',#1012,#1026,#684,.T.);
#1371=EDGE_CURVE('',#1014,#1027,#685,.T.);
#1372=EDGE_CURVE('',#1013,#1028,#686,.T.);
#1373=ORIENTED_EDGE('',*,*,#1047,.T.);
#1374=ORIENTED_EDGE('',*,*,#1048,.T.);
#1375=ORIENTED_EDGE('',*,*,#1049,.T.);
#1376=ORIENTED_EDGE('',*,*,#1050,.T.);
#1377=ORIENTED_EDGE('',*,*,#1051,.F.);
#1378=ORIENTED_EDGE('',*,*,#1052,.T.);
#1379=ORIENTED_EDGE('',*,*,#1053,.T.);
#1380=ORIENTED_EDGE('',*,*,#1054,.T.);
#1381=ORIENTED_EDGE('',*,*,#1055,.T.);
#1382=ORIENTED_EDGE('',*,*,#1056,.F.);
#1383=ORIENTED_EDGE('',*,*,#1057,.F.);
#1384=ORIENTED_EDGE('',*,*,#1058,.T.);
#1385=ORIENTED_EDGE('',*,*,#1059,.F.);
#1386=ORIENTED_EDGE('',*,*,#1060,.F.);
#1387=ORIENTED_EDGE('',*,*,#1061,.F.);
#1388=ORIENTED_EDGE('',*,*,#1062,.F.);
#1389=ORIENTED_EDGE('',*,*,#1063,.T.);
#1390=ORIENTED_EDGE('',*,*,#1064,.T.);
#1391=ORIENTED_EDGE('',*,*,#1065,.F.);
#1392=ORIENTED_EDGE('',*,*,#1066,.F.);
#1393=ORIENTED_EDGE('',*,*,#1067,.F.);
#1394=ORIENTED_EDGE('',*,*,#1068,.F.);
#1395=ORIENTED_EDGE('',*,*,#1069,.T.);
#1396=ORIENTED_EDGE('',*,*,#1048,.F.);
#1397=ORIENTED_EDGE('',*,*,#1070,.F.);
#1398=ORIENTED_EDGE('',*,*,#1064,.F.);
#1399=ORIENTED_EDGE('',*,*,#1071,.F.);
#1400=ORIENTED_EDGE('',*,*,#1072,.F.);
#1401=ORIENTED_EDGE('',*,*,#1073,.T.);
#1402=ORIENTED_EDGE('',*,*,#1053,.F.);
#1403=ORIENTED_EDGE('',*,*,#1074,.F.);
#1404=ORIENTED_EDGE('',*,*,#1075,.F.);
#1405=ORIENTED_EDGE('',*,*,#1076,.T.);
#1406=ORIENTED_EDGE('',*,*,#1054,.F.);
#1407=ORIENTED_EDGE('',*,*,#1073,.F.);
#1408=ORIENTED_EDGE('',*,*,#1077,.F.);
#1409=ORIENTED_EDGE('',*,*,#1078,.T.);
#1410=ORIENTED_EDGE('',*,*,#1079,.F.);
#1411=ORIENTED_EDGE('',*,*,#1055,.F.);
#1412=ORIENTED_EDGE('',*,*,#1076,.F.);
#1413=ORIENTED_EDGE('',*,*,#1080,.T.);
#1414=ORIENTED_EDGE('',*,*,#1081,.F.);
#1415=ORIENTED_EDGE('',*,*,#1082,.T.);
#1416=ORIENTED_EDGE('',*,*,#1083,.T.);
#1417=ORIENTED_EDGE('',*,*,#1082,.F.);
#1418=ORIENTED_EDGE('',*,*,#1084,.F.);
#1419=ORIENTED_EDGE('',*,*,#1085,.T.);
#1420=ORIENTED_EDGE('',*,*,#1086,.F.);
#1421=ORIENTED_EDGE('',*,*,#1074,.T.);
#1422=ORIENTED_EDGE('',*,*,#1052,.F.);
#1423=ORIENTED_EDGE('',*,*,#1087,.F.);
#1424=ORIENTED_EDGE('',*,*,#1088,.T.);
#1425=ORIENTED_EDGE('',*,*,#1089,.F.);
#1426=ORIENTED_EDGE('',*,*,#1090,.F.);
#1427=ORIENTED_EDGE('',*,*,#1091,.T.);
#1428=ORIENTED_EDGE('',*,*,#1092,.T.);
#1429=ORIENTED_EDGE('',*,*,#1093,.T.);
#1430=ORIENTED_EDGE('',*,*,#1094,.T.);
#1431=ORIENTED_EDGE('',*,*,#1095,.T.);
#1432=ORIENTED_EDGE('',*,*,#1096,.F.);
#1433=ORIENTED_EDGE('',*,*,#1097,.F.);
#1434=ORIENTED_EDGE('',*,*,#1098,.F.);
#1435=ORIENTED_EDGE('',*,*,#1099,.T.);
#1436=ORIENTED_EDGE('',*,*,#1100,.F.);
#1437=ORIENTED_EDGE('',*,*,#1101,.F.);
#1438=ORIENTED_EDGE('',*,*,#1102,.F.);
#1439=ORIENTED_EDGE('',*,*,#1103,.F.);
#1440=ORIENTED_EDGE('',*,*,#1104,.T.);
#1441=ORIENTED_EDGE('',*,*,#1105,.T.);
#1442=ORIENTED_EDGE('',*,*,#1106,.T.);
#1443=ORIENTED_EDGE('',*,*,#1107,.T.);
#1444=ORIENTED_EDGE('',*,*,#1108,.F.);
#1445=ORIENTED_EDGE('',*,*,#1050,.F.);
#1446=ORIENTED_EDGE('',*,*,#1109,.F.);
#1447=ORIENTED_EDGE('',*,*,#1110,.F.);
#1448=ORIENTED_EDGE('',*,*,#1111,.F.);
#1449=ORIENTED_EDGE('',*,*,#1112,.T.);
#1450=ORIENTED_EDGE('',*,*,#1113,.F.);
#1451=ORIENTED_EDGE('',*,*,#1114,.F.);
#1452=ORIENTED_EDGE('',*,*,#1095,.F.);
#1453=ORIENTED_EDGE('',*,*,#1115,.F.);
#1454=ORIENTED_EDGE('',*,*,#1116,.F.);
#1455=ORIENTED_EDGE('',*,*,#1115,.T.);
#1456=ORIENTED_EDGE('',*,*,#1094,.F.);
#1457=ORIENTED_EDGE('',*,*,#1117,.F.);
#1458=ORIENTED_EDGE('',*,*,#1118,.F.);
#1459=ORIENTED_EDGE('',*,*,#1117,.T.);
#1460=ORIENTED_EDGE('',*,*,#1093,.F.);
#1461=ORIENTED_EDGE('',*,*,#1119,.F.);
#1462=ORIENTED_EDGE('',*,*,#1120,.F.);
#1463=ORIENTED_EDGE('',*,*,#1119,.T.);
#1464=ORIENTED_EDGE('',*,*,#1092,.F.);
#1465=ORIENTED_EDGE('',*,*,#1121,.F.);
#1466=ORIENTED_EDGE('',*,*,#1122,.F.);
#1467=ORIENTED_EDGE('',*,*,#1123,.F.);
#1468=ORIENTED_EDGE('',*,*,#1124,.F.);
#1469=ORIENTED_EDGE('',*,*,#1121,.T.);
#1470=ORIENTED_EDGE('',*,*,#1091,.F.);
#1471=ORIENTED_EDGE('',*,*,#1125,.F.);
#1472=ORIENTED_EDGE('',*,*,#1106,.F.);
#1473=ORIENTED_EDGE('',*,*,#1126,.F.);
#1474=ORIENTED_EDGE('',*,*,#1127,.F.);
#1475=ORIENTED_EDGE('',*,*,#1126,.T.);
#1476=ORIENTED_EDGE('',*,*,#1105,.F.);
#1477=ORIENTED_EDGE('',*,*,#1128,.F.);
#1478=ORIENTED_EDGE('',*,*,#1129,.F.);
#1479=ORIENTED_EDGE('',*,*,#1128,.T.);
#1480=ORIENTED_EDGE('',*,*,#1104,.F.);
#1481=ORIENTED_EDGE('',*,*,#1130,.F.);
#1482=ORIENTED_EDGE('',*,*,#1088,.F.);
#1483=ORIENTED_EDGE('',*,*,#1131,.F.);
#1484=ORIENTED_EDGE('',*,*,#1080,.F.);
#1485=ORIENTED_EDGE('',*,*,#1083,.F.);
#1486=ORIENTED_EDGE('',*,*,#1111,.T.);
#1487=ORIENTED_EDGE('',*,*,#1132,.T.);
#1488=ORIENTED_EDGE('',*,*,#1068,.T.);
#1489=ORIENTED_EDGE('',*,*,#1133,.T.);
#1490=ORIENTED_EDGE('',*,*,#1110,.T.);
#1491=ORIENTED_EDGE('',*,*,#1134,.T.);
#1492=ORIENTED_EDGE('',*,*,#1062,.T.);
#1493=ORIENTED_EDGE('',*,*,#1135,.T.);
#1494=ORIENTED_EDGE('',*,*,#1071,.T.);
#1495=ORIENTED_EDGE('',*,*,#1136,.T.);
#1496=ORIENTED_EDGE('',*,*,#1057,.T.);
#1497=ORIENTED_EDGE('',*,*,#1137,.T.);
#1498=ORIENTED_EDGE('',*,*,#1098,.T.);
#1499=ORIENTED_EDGE('',*,*,#1138,.T.);
#1500=ORIENTED_EDGE('',*,*,#1096,.T.);
#1501=ORIENTED_EDGE('',*,*,#1114,.T.);
#1502=ORIENTED_EDGE('',*,*,#1139,.T.);
#1503=ORIENTED_EDGE('',*,*,#1140,.T.);
#1504=ORIENTED_EDGE('',*,*,#1141,.T.);
#1505=ORIENTED_EDGE('',*,*,#1142,.T.);
#1506=ORIENTED_EDGE('',*,*,#1143,.T.);
#1507=ORIENTED_EDGE('',*,*,#1144,.T.);
#1508=ORIENTED_EDGE('',*,*,#1145,.T.);
#1509=ORIENTED_EDGE('',*,*,#1146,.T.);
#1510=ORIENTED_EDGE('',*,*,#1077,.T.);
#1511=ORIENTED_EDGE('',*,*,#1075,.T.);
#1512=ORIENTED_EDGE('',*,*,#1072,.T.);
#1513=ORIENTED_EDGE('',*,*,#1086,.T.);
#1514=ORIENTED_EDGE('',*,*,#1147,.T.);
#1515=ORIENTED_EDGE('',*,*,#1084,.T.);
#1516=ORIENTED_EDGE('',*,*,#1081,.T.);
#1517=ORIENTED_EDGE('',*,*,#1131,.T.);
#1518=ORIENTED_EDGE('',*,*,#1090,.T.);
#1519=ORIENTED_EDGE('',*,*,#1148,.T.);
#1520=ORIENTED_EDGE('',*,*,#1056,.T.);
#1521=ORIENTED_EDGE('',*,*,#1149,.T.);
#1522=ORIENTED_EDGE('',*,*,#1150,.F.);
#1523=ORIENTED_EDGE('',*,*,#1151,.F.);
#1524=ORIENTED_EDGE('',*,*,#1137,.F.);
#1525=ORIENTED_EDGE('',*,*,#1135,.F.);
#1526=ORIENTED_EDGE('',*,*,#1152,.T.);
#1527=ORIENTED_EDGE('',*,*,#1153,.F.);
#1528=ORIENTED_EDGE('',*,*,#1154,.F.);
#1529=ORIENTED_EDGE('',*,*,#1063,.F.);
#1530=ORIENTED_EDGE('',*,*,#1136,.F.);
#1531=ORIENTED_EDGE('',*,*,#1154,.T.);
#1532=ORIENTED_EDGE('',*,*,#1155,.F.);
#1533=ORIENTED_EDGE('',*,*,#1156,.F.);
#1534=ORIENTED_EDGE('',*,*,#1133,.F.);
#1535=ORIENTED_EDGE('',*,*,#1156,.T.);
#1536=ORIENTED_EDGE('',*,*,#1157,.F.);
#1537=ORIENTED_EDGE('',*,*,#1158,.F.);
#1538=ORIENTED_EDGE('',*,*,#1109,.T.);
#1539=ORIENTED_EDGE('',*,*,#1049,.F.);
#1540=ORIENTED_EDGE('',*,*,#1069,.F.);
#1541=ORIENTED_EDGE('',*,*,#1134,.F.);
#1542=ORIENTED_EDGE('',*,*,#1158,.T.);
#1543=ORIENTED_EDGE('',*,*,#1159,.F.);
#1544=ORIENTED_EDGE('',*,*,#1160,.F.);
#1545=ORIENTED_EDGE('',*,*,#1132,.F.);
#1546=ORIENTED_EDGE('',*,*,#1160,.T.);
#1547=ORIENTED_EDGE('',*,*,#1161,.F.);
#1548=ORIENTED_EDGE('',*,*,#1162,.F.);
#1549=ORIENTED_EDGE('',*,*,#1089,.T.);
#1550=ORIENTED_EDGE('',*,*,#1130,.T.);
#1551=ORIENTED_EDGE('',*,*,#1112,.F.);
#1552=ORIENTED_EDGE('',*,*,#1148,.F.);
#1553=ORIENTED_EDGE('',*,*,#1162,.T.);
#1554=ORIENTED_EDGE('',*,*,#1163,.F.);
#1555=ORIENTED_EDGE('',*,*,#1164,.F.);
#1556=ORIENTED_EDGE('',*,*,#1138,.F.);
#1557=ORIENTED_EDGE('',*,*,#1165,.F.);
#1558=ORIENTED_EDGE('',*,*,#1166,.T.);
#1559=ORIENTED_EDGE('',*,*,#1167,.T.);
#1560=ORIENTED_EDGE('',*,*,#1163,.T.);
#1561=ORIENTED_EDGE('',*,*,#1161,.T.);
#1562=ORIENTED_EDGE('',*,*,#1159,.T.);
#1563=ORIENTED_EDGE('',*,*,#1157,.T.);
#1564=ORIENTED_EDGE('',*,*,#1155,.T.);
#1565=ORIENTED_EDGE('',*,*,#1153,.T.);
#1566=ORIENTED_EDGE('',*,*,#1168,.T.);
#1567=ORIENTED_EDGE('',*,*,#1150,.T.);
#1568=ORIENTED_EDGE('',*,*,#1097,.T.);
#1569=ORIENTED_EDGE('',*,*,#1165,.T.);
#1570=ORIENTED_EDGE('',*,*,#1108,.T.);
#1571=ORIENTED_EDGE('',*,*,#1169,.F.);
#1572=ORIENTED_EDGE('',*,*,#1170,.F.);
#1573=ORIENTED_EDGE('',*,*,#1102,.T.);
#1574=ORIENTED_EDGE('',*,*,#1171,.F.);
#1575=ORIENTED_EDGE('',*,*,#1101,.T.);
#1576=ORIENTED_EDGE('',*,*,#1172,.F.);
#1577=ORIENTED_EDGE('',*,*,#1100,.T.);
#1578=ORIENTED_EDGE('',*,*,#1173,.F.);
#1579=ORIENTED_EDGE('',*,*,#1059,.T.);
#1580=ORIENTED_EDGE('',*,*,#1174,.F.);
#1581=ORIENTED_EDGE('',*,*,#1066,.T.);
#1582=ORIENTED_EDGE('',*,*,#1175,.F.);
#1583=ORIENTED_EDGE('',*,*,#1070,.T.);
#1584=ORIENTED_EDGE('',*,*,#1176,.T.);
#1585=ORIENTED_EDGE('',*,*,#1177,.F.);
#1586=ORIENTED_EDGE('',*,*,#1178,.F.);
#1587=ORIENTED_EDGE('',*,*,#1179,.T.);
#1588=ORIENTED_EDGE('',*,*,#1180,.T.);
#1589=ORIENTED_EDGE('',*,*,#1179,.F.);
#1590=ORIENTED_EDGE('',*,*,#1180,.F.);
#1591=ORIENTED_EDGE('',*,*,#1181,.F.);
#1592=ORIENTED_EDGE('',*,*,#1182,.F.);
#1593=ORIENTED_EDGE('',*,*,#1183,.F.);
#1594=ORIENTED_EDGE('',*,*,#1184,.F.);
#1595=ORIENTED_EDGE('',*,*,#1185,.F.);
#1596=ORIENTED_EDGE('',*,*,#1186,.T.);
#1597=ORIENTED_EDGE('',*,*,#1187,.T.);
#1598=ORIENTED_EDGE('',*,*,#1188,.T.);
#1599=ORIENTED_EDGE('',*,*,#1189,.T.);
#1600=ORIENTED_EDGE('',*,*,#1190,.T.);
#1601=ORIENTED_EDGE('',*,*,#1187,.F.);
#1602=ORIENTED_EDGE('',*,*,#1191,.T.);
#1603=ORIENTED_EDGE('',*,*,#1192,.F.);
#1604=ORIENTED_EDGE('',*,*,#1193,.T.);
#1605=ORIENTED_EDGE('',*,*,#1194,.T.);
#1606=ORIENTED_EDGE('',*,*,#1195,.T.);
#1607=ORIENTED_EDGE('',*,*,#1189,.F.);
#1608=ORIENTED_EDGE('',*,*,#1196,.T.);
#1609=ORIENTED_EDGE('',*,*,#1197,.F.);
#1610=ORIENTED_EDGE('',*,*,#1198,.T.);
#1611=ORIENTED_EDGE('',*,*,#1199,.T.);
#1612=ORIENTED_EDGE('',*,*,#1194,.F.);
#1613=ORIENTED_EDGE('',*,*,#1200,.T.);
#1614=ORIENTED_EDGE('',*,*,#1201,.T.);
#1615=ORIENTED_EDGE('',*,*,#1202,.T.);
#1616=ORIENTED_EDGE('',*,*,#1198,.F.);
#1617=ORIENTED_EDGE('',*,*,#1203,.T.);
#1618=ORIENTED_EDGE('',*,*,#1203,.F.);
#1619=ORIENTED_EDGE('',*,*,#1200,.F.);
#1620=ORIENTED_EDGE('',*,*,#1204,.T.);
#1621=ORIENTED_EDGE('',*,*,#1205,.F.);
#1622=ORIENTED_EDGE('',*,*,#1206,.T.);
#1623=ORIENTED_EDGE('',*,*,#1193,.F.);
#1624=ORIENTED_EDGE('',*,*,#1207,.T.);
#1625=ORIENTED_EDGE('',*,*,#1196,.F.);
#1626=ORIENTED_EDGE('',*,*,#1208,.F.);
#1627=ORIENTED_EDGE('',*,*,#1209,.F.);
#1628=ORIENTED_EDGE('',*,*,#1210,.F.);
#1629=ORIENTED_EDGE('',*,*,#1211,.F.);
#1630=ORIENTED_EDGE('',*,*,#1204,.F.);
#1631=ORIENTED_EDGE('',*,*,#1212,.T.);
#1632=ORIENTED_EDGE('',*,*,#1213,.T.);
#1633=ORIENTED_EDGE('',*,*,#1214,.T.);
#1634=ORIENTED_EDGE('',*,*,#1191,.F.);
#1635=ORIENTED_EDGE('',*,*,#1186,.F.);
#1636=ORIENTED_EDGE('',*,*,#1215,.T.);
#1637=ORIENTED_EDGE('',*,*,#1216,.T.);
#1638=ORIENTED_EDGE('',*,*,#1208,.T.);
#1639=ORIENTED_EDGE('',*,*,#1217,.T.);
#1640=ORIENTED_EDGE('',*,*,#1209,.T.);
#1641=ORIENTED_EDGE('',*,*,#1216,.F.);
#1642=ORIENTED_EDGE('',*,*,#1218,.T.);
#1643=ORIENTED_EDGE('',*,*,#1219,.T.);
#1644=ORIENTED_EDGE('',*,*,#1210,.T.);
#1645=ORIENTED_EDGE('',*,*,#1217,.F.);
#1646=ORIENTED_EDGE('',*,*,#1220,.T.);
#1647=ORIENTED_EDGE('',*,*,#1205,.T.);
#1648=ORIENTED_EDGE('',*,*,#1211,.T.);
#1649=ORIENTED_EDGE('',*,*,#1219,.F.);
#1650=ORIENTED_EDGE('',*,*,#1221,.T.);
#1651=ORIENTED_EDGE('',*,*,#1206,.F.);
#1652=ORIENTED_EDGE('',*,*,#1222,.F.);
#1653=ORIENTED_EDGE('',*,*,#1223,.F.);
#1654=ORIENTED_EDGE('',*,*,#1224,.F.);
#1655=ORIENTED_EDGE('',*,*,#1201,.F.);
#1656=ORIENTED_EDGE('',*,*,#1221,.F.);
#1657=ORIENTED_EDGE('',*,*,#1225,.T.);
#1658=ORIENTED_EDGE('',*,*,#1226,.T.);
#1659=ORIENTED_EDGE('',*,*,#1222,.T.);
#1660=ORIENTED_EDGE('',*,*,#1220,.F.);
#1661=ORIENTED_EDGE('',*,*,#1227,.F.);
#1662=ORIENTED_EDGE('',*,*,#1228,.F.);
#1663=ORIENTED_EDGE('',*,*,#1225,.F.);
#1664=ORIENTED_EDGE('',*,*,#1218,.F.);
#1665=ORIENTED_EDGE('',*,*,#1229,.T.);
#1666=ORIENTED_EDGE('',*,*,#1230,.T.);
#1667=ORIENTED_EDGE('',*,*,#1227,.T.);
#1668=ORIENTED_EDGE('',*,*,#1231,.F.);
#1669=ORIENTED_EDGE('',*,*,#1232,.F.);
#1670=ORIENTED_EDGE('',*,*,#1229,.F.);
#1671=ORIENTED_EDGE('',*,*,#1215,.F.);
#1672=ORIENTED_EDGE('',*,*,#1185,.T.);
#1673=ORIENTED_EDGE('',*,*,#1188,.F.);
#1674=ORIENTED_EDGE('',*,*,#1233,.T.);
#1675=ORIENTED_EDGE('',*,*,#1234,.T.);
#1676=ORIENTED_EDGE('',*,*,#1235,.F.);
#1677=ORIENTED_EDGE('',*,*,#1234,.F.);
#1678=ORIENTED_EDGE('',*,*,#1236,.T.);
#1679=ORIENTED_EDGE('',*,*,#1237,.T.);
#1680=ORIENTED_EDGE('',*,*,#1238,.T.);
#1681=ORIENTED_EDGE('',*,*,#1239,.F.);
#1682=ORIENTED_EDGE('',*,*,#1240,.F.);
#1683=ORIENTED_EDGE('',*,*,#1241,.T.);
#1684=ORIENTED_EDGE('',*,*,#1242,.F.);
#1685=ORIENTED_EDGE('',*,*,#1202,.F.);
#1686=ORIENTED_EDGE('',*,*,#1243,.F.);
#1687=ORIENTED_EDGE('',*,*,#1239,.T.);
#1688=ORIENTED_EDGE('',*,*,#1244,.T.);
#1689=ORIENTED_EDGE('',*,*,#1242,.T.);
#1690=ORIENTED_EDGE('',*,*,#1245,.T.);
#1691=ORIENTED_EDGE('',*,*,#1246,.T.);
#1692=ORIENTED_EDGE('',*,*,#1231,.T.);
#1693=ORIENTED_EDGE('',*,*,#1235,.T.);
#1694=ORIENTED_EDGE('',*,*,#1246,.F.);
#1695=ORIENTED_EDGE('',*,*,#1247,.T.);
#1696=ORIENTED_EDGE('',*,*,#1248,.F.);
#1697=ORIENTED_EDGE('',*,*,#1223,.T.);
#1698=ORIENTED_EDGE('',*,*,#1226,.F.);
#1699=ORIENTED_EDGE('',*,*,#1228,.T.);
#1700=ORIENTED_EDGE('',*,*,#1230,.F.);
#1701=ORIENTED_EDGE('',*,*,#1232,.T.);
#1702=ORIENTED_EDGE('',*,*,#1178,.T.);
#1703=ORIENTED_EDGE('',*,*,#1248,.T.);
#1704=ORIENTED_EDGE('',*,*,#1249,.T.);
#1705=ORIENTED_EDGE('',*,*,#1240,.T.);
#1706=ORIENTED_EDGE('',*,*,#1243,.T.);
#1707=ORIENTED_EDGE('',*,*,#1224,.T.);
#1708=ORIENTED_EDGE('',*,*,#1250,.T.);
#1709=ORIENTED_EDGE('',*,*,#1251,.T.);
#1710=ORIENTED_EDGE('',*,*,#1252,.T.);
#1711=ORIENTED_EDGE('',*,*,#1237,.F.);
#1712=ORIENTED_EDGE('',*,*,#1253,.T.);
#1713=ORIENTED_EDGE('',*,*,#1251,.F.);
#1714=ORIENTED_EDGE('',*,*,#1254,.T.);
#1715=ORIENTED_EDGE('',*,*,#1199,.F.);
#1716=ORIENTED_EDGE('',*,*,#1244,.F.);
#1717=ORIENTED_EDGE('',*,*,#1238,.F.);
#1718=ORIENTED_EDGE('',*,*,#1252,.F.);
#1719=ORIENTED_EDGE('',*,*,#1253,.F.);
#1720=ORIENTED_EDGE('',*,*,#1236,.F.);
#1721=ORIENTED_EDGE('',*,*,#1233,.F.);
#1722=ORIENTED_EDGE('',*,*,#1190,.F.);
#1723=ORIENTED_EDGE('',*,*,#1195,.F.);
#1724=ORIENTED_EDGE('',*,*,#1255,.F.);
#1725=ORIENTED_EDGE('',*,*,#1256,.T.);
#1726=ORIENTED_EDGE('',*,*,#1254,.F.);
#1727=ORIENTED_EDGE('',*,*,#1250,.F.);
#1728=ORIENTED_EDGE('',*,*,#1256,.F.);
#1729=ORIENTED_EDGE('',*,*,#1257,.F.);
#1730=ORIENTED_EDGE('',*,*,#1258,.F.);
#1731=ORIENTED_EDGE('',*,*,#1122,.T.);
#1732=ORIENTED_EDGE('',*,*,#1127,.T.);
#1733=ORIENTED_EDGE('',*,*,#1129,.T.);
#1734=ORIENTED_EDGE('',*,*,#1085,.F.);
#1735=ORIENTED_EDGE('',*,*,#1147,.F.);
#1736=ORIENTED_EDGE('',*,*,#1087,.T.);
#1737=ORIENTED_EDGE('',*,*,#1259,.T.);
#1738=ORIENTED_EDGE('',*,*,#1260,.F.);
#1739=ORIENTED_EDGE('',*,*,#1261,.F.);
#1740=ORIENTED_EDGE('',*,*,#1123,.T.);
#1741=ORIENTED_EDGE('',*,*,#1258,.T.);
#1742=ORIENTED_EDGE('',*,*,#1262,.F.);
#1743=ORIENTED_EDGE('',*,*,#1263,.F.);
#1744=ORIENTED_EDGE('',*,*,#1264,.F.);
#1745=ORIENTED_EDGE('',*,*,#1265,.F.);
#1746=ORIENTED_EDGE('',*,*,#1139,.F.);
#1747=ORIENTED_EDGE('',*,*,#1113,.T.);
#1748=ORIENTED_EDGE('',*,*,#1116,.T.);
#1749=ORIENTED_EDGE('',*,*,#1118,.T.);
#1750=ORIENTED_EDGE('',*,*,#1120,.T.);
#1751=ORIENTED_EDGE('',*,*,#1124,.T.);
#1752=ORIENTED_EDGE('',*,*,#1261,.T.);
#1753=ORIENTED_EDGE('',*,*,#1266,.F.);
#1754=ORIENTED_EDGE('',*,*,#1267,.F.);
#1755=ORIENTED_EDGE('',*,*,#1140,.F.);
#1756=ORIENTED_EDGE('',*,*,#1265,.T.);
#1757=ORIENTED_EDGE('',*,*,#1268,.F.);
#1758=ORIENTED_EDGE('',*,*,#1269,.F.);
#1759=ORIENTED_EDGE('',*,*,#1141,.F.);
#1760=ORIENTED_EDGE('',*,*,#1267,.T.);
#1761=ORIENTED_EDGE('',*,*,#1270,.F.);
#1762=ORIENTED_EDGE('',*,*,#1271,.F.);
#1763=ORIENTED_EDGE('',*,*,#1272,.F.);
#1764=ORIENTED_EDGE('',*,*,#1142,.F.);
#1765=ORIENTED_EDGE('',*,*,#1269,.T.);
#1766=ORIENTED_EDGE('',*,*,#1273,.T.);
#1767=ORIENTED_EDGE('',*,*,#1274,.T.);
#1768=ORIENTED_EDGE('',*,*,#1166,.F.);
#1769=ORIENTED_EDGE('',*,*,#1149,.F.);
#1770=ORIENTED_EDGE('',*,*,#1061,.T.);
#1771=ORIENTED_EDGE('',*,*,#1275,.T.);
#1772=ORIENTED_EDGE('',*,*,#1274,.F.);
#1773=ORIENTED_EDGE('',*,*,#1276,.F.);
#1774=ORIENTED_EDGE('',*,*,#1277,.F.);
#1775=ORIENTED_EDGE('',*,*,#1099,.F.);
#1776=ORIENTED_EDGE('',*,*,#1164,.T.);
#1777=ORIENTED_EDGE('',*,*,#1167,.F.);
#1778=ORIENTED_EDGE('',*,*,#1079,.T.);
#1779=ORIENTED_EDGE('',*,*,#1278,.T.);
#1780=ORIENTED_EDGE('',*,*,#1279,.F.);
#1781=ORIENTED_EDGE('',*,*,#1280,.F.);
#1782=ORIENTED_EDGE('',*,*,#1281,.F.);
#1783=ORIENTED_EDGE('',*,*,#1047,.F.);
#1784=ORIENTED_EDGE('',*,*,#1281,.T.);
#1785=ORIENTED_EDGE('',*,*,#1282,.F.);
#1786=ORIENTED_EDGE('',*,*,#1283,.F.);
#1787=ORIENTED_EDGE('',*,*,#1176,.F.);
#1788=ORIENTED_EDGE('',*,*,#1177,.T.);
#1789=ORIENTED_EDGE('',*,*,#1283,.T.);
#1790=ORIENTED_EDGE('',*,*,#1284,.F.);
#1791=ORIENTED_EDGE('',*,*,#1285,.F.);
#1792=ORIENTED_EDGE('',*,*,#1175,.T.);
#1793=ORIENTED_EDGE('',*,*,#1065,.T.);
#1794=ORIENTED_EDGE('',*,*,#1285,.T.);
#1795=ORIENTED_EDGE('',*,*,#1286,.F.);
#1796=ORIENTED_EDGE('',*,*,#1287,.F.);
#1797=ORIENTED_EDGE('',*,*,#1287,.T.);
#1798=ORIENTED_EDGE('',*,*,#1288,.F.);
#1799=ORIENTED_EDGE('',*,*,#1289,.F.);
#1800=ORIENTED_EDGE('',*,*,#1058,.F.);
#1801=ORIENTED_EDGE('',*,*,#1151,.T.);
#1802=ORIENTED_EDGE('',*,*,#1168,.F.);
#1803=ORIENTED_EDGE('',*,*,#1152,.F.);
#1804=ORIENTED_EDGE('',*,*,#1067,.T.);
#1805=ORIENTED_EDGE('',*,*,#1060,.T.);
#1806=ORIENTED_EDGE('',*,*,#1174,.T.);
#1807=ORIENTED_EDGE('',*,*,#1289,.T.);
#1808=ORIENTED_EDGE('',*,*,#1290,.F.);
#1809=ORIENTED_EDGE('',*,*,#1275,.F.);
#1810=ORIENTED_EDGE('',*,*,#1171,.T.);
#1811=ORIENTED_EDGE('',*,*,#1172,.T.);
#1812=ORIENTED_EDGE('',*,*,#1173,.T.);
#1813=ORIENTED_EDGE('',*,*,#1277,.T.);
#1814=ORIENTED_EDGE('',*,*,#1291,.F.);
#1815=ORIENTED_EDGE('',*,*,#1292,.F.);
#1816=ORIENTED_EDGE('',*,*,#1292,.T.);
#1817=ORIENTED_EDGE('',*,*,#1293,.F.);
#1818=ORIENTED_EDGE('',*,*,#1294,.F.);
#1819=ORIENTED_EDGE('',*,*,#1107,.F.);
#1820=ORIENTED_EDGE('',*,*,#1125,.T.);
#1821=ORIENTED_EDGE('',*,*,#1103,.T.);
#1822=ORIENTED_EDGE('',*,*,#1169,.T.);
#1823=ORIENTED_EDGE('',*,*,#1294,.T.);
#1824=ORIENTED_EDGE('',*,*,#1295,.F.);
#1825=ORIENTED_EDGE('',*,*,#1296,.F.);
#1826=ORIENTED_EDGE('',*,*,#1297,.F.);
#1827=ORIENTED_EDGE('',*,*,#1298,.F.);
#1828=ORIENTED_EDGE('',*,*,#1143,.F.);
#1829=ORIENTED_EDGE('',*,*,#1272,.T.);
#1830=ORIENTED_EDGE('',*,*,#1299,.F.);
#1831=ORIENTED_EDGE('',*,*,#1300,.F.);
#1832=ORIENTED_EDGE('',*,*,#1144,.F.);
#1833=ORIENTED_EDGE('',*,*,#1298,.T.);
#1834=ORIENTED_EDGE('',*,*,#1301,.F.);
#1835=ORIENTED_EDGE('',*,*,#1302,.F.);
#1836=ORIENTED_EDGE('',*,*,#1145,.F.);
#1837=ORIENTED_EDGE('',*,*,#1300,.T.);
#1838=ORIENTED_EDGE('',*,*,#1303,.F.);
#1839=ORIENTED_EDGE('',*,*,#1278,.F.);
#1840=ORIENTED_EDGE('',*,*,#1078,.F.);
#1841=ORIENTED_EDGE('',*,*,#1146,.F.);
#1842=ORIENTED_EDGE('',*,*,#1302,.T.);
#1843=ORIENTED_EDGE('',*,*,#1279,.T.);
#1844=ORIENTED_EDGE('',*,*,#1304,.F.);
#1845=ORIENTED_EDGE('',*,*,#1305,.F.);
#1846=ORIENTED_EDGE('',*,*,#1306,.F.);
#1847=ORIENTED_EDGE('',*,*,#1307,.F.);
#1848=ORIENTED_EDGE('',*,*,#1308,.T.);
#1849=ORIENTED_EDGE('',*,*,#1295,.T.);
#1850=ORIENTED_EDGE('',*,*,#1293,.T.);
#1851=ORIENTED_EDGE('',*,*,#1291,.T.);
#1852=ORIENTED_EDGE('',*,*,#1276,.T.);
#1853=ORIENTED_EDGE('',*,*,#1273,.F.);
#1854=ORIENTED_EDGE('',*,*,#1290,.T.);
#1855=ORIENTED_EDGE('',*,*,#1288,.T.);
#1856=ORIENTED_EDGE('',*,*,#1286,.T.);
#1857=ORIENTED_EDGE('',*,*,#1284,.T.);
#1858=ORIENTED_EDGE('',*,*,#1282,.T.);
#1859=ORIENTED_EDGE('',*,*,#1280,.T.);
#1860=ORIENTED_EDGE('',*,*,#1307,.T.);
#1861=ORIENTED_EDGE('',*,*,#1309,.T.);
#1862=ORIENTED_EDGE('',*,*,#1310,.T.);
#1863=ORIENTED_EDGE('',*,*,#1311,.T.);
#1864=ORIENTED_EDGE('',*,*,#1255,.T.);
#1865=ORIENTED_EDGE('',*,*,#1257,.T.);
#1866=ORIENTED_EDGE('',*,*,#1312,.T.);
#1867=ORIENTED_EDGE('',*,*,#1313,.T.);
#1868=ORIENTED_EDGE('',*,*,#1314,.T.);
#1869=ORIENTED_EDGE('',*,*,#1315,.T.);
#1870=ORIENTED_EDGE('',*,*,#1304,.T.);
#1871=ORIENTED_EDGE('',*,*,#1303,.T.);
#1872=ORIENTED_EDGE('',*,*,#1301,.T.);
#1873=ORIENTED_EDGE('',*,*,#1299,.T.);
#1874=ORIENTED_EDGE('',*,*,#1297,.T.);
#1875=ORIENTED_EDGE('',*,*,#1271,.T.);
#1876=ORIENTED_EDGE('',*,*,#1270,.T.);
#1877=ORIENTED_EDGE('',*,*,#1268,.T.);
#1878=ORIENTED_EDGE('',*,*,#1266,.T.);
#1879=ORIENTED_EDGE('',*,*,#1264,.T.);
#1880=ORIENTED_EDGE('',*,*,#1263,.T.);
#1881=ORIENTED_EDGE('',*,*,#1262,.T.);
#1882=ORIENTED_EDGE('',*,*,#1260,.T.);
#1883=ORIENTED_EDGE('',*,*,#1316,.T.);
#1884=ORIENTED_EDGE('',*,*,#1317,.T.);
#1885=ORIENTED_EDGE('',*,*,#1318,.T.);
#1886=ORIENTED_EDGE('',*,*,#1319,.T.);
#1887=ORIENTED_EDGE('',*,*,#1320,.T.);
#1888=ORIENTED_EDGE('',*,*,#1214,.F.);
#1889=ORIENTED_EDGE('',*,*,#1321,.T.);
#1890=ORIENTED_EDGE('',*,*,#1181,.T.);
#1891=ORIENTED_EDGE('',*,*,#1321,.F.);
#1892=ORIENTED_EDGE('',*,*,#1213,.F.);
#1893=ORIENTED_EDGE('',*,*,#1322,.T.);
#1894=ORIENTED_EDGE('',*,*,#1182,.T.);
#1895=ORIENTED_EDGE('',*,*,#1322,.F.);
#1896=ORIENTED_EDGE('',*,*,#1192,.T.);
#1897=ORIENTED_EDGE('',*,*,#1323,.T.);
#1898=ORIENTED_EDGE('',*,*,#1183,.T.);
#1899=ORIENTED_EDGE('',*,*,#1323,.F.);
#1900=ORIENTED_EDGE('',*,*,#1197,.T.);
#1901=ORIENTED_EDGE('',*,*,#1207,.F.);
#1902=ORIENTED_EDGE('',*,*,#1212,.F.);
#1903=ORIENTED_EDGE('',*,*,#1324,.T.);
#1904=ORIENTED_EDGE('',*,*,#1184,.T.);
#1905=ORIENTED_EDGE('',*,*,#1324,.F.);
#1906=ORIENTED_EDGE('',*,*,#1245,.F.);
#1907=ORIENTED_EDGE('',*,*,#1241,.F.);
#1908=ORIENTED_EDGE('',*,*,#1249,.F.);
#1909=ORIENTED_EDGE('',*,*,#1247,.F.);
#1910=ORIENTED_EDGE('',*,*,#1325,.T.);
#1911=ORIENTED_EDGE('',*,*,#1326,.T.);
#1912=ORIENTED_EDGE('',*,*,#1327,.T.);
#1913=ORIENTED_EDGE('',*,*,#1328,.T.);
#1914=ORIENTED_EDGE('',*,*,#1329,.F.);
#1915=ORIENTED_EDGE('',*,*,#1330,.F.);
#1916=ORIENTED_EDGE('',*,*,#1331,.F.);
#1917=ORIENTED_EDGE('',*,*,#1332,.F.);
#1918=ORIENTED_EDGE('',*,*,#1333,.F.);
#1919=ORIENTED_EDGE('',*,*,#1334,.F.);
#1920=ORIENTED_EDGE('',*,*,#1335,.F.);
#1921=ORIENTED_EDGE('',*,*,#1336,.F.);
#1922=ORIENTED_EDGE('',*,*,#1337,.F.);
#1923=ORIENTED_EDGE('',*,*,#1338,.F.);
#1924=ORIENTED_EDGE('',*,*,#1339,.F.);
#1925=ORIENTED_EDGE('',*,*,#1340,.T.);
#1926=ORIENTED_EDGE('',*,*,#1341,.F.);
#1927=ORIENTED_EDGE('',*,*,#1342,.T.);
#1928=ORIENTED_EDGE('',*,*,#1343,.T.);
#1929=ORIENTED_EDGE('',*,*,#1344,.F.);
#1930=ORIENTED_EDGE('',*,*,#1345,.F.);
#1931=ORIENTED_EDGE('',*,*,#1344,.T.);
#1932=ORIENTED_EDGE('',*,*,#1346,.T.);
#1933=ORIENTED_EDGE('',*,*,#1332,.T.);
#1934=ORIENTED_EDGE('',*,*,#1347,.T.);
#1935=ORIENTED_EDGE('',*,*,#1333,.T.);
#1936=ORIENTED_EDGE('',*,*,#1347,.F.);
#1937=ORIENTED_EDGE('',*,*,#1345,.T.);
#1938=ORIENTED_EDGE('',*,*,#1346,.F.);
#1939=ORIENTED_EDGE('',*,*,#1343,.F.);
#1940=ORIENTED_EDGE('',*,*,#1348,.T.);
#1941=ORIENTED_EDGE('',*,*,#1342,.F.);
#1942=ORIENTED_EDGE('',*,*,#1349,.F.);
#1943=ORIENTED_EDGE('',*,*,#1340,.F.);
#1944=ORIENTED_EDGE('',*,*,#1348,.F.);
#1945=ORIENTED_EDGE('',*,*,#1350,.F.);
#1946=ORIENTED_EDGE('',*,*,#1351,.F.);
#1947=ORIENTED_EDGE('',*,*,#1338,.T.);
#1948=ORIENTED_EDGE('',*,*,#1352,.F.);
#1949=ORIENTED_EDGE('',*,*,#1353,.F.);
#1950=ORIENTED_EDGE('',*,*,#1352,.T.);
#1951=ORIENTED_EDGE('',*,*,#1337,.T.);
#1952=ORIENTED_EDGE('',*,*,#1354,.F.);
#1953=ORIENTED_EDGE('',*,*,#1355,.F.);
#1954=ORIENTED_EDGE('',*,*,#1354,.T.);
#1955=ORIENTED_EDGE('',*,*,#1336,.T.);
#1956=ORIENTED_EDGE('',*,*,#1356,.F.);
#1957=ORIENTED_EDGE('',*,*,#1334,.T.);
#1958=ORIENTED_EDGE('',*,*,#1357,.F.);
#1959=ORIENTED_EDGE('',*,*,#1350,.T.);
#1960=ORIENTED_EDGE('',*,*,#1353,.T.);
#1961=ORIENTED_EDGE('',*,*,#1355,.T.);
#1962=ORIENTED_EDGE('',*,*,#1358,.F.);
#1963=ORIENTED_EDGE('',*,*,#1356,.T.);
#1964=ORIENTED_EDGE('',*,*,#1335,.T.);
#1965=ORIENTED_EDGE('',*,*,#1358,.T.);
#1966=ORIENTED_EDGE('',*,*,#1351,.T.);
#1967=ORIENTED_EDGE('',*,*,#1357,.T.);
#1968=ORIENTED_EDGE('',*,*,#1339,.T.);
#1969=ORIENTED_EDGE('',*,*,#1319,.F.);
#1970=ORIENTED_EDGE('',*,*,#1359,.T.);
#1971=ORIENTED_EDGE('',*,*,#1326,.F.);
#1972=ORIENTED_EDGE('',*,*,#1360,.F.);
#1973=ORIENTED_EDGE('',*,*,#1320,.F.);
#1974=ORIENTED_EDGE('',*,*,#1360,.T.);
#1975=ORIENTED_EDGE('',*,*,#1325,.F.);
#1976=ORIENTED_EDGE('',*,*,#1361,.T.);
#1977=ORIENTED_EDGE('',*,*,#1362,.F.);
#1978=ORIENTED_EDGE('',*,*,#1316,.F.);
#1979=ORIENTED_EDGE('',*,*,#1362,.T.);
#1980=ORIENTED_EDGE('',*,*,#1363,.T.);
#1981=ORIENTED_EDGE('',*,*,#1364,.F.);
#1982=ORIENTED_EDGE('',*,*,#1318,.F.);
#1983=ORIENTED_EDGE('',*,*,#1365,.T.);
#1984=ORIENTED_EDGE('',*,*,#1327,.F.);
#1985=ORIENTED_EDGE('',*,*,#1359,.F.);
#1986=ORIENTED_EDGE('',*,*,#1317,.F.);
#1987=ORIENTED_EDGE('',*,*,#1364,.T.);
#1988=ORIENTED_EDGE('',*,*,#1366,.T.);
#1989=ORIENTED_EDGE('',*,*,#1328,.F.);
#1990=ORIENTED_EDGE('',*,*,#1365,.F.);
#1991=ORIENTED_EDGE('',*,*,#1349,.T.);
#1992=ORIENTED_EDGE('',*,*,#1341,.T.);
#1993=ORIENTED_EDGE('',*,*,#1366,.F.);
#1994=ORIENTED_EDGE('',*,*,#1367,.T.);
#1995=ORIENTED_EDGE('',*,*,#1313,.F.);
#1996=ORIENTED_EDGE('',*,*,#1368,.F.);
#1997=ORIENTED_EDGE('',*,*,#1363,.F.);
#1998=ORIENTED_EDGE('',*,*,#1369,.T.);
#1999=ORIENTED_EDGE('',*,*,#1314,.F.);
#2000=ORIENTED_EDGE('',*,*,#1367,.F.);
#2001=ORIENTED_EDGE('',*,*,#1361,.F.);
#2002=ORIENTED_EDGE('',*,*,#1305,.T.);
#2003=ORIENTED_EDGE('',*,*,#1315,.F.);
#2004=ORIENTED_EDGE('',*,*,#1369,.F.);
#2005=ORIENTED_EDGE('',*,*,#1308,.F.);
#2006=ORIENTED_EDGE('',*,*,#1370,.T.);
#2007=ORIENTED_EDGE('',*,*,#1368,.T.);
#2008=ORIENTED_EDGE('',*,*,#1312,.F.);
#2009=ORIENTED_EDGE('',*,*,#1259,.F.);
#2010=ORIENTED_EDGE('',*,*,#1051,.T.);
#2011=ORIENTED_EDGE('',*,*,#1170,.T.);
#2012=ORIENTED_EDGE('',*,*,#1296,.T.);
#2013=ORIENTED_EDGE('',*,*,#1370,.F.);
#2014=ORIENTED_EDGE('',*,*,#1311,.F.);
#2015=ORIENTED_EDGE('',*,*,#1371,.T.);
#2016=ORIENTED_EDGE('',*,*,#1329,.T.);
#2017=ORIENTED_EDGE('',*,*,#1371,.F.);
#2018=ORIENTED_EDGE('',*,*,#1310,.F.);
#2019=ORIENTED_EDGE('',*,*,#1372,.T.);
#2020=ORIENTED_EDGE('',*,*,#1330,.T.);
#2021=ORIENTED_EDGE('',*,*,#1372,.F.);
#2022=ORIENTED_EDGE('',*,*,#1309,.F.);
#2023=ORIENTED_EDGE('',*,*,#1306,.T.);
#2024=ORIENTED_EDGE('',*,*,#1331,.T.);
#2025=PLANE('',#2233);
#2026=PLANE('',#2234);
#2027=PLANE('',#2235);
#2028=PLANE('',#2237);
#2029=PLANE('',#2239);
#2030=PLANE('',#2241);
#2031=PLANE('',#2245);
#2032=PLANE('',#2248);
#2033=PLANE('',#2249);
#2034=PLANE('',#2250);
#2035=PLANE('',#2251);
#2036=PLANE('',#2252);
#2037=PLANE('',#2253);
#2038=PLANE('',#2254);
#2039=PLANE('',#2255);
#2040=PLANE('',#2256);
#2041=PLANE('',#2257);
#2042=PLANE('',#2258);
#2043=PLANE('',#2260);
#2044=PLANE('',#2261);
#2045=PLANE('',#2262);
#2046=PLANE('',#2263);
#2047=PLANE('',#2264);
#2048=PLANE('',#2265);
#2049=PLANE('',#2266);
#2050=PLANE('',#2267);
#2051=PLANE('',#2271);
#2052=PLANE('',#2272);
#2053=PLANE('',#2274);
#2054=PLANE('',#2276);
#2055=PLANE('',#2278);
#2056=PLANE('',#2293);
#2057=PLANE('',#2307);
#2058=PLANE('',#2310);
#2059=PLANE('',#2313);
#2060=PLANE('',#2316);
#2061=PLANE('',#2323);
#2062=PLANE('',#2332);
#2063=PLANE('',#2335);
#2064=PLANE('',#2336);
#2065=PLANE('',#2337);
#2066=PLANE('',#2340);
#2067=PLANE('',#2341);
#2068=PLANE('',#2342);
#2069=PLANE('',#2343);
#2070=PLANE('',#2344);
#2071=PLANE('',#2345);
#2072=PLANE('',#2346);
#2073=PLANE('',#2347);
#2074=PLANE('',#2350);
#2075=PLANE('',#2359);
#2076=PLANE('',#2360);
#2077=PLANE('',#2374);
#2078=PLANE('',#2375);
#2079=PLANE('',#2377);
#2080=PLANE('',#2379);
#2081=PLANE('',#2381);
#2082=PLANE('',#2382);
#2083=PLANE('',#2387);
#2084=PLANE('',#2390);
#2085=PLANE('',#2391);
#2086=PLANE('',#2395);
#2087=PLANE('',#2396);
#2088=PLANE('',#2397);
#2089=ADVANCED_FACE('',(#163),#2025,.F.);
#2090=ADVANCED_FACE('',(#164),#136,.T.);
#2091=ADVANCED_FACE('',(#165),#137,.T.);
#2092=ADVANCED_FACE('',(#166),#138,.T.);
#2093=ADVANCED_FACE('',(#167),#139,.T.);
#2094=ADVANCED_FACE('',(#168),#2026,.T.);
#2095=ADVANCED_FACE('',(#169),#140,.T.);
#2096=ADVANCED_FACE('',(#170),#141,.T.);
#2097=ADVANCED_FACE('',(#171),#2027,.T.);
#2098=ADVANCED_FACE('',(#172),#2028,.T.);
#2099=ADVANCED_FACE('',(#173),#142,.T.);
#2100=ADVANCED_FACE('',(#174),#143,.T.);
#2101=ADVANCED_FACE('',(#175),#144,.T.);
#2102=ADVANCED_FACE('',(#176),#89,.F.);
#2103=ADVANCED_FACE('',(#177),#2029,.F.);
#2104=ADVANCED_FACE('',(#178),#90,.F.);
#2105=ADVANCED_FACE('',(#179),#2030,.F.);
#2106=ADVANCED_FACE('',(#180),#91,.F.);
#2107=ADVANCED_FACE('',(#181),#2031,.F.);
#2108=ADVANCED_FACE('',(#182),#92,.F.);
#2109=ADVANCED_FACE('',(#183),#2032,.F.);
#2110=ADVANCED_FACE('',(#184),#2033,.F.);
#2111=ADVANCED_FACE('',(#185),#2034,.F.);
#2112=ADVANCED_FACE('',(#186),#2035,.F.);
#2113=ADVANCED_FACE('',(#187),#2036,.F.);
#2114=ADVANCED_FACE('',(#188),#2037,.F.);
#2115=ADVANCED_FACE('',(#189),#2038,.F.);
#2116=ADVANCED_FACE('',(#190),#2039,.F.);
#2117=ADVANCED_FACE('',(#191),#145,.T.);
#2118=ADVANCED_FACE('',(#192),#146,.T.);
#2119=ADVANCED_FACE('',(#193),#147,.T.);
#2120=ADVANCED_FACE('',(#194),#2040,.T.);
#2121=ADVANCED_FACE('',(#195),#148,.T.);
#2122=ADVANCED_FACE('',(#196),#2041,.T.);
#2123=ADVANCED_FACE('',(#197),#149,.T.);
#2124=ADVANCED_FACE('',(#198),#2042,.T.);
#2125=ADVANCED_FACE('',(#199),#2043,.F.);
#2126=ADVANCED_FACE('',(#200),#2044,.F.);
#2127=ADVANCED_FACE('',(#201),#2045,.F.);
#2128=ADVANCED_FACE('',(#202),#2046,.F.);
#2129=ADVANCED_FACE('',(#203),#2047,.F.);
#2130=ADVANCED_FACE('',(#204),#2048,.F.);
#2131=ADVANCED_FACE('',(#205),#2049,.F.);
#2132=ADVANCED_FACE('',(#206),#2050,.F.);
#2133=ADVANCED_FACE('',(#207),#93,.T.);
#2134=ADVANCED_FACE('',(#208),#2051,.F.);
#2135=ADVANCED_FACE('',(#209),#2052,.T.);
#2136=ADVANCED_FACE('',(#210),#2053,.T.);
#2137=ADVANCED_FACE('',(#211),#2054,.T.);
#2138=ADVANCED_FACE('',(#212),#2055,.T.);
#2139=ADVANCED_FACE('',(#213),#150,.T.);
#2140=ADVANCED_FACE('',(#214),#35,.F.);
#2141=ADVANCED_FACE('',(#215),#94,.F.);
#2142=ADVANCED_FACE('',(#216),#36,.F.);
#2143=ADVANCED_FACE('',(#217),#151,.T.);
#2144=ADVANCED_FACE('',(#218),#95,.T.);
#2145=ADVANCED_FACE('',(#219,#25,#26,#27),#2056,.T.);
#2146=ADVANCED_FACE('',(#220),#96,.T.);
#2147=ADVANCED_FACE('',(#221),#15,.F.);
#2148=ADVANCED_FACE('',(#222),#97,.T.);
#2149=ADVANCED_FACE('',(#223),#16,.F.);
#2150=ADVANCED_FACE('',(#224),#2057,.T.);
#2151=ADVANCED_FACE('',(#225),#98,.T.);
#2152=ADVANCED_FACE('',(#226),#2058,.T.);
#2153=ADVANCED_FACE('',(#227),#99,.T.);
#2154=ADVANCED_FACE('',(#228),#2059,.T.);
#2155=ADVANCED_FACE('',(#229),#100,.T.);
#2156=ADVANCED_FACE('',(#230),#2060,.T.);
#2157=ADVANCED_FACE('',(#231),#101,.T.);
#2158=ADVANCED_FACE('',(#232),#102,.T.);
#2159=ADVANCED_FACE('',(#233,#28),#2061,.F.);
#2160=ADVANCED_FACE('',(#234),#103,.T.);
#2161=ADVANCED_FACE('',(#235),#37,.F.);
#2162=ADVANCED_FACE('',(#236),#2062,.T.);
#2163=ADVANCED_FACE('',(#237),#104,.T.);
#2164=ADVANCED_FACE('',(#238),#152,.T.);
#2165=ADVANCED_FACE('',(#239),#2063,.T.);
#2166=ADVANCED_FACE('',(#240),#153,.T.);
#2167=ADVANCED_FACE('',(#241),#2064,.T.);
#2168=ADVANCED_FACE('',(#242),#2065,.T.);
#2169=ADVANCED_FACE('',(#243),#154,.T.);
#2170=ADVANCED_FACE('',(#244),#105,.T.);
#2171=ADVANCED_FACE('',(#245),#2066,.T.);
#2172=ADVANCED_FACE('',(#246),#155,.T.);
#2173=ADVANCED_FACE('',(#247),#2067,.T.);
#2174=ADVANCED_FACE('',(#248),#156,.T.);
#2175=ADVANCED_FACE('',(#249),#157,.T.);
#2176=ADVANCED_FACE('',(#250),#2068,.T.);
#2177=ADVANCED_FACE('',(#251),#158,.T.);
#2178=ADVANCED_FACE('',(#252),#159,.T.);
#2179=ADVANCED_FACE('',(#253),#2069,.T.);
#2180=ADVANCED_FACE('',(#254),#160,.T.);
#2181=ADVANCED_FACE('',(#255),#2070,.T.);
#2182=ADVANCED_FACE('',(#256),#161,.T.);
#2183=ADVANCED_FACE('',(#257),#162,.T.);
#2184=ADVANCED_FACE('',(#258),#2071,.T.);
#2185=ADVANCED_FACE('',(#259),#2072,.T.);
#2186=ADVANCED_FACE('',(#260,#29),#2073,.F.);
#2187=ADVANCED_FACE('',(#261,#30),#2074,.T.);
#2188=ADVANCED_FACE('',(#262),#106,.F.);
#2189=ADVANCED_FACE('',(#263),#107,.F.);
#2190=ADVANCED_FACE('',(#264),#108,.F.);
#2191=ADVANCED_FACE('',(#265),#109,.F.);
#2192=ADVANCED_FACE('',(#266),#2075,.T.);
#2193=ADVANCED_FACE('',(#267,#31,#32,#33,#34),#2076,.T.);
#2194=ADVANCED_FACE('',(#268),#17,.T.);
#2195=ADVANCED_FACE('',(#269),#18,.T.);
#2196=ADVANCED_FACE('',(#270),#2077,.T.);
#2197=ADVANCED_FACE('',(#271),#2078,.T.);
#2198=ADVANCED_FACE('',(#272),#19,.T.);
#2199=ADVANCED_FACE('',(#273),#2079,.T.);
#2200=ADVANCED_FACE('',(#274),#2080,.F.);
#2201=ADVANCED_FACE('',(#275),#20,.F.);
#2202=ADVANCED_FACE('',(#276),#2081,.F.);
#2203=ADVANCED_FACE('',(#277),#2082,.T.);
#2204=ADVANCED_FACE('',(#278),#110,.T.);
#2205=ADVANCED_FACE('',(#279),#111,.T.);
#2206=ADVANCED_FACE('',(#280),#2083,.T.);
#2207=ADVANCED_FACE('',(#281),#112,.F.);
#2208=ADVANCED_FACE('',(#282),#2084,.T.);
#2209=ADVANCED_FACE('',(#283),#2085,.T.);
#2210=ADVANCED_FACE('',(#284),#113,.F.);
#2211=ADVANCED_FACE('',(#285),#114,.T.);
#2212=ADVANCED_FACE('',(#286),#21,.F.);
#2213=ADVANCED_FACE('',(#287),#2086,.T.);
#2214=ADVANCED_FACE('',(#288),#22,.F.);
#2215=ADVANCED_FACE('',(#289),#2087,.T.);
#2216=ADVANCED_FACE('',(#290),#23,.F.);
#2217=ADVANCED_FACE('',(#291),#2088,.T.);
#2218=ADVANCED_FACE('',(#292),#24,.F.);
#2219=CLOSED_SHELL('',(#2089,#2090,#2091,#2092,#2093,#2094,#2095,#2096,
#2097,#2098,#2099,#2100,#2101,#2102,#2103,#2104,#2105,#2106,#2107,#2108,
#2109,#2110,#2111,#2112,#2113,#2114,#2115,#2116,#2117,#2118,#2119,#2120,
#2121,#2122,#2123,#2124,#2125,#2126,#2127,#2128,#2129,#2130,#2131,#2132,
#2133,#2134,#2135,#2136,#2137,#2138,#2139,#2140,#2141,#2142,#2143,#2144,
#2145,#2146,#2147,#2148,#2149,#2150,#2151,#2152,#2153,#2154,#2155,#2156,
#2157,#2158,#2159,#2160,#2161,#2162,#2163,#2164,#2165,#2166,#2167,#2168,
#2169,#2170,#2171,#2172,#2173,#2174,#2175,#2176,#2177,#2178,#2179,#2180,
#2181,#2182,#2183,#2184,#2185,#2186,#2187,#2188,#2189,#2190,#2191,#2192,
#2193,#2194,#2195,#2196,#2197,#2198,#2199,#2200,#2201,#2202,#2203,#2204,
#2205,#2206,#2207,#2208,#2209,#2210,#2211,#2212,#2213,#2214,#2215,#2216,
#2217,#2218));
#2220=DERIVED_UNIT_ELEMENT(#2222,1.);
#2221=DERIVED_UNIT_ELEMENT(#4610,-3.);
#2222=(
MASS_UNIT()
NAMED_UNIT(*)
SI_UNIT(.KILO.,.GRAM.)
);
#2223=DERIVED_UNIT((#2220,#2221));
#2224=MEASURE_REPRESENTATION_ITEM('density measure',
POSITIVE_RATIO_MEASURE(7850.),#2223);
#2225=PROPERTY_DEFINITION_REPRESENTATION(#2230,#2227);
#2226=PROPERTY_DEFINITION_REPRESENTATION(#2231,#2228);
#2227=REPRESENTATION('material name',(#2229),#4607);
#2228=REPRESENTATION('density',(#2224),#4607);
#2229=DESCRIPTIVE_REPRESENTATION_ITEM('\X2\AC15CCA0\X0\','\X2\AC15CCA0\X0\');
#2230=PROPERTY_DEFINITION('material property','material name',#4617);
#2231=PROPERTY_DEFINITION('material property','density of part',#4617);
#2232=AXIS2_PLACEMENT_3D('',#2888,#2398,#2399);
#2233=AXIS2_PLACEMENT_3D('',#2889,#2400,#2401);
#2234=AXIS2_PLACEMENT_3D('',#3065,#2414,#2415);
#2235=AXIS2_PLACEMENT_3D('',#3141,#2420,#2421);
#2236=AXIS2_PLACEMENT_3D('',#3143,#2422,#2423);
#2237=AXIS2_PLACEMENT_3D('',#3147,#2426,#2427);
#2238=AXIS2_PLACEMENT_3D('',#3388,#2436,#2437);
#2239=AXIS2_PLACEMENT_3D('',#3405,#2440,#2441);
#2240=AXIS2_PLACEMENT_3D('',#3412,#2443,#2444);
#2241=AXIS2_PLACEMENT_3D('',#3429,#2446,#2447);
#2242=AXIS2_PLACEMENT_3D('',#3436,#2449,#2450);
#2243=AXIS2_PLACEMENT_3D('',#3465,#2451,#2452);
#2244=AXIS2_PLACEMENT_3D('',#3474,#2453,#2454);
#2245=AXIS2_PLACEMENT_3D('',#3476,#2456,#2457);
#2246=AXIS2_PLACEMENT_3D('',#3483,#2459,#2460);
#2247=AXIS2_PLACEMENT_3D('',#3494,#2461,#2462);
#2248=AXIS2_PLACEMENT_3D('',#3496,#2464,#2465);
#2249=AXIS2_PLACEMENT_3D('',#3501,#2466,#2467);
#2250=AXIS2_PLACEMENT_3D('',#3506,#2468,#2469);
#2251=AXIS2_PLACEMENT_3D('',#3511,#2470,#2471);
#2252=AXIS2_PLACEMENT_3D('',#3516,#2472,#2473);
#2253=AXIS2_PLACEMENT_3D('',#3521,#2474,#2475);
#2254=AXIS2_PLACEMENT_3D('',#3526,#2476,#2477);
#2255=AXIS2_PLACEMENT_3D('',#3531,#2478,#2479);
#2256=AXIS2_PLACEMENT_3D('',#3649,#2489,#2490);
#2257=AXIS2_PLACEMENT_3D('',#3676,#2494,#2495);
#2258=AXIS2_PLACEMENT_3D('',#3716,#2499,#2500);
#2259=AXIS2_PLACEMENT_3D('',#3718,#2501,#2502);
#2260=AXIS2_PLACEMENT_3D('',#3721,#2505,#2506);
#2261=AXIS2_PLACEMENT_3D('',#3722,#2507,#2508);
#2262=AXIS2_PLACEMENT_3D('',#3729,#2510,#2511);
#2263=AXIS2_PLACEMENT_3D('',#3734,#2512,#2513);
#2264=AXIS2_PLACEMENT_3D('',#3739,#2514,#2515);
#2265=AXIS2_PLACEMENT_3D('',#3744,#2516,#2517);
#2266=AXIS2_PLACEMENT_3D('',#3749,#2518,#2519);
#2267=AXIS2_PLACEMENT_3D('',#3754,#2520,#2521);
#2268=AXIS2_PLACEMENT_3D('',#3761,#2523,#2524);
#2269=AXIS2_PLACEMENT_3D('',#3763,#2525,#2526);
#2270=AXIS2_PLACEMENT_3D('',#3766,#2528,#2529);
#2271=AXIS2_PLACEMENT_3D('',#3767,#2530,#2531);
#2272=AXIS2_PLACEMENT_3D('',#3768,#2532,#2533);
#2273=AXIS2_PLACEMENT_3D('',#3770,#2534,#2535);
#2274=AXIS2_PLACEMENT_3D('',#3771,#2536,#2537);
#2275=AXIS2_PLACEMENT_3D('',#3773,#2538,#2539);
#2276=AXIS2_PLACEMENT_3D('',#3774,#2540,#2541);
#2277=AXIS2_PLACEMENT_3D('',#3776,#2542,#2543);
#2278=AXIS2_PLACEMENT_3D('',#3777,#2544,#2545);
#2279=AXIS2_PLACEMENT_3D('',#3779,#2546,#2547);
#2280=AXIS2_PLACEMENT_3D('',#3857,#2548,#2549);
#2281=AXIS2_PLACEMENT_3D('',#3865,#2550,#2551);
#2282=AXIS2_PLACEMENT_3D('',#3868,#2552,#2553);
#2283=AXIS2_PLACEMENT_3D('',#3869,#2554,#2555);
#2284=AXIS2_PLACEMENT_3D('',#3870,#2556,#2557);
#2285=AXIS2_PLACEMENT_3D('',#3871,#2558,#2559);
#2286=AXIS2_PLACEMENT_3D('',#3883,#2561,#2562);
#2287=AXIS2_PLACEMENT_3D('',#3909,#2565,#2566);
#2288=AXIS2_PLACEMENT_3D('',#3912,#2567,#2568);
#2289=AXIS2_PLACEMENT_3D('',#3913,#2569,#2570);
#2290=AXIS2_PLACEMENT_3D('',#3914,#2571,#2572);
#2291=AXIS2_PLACEMENT_3D('',#3988,#2573,#2574);
#2292=AXIS2_PLACEMENT_3D('',#3992,#2576,#2577);
#2293=AXIS2_PLACEMENT_3D('',#3994,#2579,#2580);
#2294=AXIS2_PLACEMENT_3D('',#3995,#2581,#2582);
#2295=AXIS2_PLACEMENT_3D('',#3999,#2584,#2585);
#2296=AXIS2_PLACEMENT_3D('',#4002,#2587,#2588);
#2297=AXIS2_PLACEMENT_3D('',#4004,#2589,#2590);
#2298=AXIS2_PLACEMENT_3D('',#4006,#2591,#2592);
#2299=AXIS2_PLACEMENT_3D('',#4008,#2593,#2594);
#2300=AXIS2_PLACEMENT_3D('',#4009,#2595,#2596);
#2301=AXIS2_PLACEMENT_3D('',#4012,#2598,#2599);
#2302=AXIS2_PLACEMENT_3D('',#4023,#2600,#2601);
#2303=AXIS2_PLACEMENT_3D('',#4024,#2602,#2603);
#2304=AXIS2_PLACEMENT_3D('',#4025,#2604,#2605);
#2305=AXIS2_PLACEMENT_3D('',#4027,#2606,#2607);
#2306=AXIS2_PLACEMENT_3D('',#4038,#2609,#2610);
#2307=AXIS2_PLACEMENT_3D('',#4039,#2611,#2612);
#2308=AXIS2_PLACEMENT_3D('',#4045,#2616,#2617);
#2309=AXIS2_PLACEMENT_3D('',#4048,#2619,#2620);
#2310=AXIS2_PLACEMENT_3D('',#4049,#2621,#2622);
#2311=AXIS2_PLACEMENT_3D('',#4053,#2625,#2626);
#2312=AXIS2_PLACEMENT_3D('',#4056,#2628,#2629);
#2313=AXIS2_PLACEMENT_3D('',#4057,#2630,#2631);
#2314=AXIS2_PLACEMENT_3D('',#4061,#2634,#2635);
#2315=AXIS2_PLACEMENT_3D('',#4065,#2637,#2638);
#2316=AXIS2_PLACEMENT_3D('',#4067,#2640,#2641);
#2317=AXIS2_PLACEMENT_3D('',#4096,#2644,#2645);
#2318=AXIS2_PLACEMENT_3D('',#4098,#2646,#2647);
#2319=AXIS2_PLACEMENT_3D('',#4101,#2649,#2650);
#2320=AXIS2_PLACEMENT_3D('',#4102,#2651,#2652);
#2321=AXIS2_PLACEMENT_3D('',#4105,#2655,#2656);
#2322=AXIS2_PLACEMENT_3D('',#4108,#2658,#2659);
#2323=AXIS2_PLACEMENT_3D('',#4109,#2660,#2661);
#2324=AXIS2_PLACEMENT_3D('',#4112,#2663,#2664);
#2325=AXIS2_PLACEMENT_3D('',#4113,#2665,#2666);
#2326=AXIS2_PLACEMENT_3D('',#4115,#2668,#2669);
#2327=AXIS2_PLACEMENT_3D('',#4118,#2670,#2671);
#2328=AXIS2_PLACEMENT_3D('',#4120,#2672,#2673);
#2329=AXIS2_PLACEMENT_3D('',#4121,#2674,#2675);
#2330=AXIS2_PLACEMENT_3D('',#4122,#2676,#2677);
#2331=AXIS2_PLACEMENT_3D('',#4123,#2678,#2679);
#2332=AXIS2_PLACEMENT_3D('',#4124,#2680,#2681);
#2333=AXIS2_PLACEMENT_3D('',#4125,#2682,#2683);
#2334=AXIS2_PLACEMENT_3D('',#4127,#2684,#2685);
#2335=AXIS2_PLACEMENT_3D('',#4145,#2689,#2690);
#2336=AXIS2_PLACEMENT_3D('',#4193,#2694,#2695);
#2337=AXIS2_PLACEMENT_3D('',#4197,#2698,#2699);
#2338=AXIS2_PLACEMENT_3D('',#4230,#2703,#2704);
#2339=AXIS2_PLACEMENT_3D('',#4233,#2705,#2706);
#2340=AXIS2_PLACEMENT_3D('',#4236,#2709,#2710);
#2341=AXIS2_PLACEMENT_3D('',#4258,#2716,#2717);
#2342=AXIS2_PLACEMENT_3D('',#4299,#2722,#2723);
#2343=AXIS2_PLACEMENT_3D('',#4356,#2727,#2728);
#2344=AXIS2_PLACEMENT_3D('',#4374,#2732,#2733);
#2345=AXIS2_PLACEMENT_3D('',#4406,#2738,#2739);
#2346=AXIS2_PLACEMENT_3D('',#4408,#2741,#2742);
#2347=AXIS2_PLACEMENT_3D('',#4416,#2747,#2748);
#2348=AXIS2_PLACEMENT_3D('',#4420,#2750,#2751);
#2349=AXIS2_PLACEMENT_3D('',#4423,#2753,#2754);
#2350=AXIS2_PLACEMENT_3D('',#4424,#2755,#2756);
#2351=AXIS2_PLACEMENT_3D('',#4428,#2758,#2759);
#2352=AXIS2_PLACEMENT_3D('',#4431,#2761,#2762);
#2353=AXIS2_PLACEMENT_3D('',#4436,#2764,#2765);
#2354=AXIS2_PLACEMENT_3D('',#4441,#2768,#2769);
#2355=AXIS2_PLACEMENT_3D('',#4442,#2770,#2771);
#2356=AXIS2_PLACEMENT_3D('',#4444,#2773,#2774);
#2357=AXIS2_PLACEMENT_3D('',#4446,#2776,#2777);
#2358=AXIS2_PLACEMENT_3D('',#4448,#2779,#2780);
#2359=AXIS2_PLACEMENT_3D('',#4450,#2782,#2783);
#2360=AXIS2_PLACEMENT_3D('',#4451,#2784,#2785);
#2361=AXIS2_PLACEMENT_3D('',#4453,#2786,#2787);
#2362=AXIS2_PLACEMENT_3D('',#4459,#2790,#2791);
#2363=AXIS2_PLACEMENT_3D('',#4461,#2792,#2793);
#2364=AXIS2_PLACEMENT_3D('',#4464,#2795,#2796);
#2365=AXIS2_PLACEMENT_3D('',#4467,#2797,#2798);
#2366=AXIS2_PLACEMENT_3D('',#4473,#2801,#2802);
#2367=AXIS2_PLACEMENT_3D('',#4477,#2804,#2805);
#2368=AXIS2_PLACEMENT_3D('',#4480,#2807,#2808);
#2369=AXIS2_PLACEMENT_3D('',#4485,#2810,#2811);
#2370=AXIS2_PLACEMENT_3D('',#4488,#2813,#2814);
#2371=AXIS2_PLACEMENT_3D('',#4491,#2815,#2816);
#2372=AXIS2_PLACEMENT_3D('',#4503,#2818,#2819);
#2373=AXIS2_PLACEMENT_3D('',#4514,#2820,#2821);
#2374=AXIS2_PLACEMENT_3D('',#4515,#2822,#2823);
#2375=AXIS2_PLACEMENT_3D('',#4516,#2824,#2825);
#2376=AXIS2_PLACEMENT_3D('',#4531,#2826,#2827);
#2377=AXIS2_PLACEMENT_3D('',#4532,#2828,#2829);
#2378=AXIS2_PLACEMENT_3D('',#4533,#2830,#2831);
#2379=AXIS2_PLACEMENT_3D('',#4534,#2832,#2833);
#2380=AXIS2_PLACEMENT_3D('',#4547,#2837,#2838);
#2381=AXIS2_PLACEMENT_3D('',#4549,#2840,#2841);
#2382=AXIS2_PLACEMENT_3D('',#4553,#2844,#2845);
#2383=AXIS2_PLACEMENT_3D('',#4554,#2846,#2847);
#2384=AXIS2_PLACEMENT_3D('',#4555,#2848,#2849);
#2385=AXIS2_PLACEMENT_3D('',#4556,#2850,#2851);
#2386=AXIS2_PLACEMENT_3D('',#4557,#2852,#2853);
#2387=AXIS2_PLACEMENT_3D('',#4558,#2854,#2855);
#2388=AXIS2_PLACEMENT_3D('',#4561,#2858,#2859);
#2389=AXIS2_PLACEMENT_3D('',#4562,#2860,#2861);
#2390=AXIS2_PLACEMENT_3D('',#4564,#2863,#2864);
#2391=AXIS2_PLACEMENT_3D('',#4567,#2867,#2868);
#2392=AXIS2_PLACEMENT_3D('',#4569,#2870,#2871);
#2393=AXIS2_PLACEMENT_3D('',#4570,#2872,#2873);
#2394=AXIS2_PLACEMENT_3D('',#4571,#2874,#2875);
#2395=AXIS2_PLACEMENT_3D('',#4580,#2878,#2879);
#2396=AXIS2_PLACEMENT_3D('',#4588,#2881,#2882);
#2397=AXIS2_PLACEMENT_3D('',#4597,#2885,#2886);
#2398=DIRECTION('axis',(0.,0.,1.));
#2399=DIRECTION('refdir',(1.,0.,0.));
#2400=DIRECTION('center_axis',(0.,0.,1.));
#2401=DIRECTION('ref_axis',(1.,0.,0.));
#2402=DIRECTION('',(-0.763415690697459,0.645907488110272,0.));
#2403=DIRECTION('',(0.999862717983362,0.0165694051469593,0.));
#2404=DIRECTION('',(0.766044443118978,0.64278760968654,0.));
#2405=DIRECTION('',(-0.766044443118978,-0.64278760968654,0.));
#2406=DIRECTION('',(-0.999862717983362,-0.0165694051469593,0.));
#2407=DIRECTION('',(0.,0.,-1.));
#2408=DIRECTION('',(0.,0.,-1.));
#2409=DIRECTION('',(0.,0.,-1.));
#2410=DIRECTION('',(0.,0.,-1.));
#2411=DIRECTION('',(0.,0.,-1.));
#2412=DIRECTION('',(0.,0.,-1.));
#2413=DIRECTION('',(0.,0.,-1.));
#2414=DIRECTION('center_axis',(0.0165694051469593,-0.999862717983362,0.));
#2415=DIRECTION('ref_axis',(-0.999862717983362,-0.0165694051469593,0.));
#2416=DIRECTION('',(0.999862717983362,0.0165694051469593,0.));
#2417=DIRECTION('',(0.,0.,-1.));
#2418=DIRECTION('',(0.,0.,-1.));
#2419=DIRECTION('',(0.,0.,-1.));
#2420=DIRECTION('center_axis',(-0.956919241351597,-0.290354207014613,0.));
#2421=DIRECTION('ref_axis',(-0.290354207014613,0.956919241351597,0.));
#2422=DIRECTION('center_axis',(0.956919241351597,0.290354207014613,0.));
#2423=DIRECTION('ref_axis',(-0.290354207014613,0.956919241351597,-5.99940013810096E-15));
#2424=DIRECTION('',(0.290354207014613,-0.956919241351597,0.));
#2425=DIRECTION('',(0.,0.,-1.));
#2426=DIRECTION('center_axis',(0.64278760968654,-0.766044443118978,0.));
#2427=DIRECTION('ref_axis',(-0.766044443118978,-0.64278760968654,0.));
#2428=DIRECTION('',(0.766044443118978,0.64278760968654,0.));
#2429=DIRECTION('',(0.,0.,-1.));
#2430=DIRECTION('',(0.,0.,-1.));
#2431=DIRECTION('',(0.,0.,-1.));
#2432=DIRECTION('',(0.,0.,-1.));
#2433=DIRECTION('',(0.,0.,-1.));
#2434=DIRECTION('',(0.,0.,-1.));
#2435=DIRECTION('',(0.,0.,-1.));
#2436=DIRECTION('center_axis',(1.,0.,0.));
#2437=DIRECTION('ref_axis',(0.,4.17966315153E-15,1.));
#2438=DIRECTION('',(-1.,0.,0.));
#2439=DIRECTION('',(1.,0.,0.));
#2440=DIRECTION('center_axis',(0.,-1.,3.12738880176102E-15));
#2441=DIRECTION('ref_axis',(-3.84888252882013E-15,-3.12738880176102E-15,
-1.));
#2442=DIRECTION('',(1.,0.,0.));
#2443=DIRECTION('center_axis',(1.,0.,0.));
#2444=DIRECTION('ref_axis',(0.,-1.,6.269494727295E-15));
#2445=DIRECTION('',(1.,0.,0.));
#2446=DIRECTION('center_axis',(0.,-2.75831807360286E-15,-1.));
#2447=DIRECTION('ref_axis',(4.73012207657223E-16,1.,-2.75831807360286E-15));
#2448=DIRECTION('',(1.,0.,0.));
#2449=DIRECTION('center_axis',(1.,0.,0.));
#2450=DIRECTION('ref_axis',(0.,-3.91843420455937E-15,-1.));
#2451=DIRECTION('center_axis',(0.956919241351597,0.290354207014613,0.));
#2452=DIRECTION('ref_axis',(-0.290354207014613,0.956919241351597,-3.7496250863131E-15));
#2453=DIRECTION('center_axis',(-0.956919241351598,-0.290354207014608,0.));
#2454=DIRECTION('ref_axis',(-0.290354207014608,0.956919241351598,-3.74962508631311E-15));
#2455=DIRECTION('',(1.,0.,0.));
#2456=DIRECTION('center_axis',(0.,1.,-6.25477760352203E-15));
#2457=DIRECTION('ref_axis',(3.84888252882013E-15,6.25477760352203E-15,1.));
#2458=DIRECTION('',(1.,0.,0.));
#2459=DIRECTION('center_axis',(1.,0.,0.));
#2460=DIRECTION('ref_axis',(0.,1.,-6.269494727295E-15));
#2461=DIRECTION('center_axis',(-0.956919241351598,-0.290354207014608,0.));
#2462=DIRECTION('ref_axis',(-0.290354207014608,0.956919241351598,-5.99940013810097E-15));
#2463=DIRECTION('',(1.,0.,0.));
#2464=DIRECTION('center_axis',(0.,0.,1.));
#2465=DIRECTION('ref_axis',(-1.,0.,0.));
#2466=DIRECTION('center_axis',(0.,0.,1.));
#2467=DIRECTION('ref_axis',(-1.,0.,0.));
#2468=DIRECTION('center_axis',(0.,0.,1.));
#2469=DIRECTION('ref_axis',(-1.,0.,0.));
#2470=DIRECTION('center_axis',(0.,0.,1.));
#2471=DIRECTION('ref_axis',(-1.,0.,0.));
#2472=DIRECTION('center_axis',(0.,0.,1.));
#2473=DIRECTION('ref_axis',(-1.,0.,0.));
#2474=DIRECTION('center_axis',(0.,0.,1.));
#2475=DIRECTION('ref_axis',(-1.,0.,0.));
#2476=DIRECTION('center_axis',(0.,0.,1.));
#2477=DIRECTION('ref_axis',(-1.,0.,0.));
#2478=DIRECTION('center_axis',(0.,0.,1.));
#2479=DIRECTION('ref_axis',(-1.,0.,0.));
#2480=DIRECTION('',(-0.999862718143504,-0.0165693954833538,0.));
#2481=DIRECTION('',(-0.290354207013968,0.956919241351792,0.));
#2482=DIRECTION('',(-0.290354207014352,0.956919241351676,0.));
#2483=DIRECTION('',(0.766044443118978,-0.642787609686539,0.));
#2484=DIRECTION('',(0.,0.,1.));
#2485=DIRECTION('',(0.,0.,1.));
#2486=DIRECTION('',(0.,0.,1.));
#2487=DIRECTION('',(0.,0.,1.));
#2488=DIRECTION('',(0.,0.,1.));
#2489=DIRECTION('center_axis',(-0.0165694051469597,0.999862717983362,0.));
#2490=DIRECTION('ref_axis',(-0.999862717983362,-0.0165694051469597,0.));
#2491=DIRECTION('',(-0.999862717983362,-0.0165694051469597,0.));
#2492=DIRECTION('',(0.,0.,1.));
#2493=DIRECTION('',(0.,0.,1.));
#2494=DIRECTION('center_axis',(0.956919241351641,0.290354207014467,0.));
#2495=DIRECTION('ref_axis',(-0.290354207014467,0.956919241351641,0.));
#2496=DIRECTION('',(-0.290354207014467,0.956919241351641,0.));
#2497=DIRECTION('',(0.,0.,1.));
#2498=DIRECTION('',(0.,0.,1.));
#2499=DIRECTION('center_axis',(0.,0.,1.));
#2500=DIRECTION('ref_axis',(-1.,0.,0.));
#2501=DIRECTION('center_axis',(0.,0.,1.));
#2502=DIRECTION('ref_axis',(-0.697878657207195,-0.71621601477116,0.));
#2503=DIRECTION('',(0.999862718143504,0.0165693954833538,0.));
#2504=DIRECTION('',(0.290354207014376,-0.956919241351669,0.));
#2505=DIRECTION('center_axis',(0.,0.,1.));
#2506=DIRECTION('ref_axis',(-1.,0.,0.));
#2507=DIRECTION('center_axis',(0.,0.,-1.));
#2508=DIRECTION('ref_axis',(1.,0.,0.));
#2509=DIRECTION('',(0.766044443118978,0.64278760968654,0.));
#2510=DIRECTION('center_axis',(0.,0.,-1.));
#2511=DIRECTION('ref_axis',(1.,0.,0.));
#2512=DIRECTION('center_axis',(0.,0.,-1.));
#2513=DIRECTION('ref_axis',(1.,0.,0.));
#2514=DIRECTION('center_axis',(0.,0.,-1.));
#2515=DIRECTION('ref_axis',(1.,0.,0.));
#2516=DIRECTION('center_axis',(0.,0.,-1.));
#2517=DIRECTION('ref_axis',(1.,0.,0.));
#2518=DIRECTION('center_axis',(0.,0.,-1.));
#2519=DIRECTION('ref_axis',(1.,0.,0.));
#2520=DIRECTION('center_axis',(0.,0.,-1.));
#2521=DIRECTION('ref_axis',(1.,0.,0.));
#2522=DIRECTION('',(-0.763415690697459,0.645907488110272,0.));
#2523=DIRECTION('center_axis',(5.55111512314544E-17,-1.,-2.16257574743088E-15));
#2524=DIRECTION('ref_axis',(-1.,-5.55111512313371E-17,-5.42482725407466E-14));
#2525=DIRECTION('center_axis',(5.55111512314544E-17,-1.,-2.16257574743088E-15));
#2526=DIRECTION('ref_axis',(1.,5.55111512314544E-17,-6.31088724176809E-30));
#2527=DIRECTION('',(-5.55111512314544E-17,1.,2.16257574743088E-15));
#2528=DIRECTION('center_axis',(5.55111512314544E-17,-1.,-2.16257574743088E-15));
#2529=DIRECTION('ref_axis',(-1.,-5.55111512313371E-17,-5.42482725407466E-14));
#2530=DIRECTION('center_axis',(5.55111512314544E-17,-1.,-2.16257574743088E-15));
#2531=DIRECTION('ref_axis',(-1.,-5.55111512313371E-17,-5.42482725407465E-14));
#2532=DIRECTION('center_axis',(5.55111512314544E-17,-1.,-2.16257574743088E-15));
#2533=DIRECTION('ref_axis',(1.,5.55111512313371E-17,5.42482725407465E-14));
#2534=DIRECTION('center_axis',(-5.55111512314544E-17,1.,2.16257574743088E-15));
#2535=DIRECTION('ref_axis',(1.,5.55111512313371E-17,5.42482725407465E-14));
#2536=DIRECTION('center_axis',(5.55111512314544E-17,-1.,-2.16257574743088E-15));
#2537=DIRECTION('ref_axis',(1.,5.55111512313371E-17,5.42482725407465E-14));
#2538=DIRECTION('center_axis',(-5.55111512314544E-17,1.,2.16257574743088E-15));
#2539=DIRECTION('ref_axis',(1.,5.55111512313371E-17,5.42482725407465E-14));
#2540=DIRECTION('center_axis',(5.55111512314544E-17,-1.,-2.16257574743088E-15));
#2541=DIRECTION('ref_axis',(1.,5.55111512313371E-17,5.42482725407465E-14));
#2542=DIRECTION('center_axis',(-5.55111512314544E-17,1.,2.16257574743088E-15));
#2543=DIRECTION('ref_axis',(1.,5.55111512313371E-17,5.42482725407465E-14));
#2544=DIRECTION('center_axis',(5.55111512314544E-17,-1.,-2.16257574743088E-15));
#2545=DIRECTION('ref_axis',(1.,5.55111512313371E-17,5.42482725407465E-14));
#2546=DIRECTION('center_axis',(-5.55111512314544E-17,1.,2.16257574743088E-15));
#2547=DIRECTION('ref_axis',(1.,5.55111512313371E-17,5.42482725407466E-14));
#2548=DIRECTION('center_axis',(-0.946059566452637,-0.323992741775874,-5.60179793782726E-16));
#2549=DIRECTION('ref_axis',(-0.323992741775874,0.946059566452637,2.368475785867E-15));
#2550=DIRECTION('center_axis',(0.,0.,-1.));
#2551=DIRECTION('ref_axis',(-1.,0.,0.));
#2552=DIRECTION('center_axis',(-1.,0.,0.));
#2553=DIRECTION('ref_axis',(0.,1.,0.));
#2554=DIRECTION('center_axis',(0.,0.,1.));
#2555=DIRECTION('ref_axis',(0.296878312959999,-0.954915319436244,0.));
#2556=DIRECTION('center_axis',(0.,0.,-1.));
#2557=DIRECTION('ref_axis',(0.296878312959999,-0.954915319436244,0.));
#2558=DIRECTION('center_axis',(-1.,-5.55111512314993E-17,0.));
#2559=DIRECTION('ref_axis',(0.,0.707106781186548,-0.707106781186547));
#2560=DIRECTION('',(-1.,-5.55111512314993E-17,0.));
#2561=DIRECTION('center_axis',(-1.,0.,0.));
#2562=DIRECTION('ref_axis',(0.,1.,2.368475785867E-15));
#2563=DIRECTION('',(1.,5.55111512314993E-17,0.));
#2564=DIRECTION('',(-1.,-5.55111512314993E-17,0.));
#2565=DIRECTION('center_axis',(0.,0.,1.));
#2566=DIRECTION('ref_axis',(1.,0.,0.));
#2567=DIRECTION('center_axis',(-0.946059566452637,0.323992741775874,0.));
#2568=DIRECTION('ref_axis',(0.323992741775874,0.946059566452637,0.));
#2569=DIRECTION('center_axis',(0.,0.,1.));
#2570=DIRECTION('ref_axis',(-0.296878312959999,-0.954915319436244,0.));
#2571=DIRECTION('center_axis',(0.,0.,-1.));
#2572=DIRECTION('ref_axis',(-0.296878312959999,-0.954915319436244,0.));
#2573=DIRECTION('center_axis',(0.,2.19269047363469E-15,-1.));
#2574=DIRECTION('ref_axis',(-0.707106781186547,-0.707106781186547,-1.25607396694702E-15));
#2575=DIRECTION('',(0.,-2.19269047363469E-15,1.));
#2576=DIRECTION('center_axis',(0.,-2.22044604925031E-15,1.));
#2577=DIRECTION('ref_axis',(-1.,0.,0.));
#2578=DIRECTION('',(0.,2.19269047363469E-15,-1.));
#2579=DIRECTION('center_axis',(5.55111512314993E-17,-1.,-2.19269047363469E-15));
#2580=DIRECTION('ref_axis',(1.,5.55111512314993E-17,-6.310887241768E-30));
#2581=DIRECTION('center_axis',(-5.55111512314544E-17,1.,2.16257574743088E-15));
#2582=DIRECTION('ref_axis',(1.,5.55111512314546E-17,-6.31088724176809E-30));
#2583=DIRECTION('',(0.,2.19269047363469E-15,-1.));
#2584=DIRECTION('center_axis',(-5.55111512314993E-17,1.,2.19269047363469E-15));
#2585=DIRECTION('ref_axis',(0.707106781186547,-1.51121399148297E-15,0.707106781186548));
#2586=DIRECTION('',(1.,5.55111512314993E-17,0.));
#2587=DIRECTION('center_axis',(-5.55111512314993E-17,1.,2.19269047363469E-15));
#2588=DIRECTION('ref_axis',(-0.707106781186547,-1.5897186144175E-15,0.707106781186548));
#2589=DIRECTION('center_axis',(-5.55111512314544E-17,1.,2.16257574743088E-15));
#2590=DIRECTION('ref_axis',(1.,5.55111512314546E-17,-6.31088724176809E-30));
#2591=DIRECTION('center_axis',(-5.55111512314544E-17,1.,2.16257574743088E-15));
#2592=DIRECTION('ref_axis',(1.,5.55111512314546E-17,-6.31088724176809E-30));
#2593=DIRECTION('center_axis',(-5.55111512314544E-17,1.,2.16257574743088E-15));
#2594=DIRECTION('ref_axis',(1.,5.55111512314546E-17,-6.31088724176809E-30));
#2595=DIRECTION('center_axis',(0.,-2.19269047363469E-15,1.));
#2596=DIRECTION('ref_axis',(0.707106781186547,-0.707106781186547,-1.25607396694702E-15));
#2597=DIRECTION('',(0.,-2.19269047363469E-15,1.));
#2598=DIRECTION('center_axis',(0.,1.77635683940025E-15,-1.));
#2599=DIRECTION('ref_axis',(1.,0.,0.));
#2600=DIRECTION('center_axis',(1.,0.,0.));
#2601=DIRECTION('ref_axis',(0.,-2.66453525910038E-15,1.));
#2602=DIRECTION('center_axis',(5.55111512314993E-17,-1.,-2.19269047363469E-15));
#2603=DIRECTION('ref_axis',(0.707106781186547,-1.55431223447522E-15,0.707106781186548));
#2604=DIRECTION('center_axis',(-1.,-5.55111512314993E-17,0.));
#2605=DIRECTION('ref_axis',(0.,-0.707106781186548,0.707106781186547));
#2606=DIRECTION('center_axis',(1.,0.,0.));
#2607=DIRECTION('ref_axis',(0.,0.,1.));
#2608=DIRECTION('',(-1.,-5.55111512314993E-17,0.));
#2609=DIRECTION('center_axis',(5.55111512314993E-17,-1.,-2.19269047363469E-15));
#2610=DIRECTION('ref_axis',(-0.707106781186547,-1.60982338570648E-15,0.707106781186548));
#2611=DIRECTION('center_axis',(-1.,0.,0.));
#2612=DIRECTION('ref_axis',(0.,9.15509022078902E-13,-1.));
#2613=DIRECTION('',(0.,-1.,0.));
#2614=DIRECTION('',(6.4326060142538E-30,-2.19269047363469E-15,1.));
#2615=DIRECTION('',(0.,1.,0.));
#2616=DIRECTION('center_axis',(0.,-1.,0.));
#2617=DIRECTION('ref_axis',(-0.707106781186547,0.,0.707106781186547));
#2618=DIRECTION('',(0.,1.,0.));
#2619=DIRECTION('center_axis',(5.55111512314993E-17,-1.,-2.19269047363469E-15));
#2620=DIRECTION('ref_axis',(-0.707106781186547,0.,0.707106781186547));
#2621=DIRECTION('center_axis',(0.,0.,1.));
#2622=DIRECTION('ref_axis',(-1.,-4.60933430008441E-12,0.));
#2623=DIRECTION('',(0.,-1.,0.));
#2624=DIRECTION('',(1.,5.55111512314993E-17,9.86076131530555E-32));
#2625=DIRECTION('center_axis',(0.,-1.,0.));
#2626=DIRECTION('ref_axis',(0.707106781186547,0.,0.707106781186547));
#2627=DIRECTION('',(0.,1.,0.));
#2628=DIRECTION('center_axis',(5.55111512314993E-17,-1.,-2.19269047363469E-15));
#2629=DIRECTION('ref_axis',(0.707106781186547,0.,0.707106781186547));
#2630=DIRECTION('center_axis',(1.,0.,0.));
#2631=DIRECTION('ref_axis',(0.,0.,1.));
#2632=DIRECTION('',(0.,-1.,0.));
#2633=DIRECTION('',(-6.4326060142538E-30,2.19269047363469E-15,-1.));
#2634=DIRECTION('center_axis',(0.,-1.,0.));
#2635=DIRECTION('ref_axis',(0.866025403784438,0.,0.5));
#2636=DIRECTION('',(0.,-1.,0.));
#2637=DIRECTION('center_axis',(0.,1.,0.));
#2638=DIRECTION('ref_axis',(0.866025403784438,0.,0.5));
#2639=DIRECTION('',(0.,-1.,0.));
#2640=DIRECTION('center_axis',(0.,-1.,0.));
#2641=DIRECTION('ref_axis',(0.,0.,-1.));
#2642=DIRECTION('',(-1.,0.,0.));
#2643=DIRECTION('',(-1.,0.,0.));
#2644=DIRECTION('center_axis',(0.,1.,0.));
#2645=DIRECTION('ref_axis',(-0.866025403784439,0.,0.5));
#2646=DIRECTION('center_axis',(0.,1.,0.));
#2647=DIRECTION('ref_axis',(-0.707106781186547,0.,-0.707106781186547));
#2648=DIRECTION('',(1.,-1.73923962619602E-15,0.));
#2649=DIRECTION('center_axis',(0.,1.,0.));
#2650=DIRECTION('ref_axis',(0.707106781186547,0.,-0.707106781186547));
#2651=DIRECTION('center_axis',(0.,1.,0.));
#2652=DIRECTION('ref_axis',(-0.866025403784439,0.,0.5));
#2653=DIRECTION('',(0.,1.,0.));
#2654=DIRECTION('',(0.,1.,0.));
#2655=DIRECTION('center_axis',(0.,-1.,0.));
#2656=DIRECTION('ref_axis',(0.707106781186547,0.,-0.707106781186547));
#2657=DIRECTION('',(0.,1.,0.));
#2658=DIRECTION('center_axis',(5.55111512314993E-17,-1.,-2.19269047363469E-15));
#2659=DIRECTION('ref_axis',(0.707106781186547,0.,-0.707106781186547));
#2660=DIRECTION('center_axis',(5.55111512314993E-17,-1.,-2.19269047363469E-15));
#2661=DIRECTION('ref_axis',(1.,5.55111512314993E-17,-6.310887241768E-30));
#2662=DIRECTION('',(-1.,-5.55111512314993E-17,6.310887241768E-30));
#2663=DIRECTION('center_axis',(5.55111512314993E-17,-1.,-2.19269047363469E-15));
#2664=DIRECTION('ref_axis',(-0.707106781186547,0.,-0.707106781186547));
#2665=DIRECTION('center_axis',(0.,1.,0.));
#2666=DIRECTION('ref_axis',(-0.707106781186547,0.,-0.707106781186547));
#2667=DIRECTION('',(0.,-1.,0.));
#2668=DIRECTION('center_axis',(0.,0.,-1.));
#2669=DIRECTION('ref_axis',(-1.,0.,0.));
#2670=DIRECTION('center_axis',(0.,0.,-1.));
#2671=DIRECTION('ref_axis',(2.66453525910104E-15,-1.,0.));
#2672=DIRECTION('center_axis',(-1.48029736616705E-16,-1.,0.));
#2673=DIRECTION('ref_axis',(1.,-1.48029736616705E-16,0.));
#2674=DIRECTION('center_axis',(0.,0.,1.));
#2675=DIRECTION('ref_axis',(2.66453525910104E-15,-1.,0.));
#2676=DIRECTION('center_axis',(0.,0.,1.));
#2677=DIRECTION('ref_axis',(2.66453525910104E-15,-1.,0.));
#2678=DIRECTION('center_axis',(0.,0.,-1.));
#2679=DIRECTION('ref_axis',(2.66453525910104E-15,-1.,0.));
#2680=DIRECTION('center_axis',(0.,0.,1.));
#2681=DIRECTION('ref_axis',(-1.,0.,0.));
#2682=DIRECTION('center_axis',(0.,9.7249688482617E-14,1.));
#2683=DIRECTION('ref_axis',(2.66453525910118E-15,-1.,9.72555369571931E-14));
#2684=DIRECTION('center_axis',(0.,0.,1.));
#2685=DIRECTION('ref_axis',(2.66453525910118E-15,-1.,9.72555369571931E-14));
#2686=DIRECTION('',(0.,-9.7249688482617E-14,-1.));
#2687=DIRECTION('',(0.,0.,-1.));
#2688=DIRECTION('',(0.,0.,-1.));
#2689=DIRECTION('center_axis',(-0.956919241351645,-0.290354207014455,0.));
#2690=DIRECTION('ref_axis',(-0.290354207014455,0.956919241351645,0.));
#2691=DIRECTION('',(-0.290354207014455,0.956919241351645,4.30594829223438E-14));
#2692=DIRECTION('',(0.,0.,-1.));
#2693=DIRECTION('',(0.,0.,-1.));
#2694=DIRECTION('center_axis',(-0.0165693954833538,0.999862718143504,0.));
#2695=DIRECTION('ref_axis',(0.999862718143504,0.0165693954833538,0.));
#2696=DIRECTION('',(0.999862718143504,0.016569395483353,1.46929117589147E-14));
#2697=DIRECTION('',(0.,0.,-1.));
#2698=DIRECTION('center_axis',(0.956919241351804,0.290354207013931,0.));
#2699=DIRECTION('ref_axis',(0.290354207013931,-0.956919241351804,0.));
#2700=DIRECTION('',(0.290354207013968,-0.956919241351792,-4.59929198027104E-14));
#2701=DIRECTION('',(0.,0.,-1.));
#2702=DIRECTION('',(0.,0.,-1.));
#2703=DIRECTION('center_axis',(0.,0.,1.));
#2704=DIRECTION('ref_axis',(-0.697878657207195,-0.71621601477116,0.));
#2705=DIRECTION('center_axis',(0.,0.,1.));
#2706=DIRECTION('ref_axis',(-0.697878657207195,-0.71621601477116,0.));
#2707=DIRECTION('',(0.,0.,1.));
#2708=DIRECTION('',(0.,0.,-1.));
#2709=DIRECTION('center_axis',(0.0165693954833537,-0.999862718143504,0.));
#2710=DIRECTION('ref_axis',(-0.999862718143504,-0.0165693954833537,0.));
#2711=DIRECTION('',(-0.999862718143504,-0.0165693954833537,0.));
#2712=DIRECTION('',(0.,0.,-1.));
#2713=DIRECTION('',(0.,0.,-1.));
#2714=DIRECTION('',(0.,0.,1.));
#2715=DIRECTION('',(0.,0.,-1.));
#2716=DIRECTION('center_axis',(0.645907488110272,0.763415690697459,0.));
#2717=DIRECTION('ref_axis',(0.763415690697459,-0.645907488110272,0.));
#2718=DIRECTION('',(0.763415690697459,-0.645907488110272,0.));
#2719=DIRECTION('',(0.,0.,-1.));
#2720=DIRECTION('',(0.,0.,-1.));
#2721=DIRECTION('',(0.,0.,-1.));
#2722=DIRECTION('center_axis',(-0.956919241351669,-0.290354207014376,0.));
#2723=DIRECTION('ref_axis',(-0.290354207014376,0.956919241351669,0.));
#2724=DIRECTION('',(-0.290354207014376,0.956919241351669,0.));
#2725=DIRECTION('',(0.,0.,-1.));
#2726=DIRECTION('',(0.,0.,-1.));
#2727=DIRECTION('center_axis',(0.956919241351624,0.290354207014522,0.));
#2728=DIRECTION('ref_axis',(0.290354207014522,-0.956919241351624,0.));
#2729=DIRECTION('',(0.290354207014522,-0.956919241351624,0.));
#2730=DIRECTION('',(0.,0.,-1.));
#2731=DIRECTION('',(0.,0.,-1.));
#2732=DIRECTION('center_axis',(0.956919241351779,0.290354207014012,0.));
#2733=DIRECTION('ref_axis',(0.290354207014012,-0.956919241351779,0.));
#2734=DIRECTION('',(0.290354207014276,-0.956919241351699,-8.32200396111467E-26));
#2735=DIRECTION('',(0.,0.,-1.));
#2736=DIRECTION('',(0.,0.,-1.));
#2737=DIRECTION('',(0.,0.,-1.));
#2738=DIRECTION('center_axis',(-0.642787609686539,-0.766044443118978,0.));
#2739=DIRECTION('ref_axis',(-0.766044443118978,0.642787609686539,0.));
#2740=DIRECTION('',(-0.766044443118978,0.642787609686539,2.40606965719964E-14));
#2741=DIRECTION('center_axis',(0.642787609686539,0.766044443118978,0.));
#2742=DIRECTION('ref_axis',(0.766044443118978,-0.642787609686539,-2.40606965719964E-14));
#2743=DIRECTION('',(-0.766044443118978,0.642787609686539,2.40606965719964E-14));
#2744=DIRECTION('',(0.,0.,1.));
#2745=DIRECTION('',(0.,0.,1.));
#2746=DIRECTION('',(0.766044443118978,-0.642787609686539,-2.40606965719964E-14));
#2747=DIRECTION('center_axis',(0.,0.,1.));
#2748=DIRECTION('ref_axis',(-1.,0.,0.));
#2749=DIRECTION('',(0.766044443118978,0.642787609686539,0.));
#2750=DIRECTION('center_axis',(0.,0.,-1.));
#2751=DIRECTION('ref_axis',(0.956919241351672,0.290354207014365,0.));
#2752=DIRECTION('',(0.999862717983362,0.0165694051469597,1.47641700951022E-14));
#2753=DIRECTION('center_axis',(0.,0.,-1.));
#2754=DIRECTION('ref_axis',(-0.956919241351782,-0.290354207014001,0.));
#2755=DIRECTION('center_axis',(0.,0.,1.));
#2756=DIRECTION('ref_axis',(-1.,0.,0.));
#2757=DIRECTION('',(-0.766044443118978,-0.642787609686539,0.));
#2758=DIRECTION('center_axis',(0.,0.,1.));
#2759=DIRECTION('ref_axis',(-0.956919241351782,-0.290354207014001,0.));
#2760=DIRECTION('',(-0.999862717983362,-0.0165694051469597,-1.47641700951022E-14));
#2761=DIRECTION('center_axis',(0.,0.,1.));
#2762=DIRECTION('ref_axis',(0.956919241351672,0.290354207014365,0.));
#2763=DIRECTION('',(0.999863444069076,0.0165255321949057,0.));
#2764=DIRECTION('center_axis',(0.,0.,-1.));
#2765=DIRECTION('ref_axis',(0.29035420701411,-0.956919241351749,0.));
#2766=DIRECTION('',(-0.999863444069076,-0.0165255321949055,0.));
#2767=DIRECTION('',(-0.0165693954833034,0.999862718143505,0.));
#2768=DIRECTION('center_axis',(0.,0.,-1.));
#2769=DIRECTION('ref_axis',(-0.29035420701459,0.956919241351604,0.));
#2770=DIRECTION('center_axis',(0.,-1.,-1.77635683940025E-15));
#2771=DIRECTION('ref_axis',(1.,0.,-6.40949485492107E-30));
#2772=DIRECTION('',(0.,1.,1.77635683940025E-15));
#2773=DIRECTION('center_axis',(0.,-1.,-1.77635683940025E-15));
#2774=DIRECTION('ref_axis',(1.,0.,-6.40949485492107E-30));
#2775=DIRECTION('',(0.,1.,1.77635683940025E-15));
#2776=DIRECTION('center_axis',(0.,-1.,-1.77635683940025E-15));
#2777=DIRECTION('ref_axis',(1.,0.,-6.40949485492107E-30));
#2778=DIRECTION('',(0.,1.,1.77635683940025E-15));
#2779=DIRECTION('center_axis',(0.,-1.,-1.77635683940025E-15));
#2780=DIRECTION('ref_axis',(1.,0.,-6.40949485492107E-30));
#2781=DIRECTION('',(0.,1.,1.77635683940025E-15));
#2782=DIRECTION('center_axis',(0.,0.,-1.));
#2783=DIRECTION('ref_axis',(1.,-1.73923962619602E-15,0.));
#2784=DIRECTION('center_axis',(0.00374316995984923,-0.012336350814662,0.999916898110653));
#2785=DIRECTION('ref_axis',(-0.0165242623594733,0.999786613742907,0.0123966017104317));
#2786=DIRECTION('center_axis',(-0.00374316995984923,0.012336350814662,-0.999916898110653));
#2787=DIRECTION('ref_axis',(-0.0165242623594733,0.999786613742907,0.0123966017104317));
#2788=DIRECTION('',(-0.0165242623594237,0.999786613742908,0.0123966017104315));
#2789=DIRECTION('',(-0.99985645841397,-0.0165692917491779,0.00353852212140186));
#2790=DIRECTION('center_axis',(-0.00374316995984923,0.012336350814662,-0.999916898110653));
#2791=DIRECTION('ref_axis',(0.0165242623594733,-0.999786613742907,-0.0123966017104317));
#2792=DIRECTION('center_axis',(-0.00374316995984923,0.012336350814662,-0.999916898110653));
#2793=DIRECTION('ref_axis',(-0.956919241351782,-0.290354207014001,-7.98978825577377E-15));
#2794=DIRECTION('',(0.999856458254253,0.0165693014127311,-0.00353852200158107));
#2795=DIRECTION('center_axis',(-0.00374316995984923,0.012336350814662,-0.999916898110653));
#2796=DIRECTION('ref_axis',(-0.290330078031182,0.956839719554763,0.0128917366080264));
#2797=DIRECTION('center_axis',(0.00374316995984923,-0.012336350814662,0.999916898110653));
#2798=DIRECTION('ref_axis',(-0.290330078030835,0.956839719554868,0.0128917366080264));
#2799=DIRECTION('',(0.956919241351962,0.290354207013408,0.));
#2800=DIRECTION('',(-0.956919241351962,-0.290354207013408,0.));
#2801=DIRECTION('center_axis',(0.00374316995984923,-0.012336350814662,0.999916898110653));
#2802=DIRECTION('ref_axis',(0.0165242623594733,-0.999786613742907,-0.0123966017104317));
#2803=DIRECTION('',(0.956919241351962,0.290354207013408,-5.03684259254789E-19));
#2804=DIRECTION('center_axis',(0.00374316995984923,-0.012336350814662,0.999916898110653));
#2805=DIRECTION('ref_axis',(0.290330078030572,-0.956839719554948,-0.0128917366080264));
#2806=DIRECTION('',(0.956919241351962,0.290354207013408,-5.03684259254789E-19));
#2807=DIRECTION('center_axis',(0.00374316995984923,-0.012336350814662,0.999916898110653));
#2808=DIRECTION('ref_axis',(0.0165242623594733,-0.999786613742907,-0.0123966017104317));
#2809=DIRECTION('',(-0.956919241351962,-0.290354207013408,0.));
#2810=DIRECTION('center_axis',(0.00374316995984923,-0.012336350814662,0.999916898110653));
#2811=DIRECTION('ref_axis',(0.0165242623594733,-0.999786613742907,-0.0123966017104317));
#2812=DIRECTION('',(-0.956919241351962,-0.290354207013408,0.));
#2813=DIRECTION('center_axis',(-0.00374316995984923,0.012336350814662,-0.999916898110653));
#2814=DIRECTION('ref_axis',(0.290330078030572,-0.956839719554948,-0.0128917366080264));
#2815=DIRECTION('center_axis',(0.00374316995984923,-0.012336350814662,0.999916898110653));
#2816=DIRECTION('ref_axis',(-0.290330078030572,0.956839719554948,0.0128917366080264));
#2817=DIRECTION('',(0.956919241351962,0.290354207013408,0.));
#2818=DIRECTION('center_axis',(0.,0.,-1.));
#2819=DIRECTION('ref_axis',(-0.290354207013755,0.956919241351857,0.));
#2820=DIRECTION('center_axis',(0.,0.,-1.));
#2821=DIRECTION('ref_axis',(-0.290354207014018,0.956919241351777,0.));
#2822=DIRECTION('center_axis',(0.,0.,1.));
#2823=DIRECTION('ref_axis',(-1.,0.,0.));
#2824=DIRECTION('center_axis',(0.,0.,1.));
#2825=DIRECTION('ref_axis',(-1.,0.,0.));
#2826=DIRECTION('center_axis',(0.,0.,-1.));
#2827=DIRECTION('ref_axis',(0.290354207013755,-0.956919241351857,0.));
#2828=DIRECTION('center_axis',(0.,0.,1.));
#2829=DIRECTION('ref_axis',(-1.,0.,0.));
#2830=DIRECTION('center_axis',(0.,0.,-1.));
#2831=DIRECTION('ref_axis',(0.290354207013755,-0.956919241351857,0.));
#2832=DIRECTION('center_axis',(-0.290330078030225,0.956839719555053,0.0128917366080255));
#2833=DIRECTION('ref_axis',(0.956919241351962,0.290354207013408,0.));
#2834=DIRECTION('',(0.956919241351962,0.290354207013408,0.));
#2835=DIRECTION('',(0.00374316995984923,-0.012336350814662,0.999916898110653));
#2836=DIRECTION('',(-0.00374316995984656,0.0123363508146618,-0.999916898110653));
#2837=DIRECTION('center_axis',(0.,0.,1.));
#2838=DIRECTION('ref_axis',(0.290354207013755,-0.956919241351857,0.));
#2839=DIRECTION('',(-0.00374316995984656,0.0123363508146618,-0.999916898110653));
#2840=DIRECTION('center_axis',(-0.290330078030225,0.956839719555053,0.0128917366080255));
#2841=DIRECTION('ref_axis',(0.956919241351962,0.290354207013408,0.));
#2842=DIRECTION('',(0.956919241351962,0.290354207013408,0.));
#2843=DIRECTION('',(-0.00374316995984923,0.012336350814662,-0.999916898110653));
#2844=DIRECTION('center_axis',(0.,0.,1.));
#2845=DIRECTION('ref_axis',(-1.,0.,0.));
#2846=DIRECTION('center_axis',(0.,0.,-1.));
#2847=DIRECTION('ref_axis',(0.290354207014356,-0.956919241351675,0.));
#2848=DIRECTION('center_axis',(0.,0.,-1.));
#2849=DIRECTION('ref_axis',(0.290354207014356,-0.956919241351675,0.));
#2850=DIRECTION('center_axis',(0.00374316995984923,-0.012336350814662,0.999916898110653));
#2851=DIRECTION('ref_axis',(0.0165242623594733,-0.999786613742907,-0.0123966017104317));
#2852=DIRECTION('center_axis',(0.00374316995984923,-0.012336350814662,0.999916898110653));
#2853=DIRECTION('ref_axis',(0.0165242623594733,-0.999786613742907,-0.0123966017104317));
#2854=DIRECTION('center_axis',(0.999856458413971,0.0165692917491283,-0.00353852212140248));
#2855=DIRECTION('ref_axis',(0.0165242623594237,-0.999786613742908,-0.0123966017104315));
#2856=DIRECTION('',(-0.00374316995984923,0.012336350814662,-0.999916898110653));
#2857=DIRECTION('',(-0.00374316995984923,0.012336350814662,-0.999916898110653));
#2858=DIRECTION('center_axis',(0.00374316995984923,-0.012336350814662,0.999916898110653));
#2859=DIRECTION('ref_axis',(-0.994972288402908,-0.100119668244323,0.00248944590758102));
#2860=DIRECTION('center_axis',(-0.00374316995984923,0.012336350814662,-0.999916898110653));
#2861=DIRECTION('ref_axis',(-0.290330078031182,0.956839719554763,0.0128917366080264));
#2862=DIRECTION('',(-0.00374316995984923,0.012336350814662,-0.999916898110653));
#2863=DIRECTION('center_axis',(0.0165242623594734,-0.999786613742907,-0.0123966017104317));
#2864=DIRECTION('ref_axis',(-0.99985645841397,-0.016569291749178,0.00353852212140186));
#2865=DIRECTION('',(0.999856458254253,0.0165693014127311,-0.00353852200158107));
#2866=DIRECTION('',(-0.00374316995984923,0.012336350814662,-0.999916898110653));
#2867=DIRECTION('center_axis',(-0.0165242623594733,0.999786613742907,0.0123966017104317));
#2868=DIRECTION('ref_axis',(0.99985645841397,0.0165692917491779,-0.00353852212140186));
#2869=DIRECTION('',(-0.00374316995984923,0.012336350814662,-0.999916898110653));
#2870=DIRECTION('center_axis',(0.00374316995984923,-0.012336350814662,0.999916898110653));
#2871=DIRECTION('ref_axis',(0.0165242623594733,-0.999786613742907,-0.0123966017104317));
#2872=DIRECTION('center_axis',(-0.00374316995984923,0.012336350814662,-0.999916898110653));
#2873=DIRECTION('ref_axis',(-0.956919241351782,-0.290354207014001,-7.98978825577377E-15));
#2874=DIRECTION('center_axis',(0.00374316995984923,-0.012336350814662,0.999916898110653));
#2875=DIRECTION('ref_axis',(0.0165242623594733,-0.999786613742907,-0.0123966017104317));
#2876=DIRECTION('',(0.,0.,1.));
#2877=DIRECTION('',(0.,0.,1.));
#2878=DIRECTION('center_axis',(-0.0165694051469597,0.999862717983362,0.));
#2879=DIRECTION('ref_axis',(-0.999862717983362,-0.0165694051469597,-1.47641700951022E-14));
#2880=DIRECTION('',(0.,0.,1.));
#2881=DIRECTION('center_axis',(-0.64278760968654,0.766044443118978,0.));
#2882=DIRECTION('ref_axis',(0.766044443118978,0.642787609686539,0.));
#2883=DIRECTION('',(0.,0.,1.));
#2884=DIRECTION('',(0.,0.,1.));
#2885=DIRECTION('center_axis',(-0.0165694051469597,0.999862717983362,0.));
#2886=DIRECTION('ref_axis',(0.999862717983362,0.0165694051469597,1.47641700951022E-14));
#2887=DIRECTION('',(0.,0.,1.));
#2888=CARTESIAN_POINT('',(0.,0.,0.));
#2889=CARTESIAN_POINT('Origin',(-43.4855809413967,-12.2671309308004,16.0000000596046));
#2890=CARTESIAN_POINT('',(-67.7530870690467,0.2201398113092,16.0000000596046));
#2891=CARTESIAN_POINT('',(-70.0433558548369,2.15788064707282,16.0000000596046));
#2892=CARTESIAN_POINT('',(-61.939607777659,-4.69850392635193,16.0000000596046));
#2893=CARTESIAN_POINT('',(-53.1128490928709,10.217130335842,16.0000000596046));
#2894=CARTESIAN_POINT('Ctrl Pts',(-70.0455886021538,2.15977261399692,16.0000000596046));
#2895=CARTESIAN_POINT('Ctrl Pts',(-68.9797537768871,3.42849745307393,16.0000000596046));
#2896=CARTESIAN_POINT('Ctrl Pts',(-67.7740405335764,4.58232724166478,16.0000000596046));
#2897=CARTESIAN_POINT('Ctrl Pts',(-66.4482171554724,5.59246039463121,16.0000000596046));
#2898=CARTESIAN_POINT('Ctrl Pts',(-62.6260292145161,8.50455171825046,16.0000000596046));
#2899=CARTESIAN_POINT('Ctrl Pts',(-57.9173248188288,10.1375121249008,16.0000000596046));
#2900=CARTESIAN_POINT('Ctrl Pts',(-53.1128490928709,10.217130335842,16.0000000596046));
#2901=CARTESIAN_POINT('',(-34.6155042368896,10.5236624182462,16.0000000596046));
#2902=CARTESIAN_POINT('',(-53.1128490928709,10.217130335842,16.0000000596046));
#2903=CARTESIAN_POINT('',(-16.9179457384271,2.44177227828793,16.0000000596046));
#2904=CARTESIAN_POINT('Ctrl Pts',(-34.6155042368896,10.5236624182462,16.0000000596046));
#2905=CARTESIAN_POINT('Ctrl Pts',(-29.7207229346448,10.6047771210246,16.0000000596046));
#2906=CARTESIAN_POINT('Ctrl Pts',(-24.8733756232933,9.07024220289178,16.0000000596046));
#2907=CARTESIAN_POINT('Ctrl Pts',(-20.9170234717511,6.18690647972464,16.0000000596046));
#2908=CARTESIAN_POINT('Ctrl Pts',(-19.4315695686675,5.10432784672569,16.0000000596046));
#2909=CARTESIAN_POINT('Ctrl Pts',(-18.0886496681566,3.84394066655858,16.0000000596046));
#2910=CARTESIAN_POINT('Ctrl Pts',(-16.9154004834231,2.44392135136875,16.0000000596046));
#2911=CARTESIAN_POINT('',(-19.2101177695849,0.51841157234849,16.0000000596046));
#2912=CARTESIAN_POINT('',(-25.0487996683836,-4.38082425549494,16.0000000596046));
#2913=CARTESIAN_POINT('',(-19.2160807177257,0.513408064762868,16.0000000596046));
#2914=CARTESIAN_POINT('',(-25.0487996683836,-4.38082425549494,16.0000000596046));
#2915=CARTESIAN_POINT('',(-34.5657960504396,7.52407426381567,16.0000000596046));
#2916=CARTESIAN_POINT('Ctrl Pts',(-19.2160807177257,0.513408064762868,16.0000000596046));
#2917=CARTESIAN_POINT('Ctrl Pts',(-20.2353590489225,1.73131270519856,16.0000000596046));
#2918=CARTESIAN_POINT('Ctrl Pts',(-21.4002643842794,2.82692118633492,16.0000000596046));
#2919=CARTESIAN_POINT('Ctrl Pts',(-22.6839380083625,3.76244509205284,16.0000000596046));
#2920=CARTESIAN_POINT('Ctrl Pts',(-26.1004772390205,6.25237248881364,16.0000000596046));
#2921=CARTESIAN_POINT('Ctrl Pts',(-30.3388235994221,7.59412225837255,16.0000000596046));
#2922=CARTESIAN_POINT('Ctrl Pts',(-34.5657960504396,7.52407426381567,16.0000000596046));
#2923=CARTESIAN_POINT('',(-53.06314087743,7.21754218189188,16.0000000596046));
#2924=CARTESIAN_POINT('',(-53.06314087743,7.21754218189188,16.0000000596046));
#2925=CARTESIAN_POINT('Ctrl Pts',(-53.06314087743,7.21754218189188,16.0000000596046));
#2926=CARTESIAN_POINT('Ctrl Pts',(-57.2127723979088,7.14877583966591,16.0000000596046));
#2927=CARTESIAN_POINT('Ctrl Pts',(-61.3288825634341,5.72132420354193,16.0000000596046));
#2928=CARTESIAN_POINT('Ctrl Pts',(-64.6301079993166,3.20614962352391,16.0000000596046));
#2929=CARTESIAN_POINT('Ctrl Pts',(-65.7784135131123,2.33126576766838,16.0000000596046));
#2930=CARTESIAN_POINT('Ctrl Pts',(-66.8259719431159,1.32636240975238,16.0000000596046));
#2931=CARTESIAN_POINT('Ctrl Pts',(-67.7530870690467,0.220139811309212,16.0000000596046));
#2932=CARTESIAN_POINT('Ctrl Pts',(-58.6379568396366,-34.2608513103666,36.0000000596046));
#2933=CARTESIAN_POINT('Ctrl Pts',(-58.6379568396366,-34.2608513103666,16.0000000596046));
#2934=CARTESIAN_POINT('Ctrl Pts',(-61.3963346352511,-33.5127433402154,36.0000000596046));
#2935=CARTESIAN_POINT('Ctrl Pts',(-61.3963346352511,-33.5127433402154,16.0000000596046));
#2936=CARTESIAN_POINT('Ctrl Pts',(-64.0041896558255,-32.2458102271967,36.0000000596046));
#2937=CARTESIAN_POINT('Ctrl Pts',(-64.0041896558255,-32.2458102271967,16.0000000596046));
#2938=CARTESIAN_POINT('Ctrl Pts',(-66.2965616622247,-30.5281491382342,36.0000000596046));
#2939=CARTESIAN_POINT('Ctrl Pts',(-66.2965616622247,-30.5281491382342,16.0000000596046));
#2940=CARTESIAN_POINT('Ctrl Pts',(-70.1332890749801,-27.6533114733835,36.0000000596046));
#2941=CARTESIAN_POINT('Ctrl Pts',(-70.1332890749801,-27.6533114733835,16.0000000596046));
#2942=CARTESIAN_POINT('Ctrl Pts',(-72.9863080002286,-23.5815294173737,36.0000000596046));
#2943=CARTESIAN_POINT('Ctrl Pts',(-72.9863080002286,-23.5815294173737,16.0000000596046));
#2944=CARTESIAN_POINT('Ctrl Pts',(-74.3783648395567,-18.993733055455,36.0000000596046));
#2945=CARTESIAN_POINT('Ctrl Pts',(-74.3783648395567,-18.993733055455,16.0000000596046));
#2946=CARTESIAN_POINT('',(-66.2965616622239,-30.5281491382347,36.0000000596046));
#2947=CARTESIAN_POINT('',(-58.6379568396366,-34.2608513103666,36.0000000596046));
#2948=CARTESIAN_POINT('Ctrl Pts',(-66.2965616622247,-30.5281491382342,36.0000000596046));
#2949=CARTESIAN_POINT('Ctrl Pts',(-64.0041896558255,-32.2458102271967,36.0000000596046));
#2950=CARTESIAN_POINT('Ctrl Pts',(-61.3963346352511,-33.5127433402154,36.0000000596046));
#2951=CARTESIAN_POINT('Ctrl Pts',(-58.6379568396366,-34.2608513103666,36.0000000596046));
#2952=CARTESIAN_POINT('',(-74.3783648395567,-18.993733055455,36.0000000596046));
#2953=CARTESIAN_POINT('Ctrl Pts',(-74.3783648395567,-18.993733055455,36.0000000596046));
#2954=CARTESIAN_POINT('Ctrl Pts',(-72.9863080002286,-23.5815294173737,36.0000000596046));
#2955=CARTESIAN_POINT('Ctrl Pts',(-70.1332890749801,-27.6533114733835,36.0000000596046));
#2956=CARTESIAN_POINT('Ctrl Pts',(-66.2965616622247,-30.5281491382342,36.0000000596046));
#2957=CARTESIAN_POINT('',(-74.3783648395567,-18.993733055455,16.0000000596046));
#2958=CARTESIAN_POINT('',(-74.3783648395567,-18.993733055455,36.0000000596046));
#2959=CARTESIAN_POINT('',(-66.2965616621538,-30.5281491382872,16.0000000596046));
#2960=CARTESIAN_POINT('Ctrl Pts',(-66.2965616622247,-30.5281491382342,16.0000000596046));
#2961=CARTESIAN_POINT('Ctrl Pts',(-70.1332890749801,-27.6533114733835,16.0000000596046));
#2962=CARTESIAN_POINT('Ctrl Pts',(-72.9863080002286,-23.5815294173737,16.0000000596046));
#2963=CARTESIAN_POINT('Ctrl Pts',(-74.3783648395567,-18.993733055455,16.0000000596046));
#2964=CARTESIAN_POINT('',(-58.6379568396366,-34.2608513103667,16.0000000596046));
#2965=CARTESIAN_POINT('Ctrl Pts',(-58.6379568396366,-34.2608513103666,16.0000000596046));
#2966=CARTESIAN_POINT('Ctrl Pts',(-61.3963346352511,-33.5127433402154,16.0000000596046));
#2967=CARTESIAN_POINT('Ctrl Pts',(-64.0041896558255,-32.2458102271967,16.0000000596046));
#2968=CARTESIAN_POINT('Ctrl Pts',(-66.2965616622247,-30.5281491382342,16.0000000596046));
#2969=CARTESIAN_POINT('',(-58.6379568396366,-34.2608513103666,36.0000000596046));
#2970=CARTESIAN_POINT('Ctrl Pts',(-74.3858511794764,-18.9690603538256,36.0000000596046));
#2971=CARTESIAN_POINT('Ctrl Pts',(-74.3858511794764,-18.9690603538256,16.0000000596046));
#2972=CARTESIAN_POINT('Ctrl Pts',(-75.6544914321196,-14.7880075611329,36.0000000596046));
#2973=CARTESIAN_POINT('Ctrl Pts',(-75.6544914321196,-14.7880075611329,16.0000000596046));
#2974=CARTESIAN_POINT('Ctrl Pts',(-75.6809757235345,-10.2843858304936,36.0000000596046));
#2975=CARTESIAN_POINT('Ctrl Pts',(-75.6809757235345,-10.2843858304936,16.0000000596046));
#2976=CARTESIAN_POINT('Ctrl Pts',(-74.4616778890895,-6.08872290047423,36.0000000596046));
#2977=CARTESIAN_POINT('Ctrl Pts',(-74.4616778890895,-6.08872290047423,16.0000000596046));
#2978=CARTESIAN_POINT('Ctrl Pts',(-74.4616428411941,-6.08860229896791,36.0000000596047));
#2979=CARTESIAN_POINT('Ctrl Pts',(-74.4616428411941,-6.08860229896791,16.0000000596047));
#2980=CARTESIAN_POINT('Ctrl Pts',(-74.4616077922788,-6.08848169780498,36.0000000596047));
#2981=CARTESIAN_POINT('Ctrl Pts',(-74.4616077922788,-6.08848169780498,16.0000000596047));
#2982=CARTESIAN_POINT('Ctrl Pts',(-74.461572742349,-6.08836109700439,36.0000000596047));
#2983=CARTESIAN_POINT('Ctrl Pts',(-74.461572742349,-6.08836109700439,16.0000000596047));
#2984=CARTESIAN_POINT('',(-74.4616778890913,-6.08872290048068,36.0000000596046));
#2985=CARTESIAN_POINT('',(-74.3858511794764,-18.9690603538256,36.0000000596046));
#2986=CARTESIAN_POINT('Ctrl Pts',(-74.4616778890867,-6.08872290046476,36.0000000596046));
#2987=CARTESIAN_POINT('Ctrl Pts',(-75.6809757235345,-10.2843858304868,36.0000000596046));
#2988=CARTESIAN_POINT('Ctrl Pts',(-75.6544914321206,-14.7880075611298,36.0000000596046));
#2989=CARTESIAN_POINT('Ctrl Pts',(-74.3858511794764,-18.9690603538256,36.0000000596046));
#2990=CARTESIAN_POINT('',(-74.461572742349,-6.08836109700439,36.0000000596046));
#2991=CARTESIAN_POINT('Ctrl Pts',(-74.4616778890895,-6.08872290047423,36.0000000596046));
#2992=CARTESIAN_POINT('Ctrl Pts',(-74.4616428411941,-6.08860229896791,36.0000000596046));
#2993=CARTESIAN_POINT('Ctrl Pts',(-74.4616077922788,-6.08848169780498,36.0000000596046));
#2994=CARTESIAN_POINT('Ctrl Pts',(-74.461572742349,-6.08836109700439,36.0000000596046));
#2995=CARTESIAN_POINT('',(-74.4615727423397,-6.0883610969723,16.0000000596046));
#2996=CARTESIAN_POINT('',(-74.461572742349,-6.08836109700439,36.0000000596046));
#2997=CARTESIAN_POINT('',(-74.4616778890895,-6.08872290047422,16.0000000596046));
#2998=CARTESIAN_POINT('Ctrl Pts',(-74.4616778890895,-6.08872290047424,16.0000000596046));
#2999=CARTESIAN_POINT('Ctrl Pts',(-74.4616428411941,-6.08860229896792,16.0000000596046));
#3000=CARTESIAN_POINT('Ctrl Pts',(-74.4616077922873,-6.08848169781279,16.0000000596046));
#3001=CARTESIAN_POINT('Ctrl Pts',(-74.461572742349,-6.0883610970044,16.0000000596046));
#3002=CARTESIAN_POINT('',(-74.3858511794765,-18.9690603538256,16.0000000596046));
#3003=CARTESIAN_POINT('Ctrl Pts',(-74.3858511794764,-18.9690603538256,16.0000000596046));
#3004=CARTESIAN_POINT('Ctrl Pts',(-75.6544914321206,-14.7880075611298,16.0000000596046));
#3005=CARTESIAN_POINT('Ctrl Pts',(-75.6809757235345,-10.2843858304868,16.0000000596046));
#3006=CARTESIAN_POINT('Ctrl Pts',(-74.4616778890867,-6.08872290046476,16.0000000596046));
#3007=CARTESIAN_POINT('',(-74.3858511794764,-18.9690603538256,36.0000000596046));
#3008=CARTESIAN_POINT('Ctrl Pts',(-74.4615727423397,-6.08836109697229,36.0000000596046));
#3009=CARTESIAN_POINT('Ctrl Pts',(-74.4615727423397,-6.08836109697229,16.0000000596046));
#3010=CARTESIAN_POINT('Ctrl Pts',(-73.115503306923,-1.45676688769733,36.0000000596046));
#3011=CARTESIAN_POINT('Ctrl Pts',(-73.115503306923,-1.45676688769733,16.0000000596046));
#3012=CARTESIAN_POINT('Ctrl Pts',(-70.2847238778967,2.66945971754165,36.0000000596046));
#3013=CARTESIAN_POINT('Ctrl Pts',(-70.2847238778967,2.66945971754165,16.0000000596046));
#3014=CARTESIAN_POINT('Ctrl Pts',(-66.4482171554724,5.5924603946312,36.0000000596046));
#3015=CARTESIAN_POINT('Ctrl Pts',(-66.4482171554724,5.5924603946312,16.0000000596046));
#3016=CARTESIAN_POINT('Ctrl Pts',(-62.6260292145161,8.50455171825045,36.0000000596046));
#3017=CARTESIAN_POINT('Ctrl Pts',(-62.6260292145161,8.50455171825045,16.0000000596046));
#3018=CARTESIAN_POINT('Ctrl Pts',(-57.9173248188289,10.1375121249008,36.0000000596046));
#3019=CARTESIAN_POINT('Ctrl Pts',(-57.9173248188289,10.1375121249008,16.0000000596046));
#3020=CARTESIAN_POINT('Ctrl Pts',(-53.1128490928709,10.217130335842,36.0000000596046));
#3021=CARTESIAN_POINT('Ctrl Pts',(-53.1128490928709,10.217130335842,16.0000000596046));
#3022=CARTESIAN_POINT('',(-53.1128490928709,10.217130335842,36.0000000596046));
#3023=CARTESIAN_POINT('',(-66.4482171554744,5.59246039462969,36.0000000596047));
#3024=CARTESIAN_POINT('Ctrl Pts',(-53.1128490928709,10.217130335842,36.0000000596046));
#3025=CARTESIAN_POINT('Ctrl Pts',(-57.9173248159233,10.137512124949,36.0000000596046));
#3026=CARTESIAN_POINT('Ctrl Pts',(-62.6260292088208,8.50455172022555,36.0000000596046));
#3027=CARTESIAN_POINT('Ctrl Pts',(-66.4482171485379,5.59246039991452,36.0000000596046));
#3028=CARTESIAN_POINT('',(-53.1128490928709,10.217130335842,36.0000000596046));
#3029=CARTESIAN_POINT('Ctrl Pts',(-74.4615727423304,-6.08836109694018,16.0000000596046));
#3030=CARTESIAN_POINT('Ctrl Pts',(-73.5806791700472,-3.05735730099696,16.0000000596046));
#3031=CARTESIAN_POINT('Ctrl Pts',(-72.0639371904933,-0.242784449478487,
16.0000000596046));
#3032=CARTESIAN_POINT('Ctrl Pts',(-70.0455886021538,2.15977261399692,16.0000000596046));
#3033=CARTESIAN_POINT('Ctrl Pts',(-66.4482171485379,5.59246039991452,36.0000000596046));
#3034=CARTESIAN_POINT('Ctrl Pts',(-66.4826806164215,5.56620298733448,36.0000000596046));
#3035=CARTESIAN_POINT('Ctrl Pts',(-66.5170651935286,5.53984674344171,36.0000000596046));
#3036=CARTESIAN_POINT('Ctrl Pts',(-66.5513671251808,5.51339477024928,36.0000000596046));
#3037=CARTESIAN_POINT('Ctrl Pts',(-70.3354637063049,2.59528443359548,36.0000000596046));
#3038=CARTESIAN_POINT('Ctrl Pts',(-73.1275954912509,-1.49837402137978,36.0000000596046));
#3039=CARTESIAN_POINT('Ctrl Pts',(-74.4615727423304,-6.08836109694018,36.0000000596046));
#3040=CARTESIAN_POINT('Ctrl Pts',(-19.2160807177257,0.513408064762868,36.0000000596046));
#3041=CARTESIAN_POINT('Ctrl Pts',(-19.2160807177257,0.513408064762868,16.0000000596046));
#3042=CARTESIAN_POINT('Ctrl Pts',(-20.2353590489225,1.73131270519856,36.0000000596046));
#3043=CARTESIAN_POINT('Ctrl Pts',(-20.2353590489225,1.73131270519856,16.0000000596046));
#3044=CARTESIAN_POINT('Ctrl Pts',(-21.4002643842794,2.82692118633492,36.0000000596046));
#3045=CARTESIAN_POINT('Ctrl Pts',(-21.4002643842794,2.82692118633492,16.0000000596046));
#3046=CARTESIAN_POINT('Ctrl Pts',(-22.6839380083625,3.76244509205284,36.0000000596046));
#3047=CARTESIAN_POINT('Ctrl Pts',(-22.6839380083625,3.76244509205284,16.0000000596046));
#3048=CARTESIAN_POINT('Ctrl Pts',(-26.1004772390205,6.25237248881364,36.0000000596046));
#3049=CARTESIAN_POINT('Ctrl Pts',(-26.1004772390205,6.25237248881364,16.0000000596046));
#3050=CARTESIAN_POINT('Ctrl Pts',(-30.3388235994221,7.59412225837255,36.0000000596046));
#3051=CARTESIAN_POINT('Ctrl Pts',(-30.3388235994221,7.59412225837255,16.0000000596046));
#3052=CARTESIAN_POINT('Ctrl Pts',(-34.5657960504396,7.52407426381567,36.0000000596046));
#3053=CARTESIAN_POINT('Ctrl Pts',(-34.5657960504396,7.52407426381567,16.0000000596046));
#3054=CARTESIAN_POINT('',(-34.5657960504396,7.52407426381567,36.0000000596046));
#3055=CARTESIAN_POINT('',(-19.2160807177257,0.513408064762868,36.0000000596046));
#3056=CARTESIAN_POINT('Ctrl Pts',(-34.5657960504396,7.52407426381567,36.0000000596046));
#3057=CARTESIAN_POINT('Ctrl Pts',(-30.3388235994221,7.59412225837255,36.0000000596046));
#3058=CARTESIAN_POINT('Ctrl Pts',(-26.1004772390205,6.25237248881364,36.0000000596046));
#3059=CARTESIAN_POINT('Ctrl Pts',(-22.6839380083625,3.76244509205284,36.0000000596046));
#3060=CARTESIAN_POINT('Ctrl Pts',(-21.4002643842794,2.82692118633492,36.0000000596046));
#3061=CARTESIAN_POINT('Ctrl Pts',(-20.2353590489225,1.73131270519856,36.0000000596046));
#3062=CARTESIAN_POINT('Ctrl Pts',(-19.2160807177257,0.513408064762868,36.0000000596046));
#3063=CARTESIAN_POINT('',(-34.5657960504396,7.52407426381567,36.0000000596046));
#3064=CARTESIAN_POINT('',(-19.2160807177257,0.513408064762868,36.0000000596046));
#3065=CARTESIAN_POINT('Origin',(-34.5657960504396,7.52407426381567,36.0000000596046));
#3066=CARTESIAN_POINT('',(-53.06314087743,7.21754218189188,36.0000000596046));
#3067=CARTESIAN_POINT('',(-39.1885763168153,7.44746702788089,36.0000000596046));
#3068=CARTESIAN_POINT('',(-53.06314087743,7.21754218189188,36.0000000596046));
#3069=CARTESIAN_POINT('Ctrl Pts',(-53.06314087743,7.21754218189188,36.0000000596046));
#3070=CARTESIAN_POINT('Ctrl Pts',(-53.06314087743,7.21754218189188,16.0000000596046));
#3071=CARTESIAN_POINT('Ctrl Pts',(-57.2127723979088,7.14877583966591,36.0000000596046));
#3072=CARTESIAN_POINT('Ctrl Pts',(-57.2127723979088,7.14877583966591,16.0000000596046));
#3073=CARTESIAN_POINT('Ctrl Pts',(-61.3288825634341,5.72132420354193,36.0000000596046));
#3074=CARTESIAN_POINT('Ctrl Pts',(-61.3288825634341,5.72132420354193,16.0000000596046));
#3075=CARTESIAN_POINT('Ctrl Pts',(-64.6301079993166,3.20614962352391,36.0000000596046));
#3076=CARTESIAN_POINT('Ctrl Pts',(-64.6301079993166,3.20614962352391,16.0000000596046));
#3077=CARTESIAN_POINT('Ctrl Pts',(-65.786652349926,2.32498867047363,36.0000000596046));
#3078=CARTESIAN_POINT('Ctrl Pts',(-65.786652349926,2.32498867047363,16.0000000596046));
#3079=CARTESIAN_POINT('Ctrl Pts',(-66.840998754678,1.31193580023982,36.0000000596046));
#3080=CARTESIAN_POINT('Ctrl Pts',(-66.840998754678,1.31193580023982,16.0000000596046));
#3081=CARTESIAN_POINT('Ctrl Pts',(-67.7730239962773,0.196313471194318,36.0000000596046));
#3082=CARTESIAN_POINT('Ctrl Pts',(-67.7730239962773,0.196313471194318,16.0000000596046));
#3083=CARTESIAN_POINT('',(-67.7730239962773,0.196313471194311,36.0000000596046));
#3084=CARTESIAN_POINT('Ctrl Pts',(-67.7730239962773,0.196313471194318,36.0000000596046));
#3085=CARTESIAN_POINT('Ctrl Pts',(-66.840998754678,1.31193580023982,36.0000000596046));
#3086=CARTESIAN_POINT('Ctrl Pts',(-65.786652349926,2.32498867047363,36.0000000596046));
#3087=CARTESIAN_POINT('Ctrl Pts',(-64.6301079993166,3.20614962352391,36.0000000596046));
#3088=CARTESIAN_POINT('Ctrl Pts',(-61.3288825634341,5.72132420354193,36.0000000596046));
#3089=CARTESIAN_POINT('Ctrl Pts',(-57.2127723979088,7.14877583966591,36.0000000596046));
#3090=CARTESIAN_POINT('Ctrl Pts',(-53.06314087743,7.21754218189188,36.0000000596046));
#3091=CARTESIAN_POINT('',(-67.7730239962774,0.196313471194286,16.0000000596046));
#3092=CARTESIAN_POINT('',(-67.7730239962773,0.196313471194311,36.0000000596046));
#3093=CARTESIAN_POINT('Ctrl Pts',(-67.7530870690467,0.220139811309196,16.0000000596046));
#3094=CARTESIAN_POINT('Ctrl Pts',(-67.7597389139942,0.212202910058839,16.0000000596046));
#3095=CARTESIAN_POINT('Ctrl Pts',(-67.7663845588292,0.204260793153833,16.0000000596046));
#3096=CARTESIAN_POINT('Ctrl Pts',(-67.7730239962773,0.196313471194309,16.0000000596046));
#3097=CARTESIAN_POINT('Ctrl Pts',(-33.9091482521779,-31.7371006443631,36.0000000596046));
#3098=CARTESIAN_POINT('Ctrl Pts',(-33.9091482521779,-31.7371006443631,16.0000000596046));
#3099=CARTESIAN_POINT('Ctrl Pts',(-29.7595166783928,-31.6683343173378,36.0000000596046));
#3100=CARTESIAN_POINT('Ctrl Pts',(-29.7595166783928,-31.6683343173378,16.0000000596046));
#3101=CARTESIAN_POINT('Ctrl Pts',(-25.6434064554097,-30.2408826727296,36.0000000596046));
#3102=CARTESIAN_POINT('Ctrl Pts',(-25.6434064554097,-30.2408826727296,16.0000000596046));
#3103=CARTESIAN_POINT('Ctrl Pts',(-22.3421809737976,-27.7257080654165,36.0000000596046));
#3104=CARTESIAN_POINT('Ctrl Pts',(-22.3421809737976,-27.7257080654165,16.0000000596046));
#3105=CARTESIAN_POINT('Ctrl Pts',(-19.0286112970315,-25.2011285245803,36.0000000596046));
#3106=CARTESIAN_POINT('Ctrl Pts',(-19.0286112970315,-25.2011285245803,16.0000000596046));
#3107=CARTESIAN_POINT('Ctrl Pts',(-16.5539408435588,-21.5939046478104,36.0000000596046));
#3108=CARTESIAN_POINT('Ctrl Pts',(-16.5539408435588,-21.5939046478104,16.0000000596046));
#3109=CARTESIAN_POINT('Ctrl Pts',(-15.3914285853081,-17.5936436800856,36.0000000596046));
#3110=CARTESIAN_POINT('Ctrl Pts',(-15.3914285853081,-17.5936436800856,16.0000000596046));
#3111=CARTESIAN_POINT('Ctrl Pts',(-14.3375924048196,-13.9673423578719,36.0000000596046));
#3112=CARTESIAN_POINT('Ctrl Pts',(-14.3375924048196,-13.9673423578719,16.0000000596046));
#3113=CARTESIAN_POINT('Ctrl Pts',(-14.360719034432,-10.035213537869,36.0000000596046));
#3114=CARTESIAN_POINT('Ctrl Pts',(-14.360719034432,-10.035213537869,16.0000000596046));
#3115=CARTESIAN_POINT('Ctrl Pts',(-15.4571954323739,-6.42156049778002,36.0000000596046));
#3116=CARTESIAN_POINT('Ctrl Pts',(-15.4571954323739,-6.42156049778002,16.0000000596046));
#3117=CARTESIAN_POINT('',(-15.4571954323739,-6.42156049778002,35.1644134096163));
#3118=CARTESIAN_POINT('',(-15.0123366223751,-8.18292383034143,36.0000000596046));
#3119=CARTESIAN_POINT('Ctrl Pts',(-15.4571954323739,-6.42156049778002,35.1644134096163));
#3120=CARTESIAN_POINT('Ctrl Pts',(-15.4178804570418,-6.55113071050569,35.2679910651241));
#3121=CARTESIAN_POINT('Ctrl Pts',(-15.3782759031154,-6.68662580948159,35.3638733288055));
#3122=CARTESIAN_POINT('Ctrl Pts',(-15.3389459565598,-6.82734671714251,35.4515761845998));
#3123=CARTESIAN_POINT('Ctrl Pts',(-15.3199970131834,-6.89514524586349,35.4938309190691));
#3124=CARTESIAN_POINT('Ctrl Pts',(-15.3011112106697,-6.96415642441056,35.5341870025073));
#3125=CARTESIAN_POINT('Ctrl Pts',(-15.2823478547089,-7.03429979106546,35.5725903040831));
#3126=CARTESIAN_POINT('Ctrl Pts',(-15.2458299315814,-7.1708153523942,35.6473322008797));
#3127=CARTESIAN_POINT('Ctrl Pts',(-15.2098526003558,-7.31134474320741,35.7145327374339));
#3128=CARTESIAN_POINT('Ctrl Pts',(-15.1748013275794,-7.45527616801336,35.7738786807323));
#3129=CARTESIAN_POINT('Ctrl Pts',(-15.1406421227608,-7.59554448440675,35.8317142476522));
#3130=CARTESIAN_POINT('Ctrl Pts',(-15.1073626141597,-7.73904373498768,35.88208993838));
#3131=CARTESIAN_POINT('Ctrl Pts',(-15.075274329143,-7.88518812115265,35.9247158320934));
#3132=CARTESIAN_POINT('Ctrl Pts',(-15.0537318509821,-7.98330219130766,35.9533327364848));
#3133=CARTESIAN_POINT('Ctrl Pts',(-15.032725334066,-8.08260804998158,35.9784567208905));
#3134=CARTESIAN_POINT('Ctrl Pts',(-15.0123366223751,-8.18292383034142,36.0000000596046));
#3135=CARTESIAN_POINT('',(-15.4571954323739,-6.42156049778002,36.0000000596046));
#3136=CARTESIAN_POINT('Ctrl Pts',(-15.4571954323739,-6.42156049778002,36.0000000596046));
#3137=CARTESIAN_POINT('Ctrl Pts',(-15.2812743384927,-7.00134296907891,36.0000000596046));
#3138=CARTESIAN_POINT('Ctrl Pts',(-15.1329830944721,-7.58932354899338,36.0000000596046));
#3139=CARTESIAN_POINT('Ctrl Pts',(-15.0123366223751,-8.18292383034143,36.0000000596046));
#3140=CARTESIAN_POINT('',(-15.4571954323739,-6.42156049778002,36.0000000596046));
#3141=CARTESIAN_POINT('Origin',(-15.4571954323739,-6.42156049778002,36.0000000596046));
#3142=CARTESIAN_POINT('',(-15.4646817722937,-6.39688779615071,35.144539019476));
#3143=CARTESIAN_POINT('Origin',(-14.6519855256756,-9.0752876848905,31.8447399292284));
#3144=CARTESIAN_POINT('',(-15.4646817722937,-6.39688779615071,36.0000000596046));
#3145=CARTESIAN_POINT('',(-15.8284748766948,-5.19793626363514,36.0000000596046));
#3146=CARTESIAN_POINT('',(-15.4646817722937,-6.39688779615071,36.0000000596046));
#3147=CARTESIAN_POINT('Origin',(-19.2101177695849,0.518411572348498,36.0000000596046));
#3148=CARTESIAN_POINT('',(-19.2101177695849,0.518411572348497,36.0000000596046));
#3149=CARTESIAN_POINT('',(-29.4775182280848,-8.09696036552815,36.0000000596046));
#3150=CARTESIAN_POINT('',(-19.2101177695849,0.518411572348497,36.0000000596046));
#3151=CARTESIAN_POINT('Ctrl Pts',(-12.5864377083186,-5.55049787673802,36.0000000596046));
#3152=CARTESIAN_POINT('Ctrl Pts',(-12.5864377083186,-5.55049787673802,16.0000000596046));
#3153=CARTESIAN_POINT('Ctrl Pts',(-11.3177974393084,-9.73155072337708,36.0000000596046));
#3154=CARTESIAN_POINT('Ctrl Pts',(-11.3177974393084,-9.73155072337708,16.0000000596046));
#3155=CARTESIAN_POINT('Ctrl Pts',(-11.291313154035,-14.2351725138722,36.0000000596046));
#3156=CARTESIAN_POINT('Ctrl Pts',(-11.291313154035,-14.2351725138722,16.0000000596046));
#3157=CARTESIAN_POINT('Ctrl Pts',(-12.5106110163082,-18.4308354945114,36.0000000596046));
#3158=CARTESIAN_POINT('Ctrl Pts',(-12.5106110163082,-18.4308354945114,16.0000000596046));
#3159=CARTESIAN_POINT('Ctrl Pts',(-13.8566372457392,-23.0625769225365,36.0000000596046));
#3160=CARTESIAN_POINT('Ctrl Pts',(-13.8566372457392,-23.0625769225365,16.0000000596046));
#3161=CARTESIAN_POINT('Ctrl Pts',(-16.6874651752145,-27.1889420400337,36.0000000596046));
#3162=CARTESIAN_POINT('Ctrl Pts',(-16.6874651752145,-27.1889420400337,16.0000000596046));
#3163=CARTESIAN_POINT('Ctrl Pts',(-20.5240718210931,-30.1120188391532,36.0000000596046));
#3164=CARTESIAN_POINT('Ctrl Pts',(-20.5240718210931,-30.1120188391532,16.0000000596046));
#3165=CARTESIAN_POINT('Ctrl Pts',(-24.3462598101768,-33.0241101907037,36.0000000596046));
#3166=CARTESIAN_POINT('Ctrl Pts',(-24.3462598101768,-33.0241101907037,16.0000000596046));
#3167=CARTESIAN_POINT('Ctrl Pts',(-29.0549642833718,-34.6570706093327,36.0000000596046));
#3168=CARTESIAN_POINT('Ctrl Pts',(-29.0549642833718,-34.6570706093327,16.0000000596046));
#3169=CARTESIAN_POINT('Ctrl Pts',(-33.8594400657279,-34.7366887987936,36.0000000596046));
#3170=CARTESIAN_POINT('Ctrl Pts',(-33.8594400657279,-34.7366887987936,16.0000000596046));
#3171=CARTESIAN_POINT('',(-11.9593710792735,-8.18292381302384,36.000000057787));
#3172=CARTESIAN_POINT('',(-12.5864377083186,-5.55049787673802,34.2192623671819));
#3173=CARTESIAN_POINT('Ctrl Pts',(-11.9593710791405,-8.18292381339189,36.0000000559646));
#3174=CARTESIAN_POINT('Ctrl Pts',(-12.0003491417257,-7.94918927277204,35.9498043394009));
#3175=CARTESIAN_POINT('Ctrl Pts',(-12.0442477617223,-7.72056676653114,35.8800784621971));
#3176=CARTESIAN_POINT('Ctrl Pts',(-12.1456131855503,-7.23161723120225,35.6848573475359));
#3177=CARTESIAN_POINT('Ctrl Pts',(-12.2037925178429,-6.97573423108466,35.5511040084076));
#3178=CARTESIAN_POINT('Ctrl Pts',(-12.3764219138966,-6.26826216676821,35.084563170199));
#3179=CARTESIAN_POINT('Ctrl Pts',(-12.4909932480894,-5.86505381657797,34.686195655796));
#3180=CARTESIAN_POINT('Ctrl Pts',(-12.5864377083186,-5.55049787673802,34.2192623671819));
#3181=CARTESIAN_POINT('',(-12.5864377083186,-5.55049787673802,36.0000000596046));
#3182=CARTESIAN_POINT('',(-12.5864377083186,-5.55049787673802,36.0000000596046));
#3183=CARTESIAN_POINT('Ctrl Pts',(-11.9583322375802,-8.18273301491556,36.0000000596046));
#3184=CARTESIAN_POINT('Ctrl Pts',(-12.1144569974656,-7.29522839918172,36.0000000596046));
#3185=CARTESIAN_POINT('Ctrl Pts',(-12.3238362078971,-6.41595262990112,36.0000000596046));
#3186=CARTESIAN_POINT('Ctrl Pts',(-12.5864377083186,-5.55049787673802,36.0000000596046));
#3187=CARTESIAN_POINT('Ctrl Pts',(-12.5864377083186,-5.55049787673802,36.0000000596046));
#3188=CARTESIAN_POINT('Ctrl Pts',(-12.5864377083186,-5.55049787673802,16.0000000596046));
#3189=CARTESIAN_POINT('Ctrl Pts',(-11.3177974393084,-9.73155072337708,36.0000000596046));
#3190=CARTESIAN_POINT('Ctrl Pts',(-11.3177974393084,-9.73155072337708,16.0000000596046));
#3191=CARTESIAN_POINT('Ctrl Pts',(-11.291313154035,-14.2351725138722,36.0000000596046));
#3192=CARTESIAN_POINT('Ctrl Pts',(-11.291313154035,-14.2351725138722,16.0000000596046));
#3193=CARTESIAN_POINT('Ctrl Pts',(-12.5106110163082,-18.4308354945114,36.0000000596046));
#3194=CARTESIAN_POINT('Ctrl Pts',(-12.5106110163082,-18.4308354945114,16.0000000596046));
#3195=CARTESIAN_POINT('Ctrl Pts',(-13.8566372457392,-23.0625769225365,36.0000000596046));
#3196=CARTESIAN_POINT('Ctrl Pts',(-13.8566372457392,-23.0625769225365,16.0000000596046));
#3197=CARTESIAN_POINT('Ctrl Pts',(-16.6874651752145,-27.1889420400337,36.0000000596046));
#3198=CARTESIAN_POINT('Ctrl Pts',(-16.6874651752145,-27.1889420400337,16.0000000596046));
#3199=CARTESIAN_POINT('Ctrl Pts',(-20.5240718210931,-30.1120188391532,36.0000000596046));
#3200=CARTESIAN_POINT('Ctrl Pts',(-20.5240718210931,-30.1120188391532,16.0000000596046));
#3201=CARTESIAN_POINT('Ctrl Pts',(-24.3462598101768,-33.0241101907037,36.0000000596046));
#3202=CARTESIAN_POINT('Ctrl Pts',(-24.3462598101768,-33.0241101907037,16.0000000596046));
#3203=CARTESIAN_POINT('Ctrl Pts',(-29.0549642833718,-34.6570706093327,36.0000000596046));
#3204=CARTESIAN_POINT('Ctrl Pts',(-29.0549642833718,-34.6570706093327,16.0000000596046));
#3205=CARTESIAN_POINT('Ctrl Pts',(-33.8594400657279,-34.7366887987936,36.0000000596046));
#3206=CARTESIAN_POINT('Ctrl Pts',(-33.8594400657279,-34.7366887987936,16.0000000596046));
#3207=CARTESIAN_POINT('',(-12.5864377083186,-5.55049787673802,28.760217491275));
#3208=CARTESIAN_POINT('',(-11.8212009041605,-9.07528768489053,26.8847399292284));
#3209=CARTESIAN_POINT('Ctrl Pts',(-12.5864377083186,-5.55049787673802,28.760217491275));
#3210=CARTESIAN_POINT('Ctrl Pts',(-12.5389983835825,-5.70684347649212,28.5281348763649));
#3211=CARTESIAN_POINT('Ctrl Pts',(-12.4867066088128,-5.8853495476412,28.3126115918056));
#3212=CARTESIAN_POINT('Ctrl Pts',(-12.4320100737159,-6.08313763555679,28.1165210210108));
#3213=CARTESIAN_POINT('Ctrl Pts',(-12.3945999597549,-6.21841631264208,27.9824033737572));
#3214=CARTESIAN_POINT('Ctrl Pts',(-12.3561871268646,-6.36228460997892,27.8577907762339));
#3215=CARTESIAN_POINT('Ctrl Pts',(-12.3175361339474,-6.51370052538921,27.7434108122007));
#3216=CARTESIAN_POINT('Ctrl Pts',(-12.2813567104113,-6.65543402614216,27.6363449685972));
#3217=CARTESIAN_POINT('Ctrl Pts',(-12.2449693495047,-6.80378072680491,27.5382449321654));
#3218=CARTESIAN_POINT('Ctrl Pts',(-12.2089606445012,-6.95786403111704,27.4497074440181));
#3219=CARTESIAN_POINT('Ctrl Pts',(-12.1749939053569,-7.10320964694901,27.3661907009392));
#3220=CARTESIAN_POINT('Ctrl Pts',(-12.141364406293,-7.25365958133662,27.291182719293));
#3221=CARTESIAN_POINT('Ctrl Pts',(-12.1085202382114,-7.408458773174,27.2251843690781));
#3222=CARTESIAN_POINT('Ctrl Pts',(-12.1065457575403,-7.41776477877666,27.2212167707361));
#3223=CARTESIAN_POINT('Ctrl Pts',(-12.1045741003207,-7.42708649686912,27.2172817332842));
#3224=CARTESIAN_POINT('Ctrl Pts',(-12.1026053581214,-7.43642376118999,27.2133793655422));
#3225=CARTESIAN_POINT('Ctrl Pts',(-12.0717017926599,-7.58299183866054,27.1521234646837));
#3226=CARTESIAN_POINT('Ctrl Pts',(-12.0416201383517,-7.73291954717776,27.0991141565243));
#3227=CARTESIAN_POINT('Ctrl Pts',(-12.0126664154274,-7.88552234253783,27.0546180541533));
#3228=CARTESIAN_POINT('Ctrl Pts',(-11.9842522645132,-8.03528128264428,27.0109511664386));
#3229=CARTESIAN_POINT('Ctrl Pts',(-11.9569245251578,-8.18761640591394,26.9754831424697));
#3230=CARTESIAN_POINT('Ctrl Pts',(-11.9309235865082,-8.34186754376816,26.9484659658451));
#3231=CARTESIAN_POINT('Ctrl Pts',(-11.9261125311058,-8.37040923528502,26.9434668719544));
#3232=CARTESIAN_POINT('Ctrl Pts',(-11.9213467625009,-8.39901649271081,26.9387571143613));
#3233=CARTESIAN_POINT('Ctrl Pts',(-11.916627611283,-8.42768508894536,26.934338289409));
#3234=CARTESIAN_POINT('Ctrl Pts',(-11.8916353427738,-8.57951180985163,26.9109365261248));
#3235=CARTESIAN_POINT('Ctrl Pts',(-11.8680301159009,-8.73260122205305,26.8957662743471));
#3236=CARTESIAN_POINT('Ctrl Pts',(-11.8459536918269,-8.88630171616292,26.8889331032445));
#3237=CARTESIAN_POINT('Ctrl Pts',(-11.8369284685641,-8.94913713145895,26.886139584938));
#3238=CARTESIAN_POINT('Ctrl Pts',(-11.8281581612727,-9.0120745779129,26.8847394558836));
#3239=CARTESIAN_POINT('Ctrl Pts',(-11.8196499715338,-9.07506915454299,26.8847399292284));
#3240=CARTESIAN_POINT('',(-11.8713009687774,-15.5152876848906,26.8847399292284));
#3241=CARTESIAN_POINT('Ctrl Pts',(-11.8196499715338,-9.07506915454298,26.8847399292284));
#3242=CARTESIAN_POINT('Ctrl Pts',(-11.531166827467,-11.2109963121629,26.8847399292284));
#3243=CARTESIAN_POINT('Ctrl Pts',(-11.5478360173401,-13.3833594021387,26.8847399292284));
#3244=CARTESIAN_POINT('Ctrl Pts',(-11.8700985357543,-15.5154770196177,26.8847399292284));
#3245=CARTESIAN_POINT('',(-12.9447932516965,-19.7652876848905,31.1347399292285));
#3246=CARTESIAN_POINT('Ctrl Pts',(-11.8713009687774,-15.5152876848906,26.8847399292284));
#3247=CARTESIAN_POINT('Ctrl Pts',(-11.898116919425,-15.6933973893838,26.8847399292284));
#3248=CARTESIAN_POINT('Ctrl Pts',(-11.9270531845786,-15.8711029447897,26.8959348688659));
#3249=CARTESIAN_POINT('Ctrl Pts',(-12.0155648587421,-16.3767669487258,26.9597466574971));
#3250=CARTESIAN_POINT('Ctrl Pts',(-12.0796160086866,-16.6990688103716,27.0396137223974));
#3251=CARTESIAN_POINT('Ctrl Pts',(-12.2481675032497,-17.4641676391238,27.3266302124999));
#3252=CARTESIAN_POINT('Ctrl Pts',(-12.3565912905757,-17.8870285372732,27.574732843775));
#3253=CARTESIAN_POINT('Ctrl Pts',(-12.5817651595617,-18.6859835839132,28.2498392265767));
#3254=CARTESIAN_POINT('Ctrl Pts',(-12.6955950395512,-19.0403842154045,28.6941495172555));
#3255=CARTESIAN_POINT('Ctrl Pts',(-12.864198567584,-19.5425264694261,29.6749287012426));
#3256=CARTESIAN_POINT('Ctrl Pts',(-12.9197155141391,-19.6955893047252,30.1960095974179));
#3257=CARTESIAN_POINT('Ctrl Pts',(-12.9425391515827,-19.7590469320929,30.8685356430739));
#3258=CARTESIAN_POINT('Ctrl Pts',(-12.9447932516965,-19.7652876848905,31.0017530479518));
#3259=CARTESIAN_POINT('Ctrl Pts',(-12.9447932516965,-19.7652876848905,31.1347399292284));
#3260=CARTESIAN_POINT('',(-12.9447932516965,-19.7652876848905,31.8447399292284));
#3261=CARTESIAN_POINT('Ctrl Pts',(-12.9447932516965,-19.7652876848905,31.1347399292285));
#3262=CARTESIAN_POINT('Ctrl Pts',(-12.9447932516965,-19.7652876848905,31.3714065958951));
#3263=CARTESIAN_POINT('Ctrl Pts',(-12.9447932516965,-19.7652876848905,31.6080732625618));
#3264=CARTESIAN_POINT('Ctrl Pts',(-12.9447932516965,-19.7652876848905,31.8447399292284));
#3265=CARTESIAN_POINT('',(-12.0239911477021,-16.4076515485251,36.0000000586511));
#3266=CARTESIAN_POINT('Ctrl Pts',(-12.9447932516965,-19.7652876848905,31.8447399292284));
#3267=CARTESIAN_POINT('Ctrl Pts',(-12.9447932516965,-19.7652876848905,32.3019820345291));
#3268=CARTESIAN_POINT('Ctrl Pts',(-12.9178127221769,-19.6916152203871,32.7549797068485));
#3269=CARTESIAN_POINT('Ctrl Pts',(-12.8102054028298,-19.3832938630767,33.6809222787607));
#3270=CARTESIAN_POINT('Ctrl Pts',(-12.724010295574,-19.1310123740394,34.1366272559386));
#3271=CARTESIAN_POINT('Ctrl Pts',(-12.5102392200496,-18.441382471079,34.9804238521089));
#3272=CARTESIAN_POINT('Ctrl Pts',(-12.3811755699848,-17.990485933649,35.3469968722134));
#3273=CARTESIAN_POINT('Ctrl Pts',(-12.1751547698265,-17.1433508434539,35.7889982168061));
#3274=CARTESIAN_POINT('Ctrl Pts',(-12.0958744838314,-16.7823565934784,35.9195301886821));
#3275=CARTESIAN_POINT('Ctrl Pts',(-12.0239911459198,-16.4076515394397,36.0000000596047));
#3276=CARTESIAN_POINT('',(-12.5106110163082,-18.4308354945114,36.0000000596046));
#3277=CARTESIAN_POINT('Ctrl Pts',(-12.5106110163082,-18.4308354945114,36.0000000596046));
#3278=CARTESIAN_POINT('Ctrl Pts',(-12.3166578422036,-17.7634332314986,36.0000000596046));
#3279=CARTESIAN_POINT('Ctrl Pts',(-12.1542268492841,-17.0882386482787,36.0000000596046));
#3280=CARTESIAN_POINT('Ctrl Pts',(-12.0233034423963,-16.4077895919008,36.0000000596046));
#3281=CARTESIAN_POINT('',(-20.5240718210931,-30.1120188391532,36.0000000596046));
#3282=CARTESIAN_POINT('Ctrl Pts',(-20.5240718210931,-30.1120188391532,36.0000000596046));
#3283=CARTESIAN_POINT('Ctrl Pts',(-16.6874651752145,-27.1889420400337,36.0000000596046));
#3284=CARTESIAN_POINT('Ctrl Pts',(-13.8566372457392,-23.0625769225365,36.0000000596046));
#3285=CARTESIAN_POINT('Ctrl Pts',(-12.5106110163082,-18.4308354945114,36.0000000596046));
#3286=CARTESIAN_POINT('',(-33.8594400657279,-34.7366887987936,36.0000000596046));
#3287=CARTESIAN_POINT('Ctrl Pts',(-33.8594400657279,-34.7366887987936,36.0000000596046));
#3288=CARTESIAN_POINT('Ctrl Pts',(-29.0549642833718,-34.6570706093327,36.0000000596046));
#3289=CARTESIAN_POINT('Ctrl Pts',(-24.3462598101768,-33.0241101907037,36.0000000596046));
#3290=CARTESIAN_POINT('Ctrl Pts',(-20.5240718210931,-30.1120188391532,36.0000000596046));
#3291=CARTESIAN_POINT('',(-33.8594400657279,-34.7366887987936,16.0000000596046));
#3292=CARTESIAN_POINT('',(-33.8594400657279,-34.7366887987936,36.0000000596046));
#3293=CARTESIAN_POINT('',(-20.5240718210931,-30.1120188391532,16.0000000596046));
#3294=CARTESIAN_POINT('Ctrl Pts',(-20.5240718210931,-30.1120188391532,16.0000000596046));
#3295=CARTESIAN_POINT('Ctrl Pts',(-24.3462598101768,-33.0241101907037,16.0000000596046));
#3296=CARTESIAN_POINT('Ctrl Pts',(-29.0549642833718,-34.6570706093327,16.0000000596046));
#3297=CARTESIAN_POINT('Ctrl Pts',(-33.8594400657279,-34.7366887987936,16.0000000596046));
#3298=CARTESIAN_POINT('',(-12.5106110163074,-18.4308354945086,16.0000000596046));
#3299=CARTESIAN_POINT('Ctrl Pts',(-12.5106110163082,-18.4308354945114,16.0000000596046));
#3300=CARTESIAN_POINT('Ctrl Pts',(-13.8566372457392,-23.0625769225365,16.0000000596046));
#3301=CARTESIAN_POINT('Ctrl Pts',(-16.6874651752145,-27.1889420400337,16.0000000596046));
#3302=CARTESIAN_POINT('Ctrl Pts',(-20.5240718210931,-30.1120188391532,16.0000000596046));
#3303=CARTESIAN_POINT('',(-12.5864377083186,-5.55049787673803,16.0000000596046));
#3304=CARTESIAN_POINT('Ctrl Pts',(-12.5864377083186,-5.55049787673802,16.0000000596046));
#3305=CARTESIAN_POINT('Ctrl Pts',(-11.3177974393084,-9.73155072337708,16.0000000596046));
#3306=CARTESIAN_POINT('Ctrl Pts',(-11.291313154035,-14.2351725138722,16.0000000596046));
#3307=CARTESIAN_POINT('Ctrl Pts',(-12.5106110163082,-18.4308354945114,16.0000000596046));
#3308=CARTESIAN_POINT('',(-12.5864377083186,-5.55049787673802,36.0000000596046));
#3309=CARTESIAN_POINT('Ctrl Pts',(-34.6155042368896,10.5236624182462,36.0000000596046));
#3310=CARTESIAN_POINT('Ctrl Pts',(-34.6155042368896,10.5236624182462,16.0000000596046));
#3311=CARTESIAN_POINT('Ctrl Pts',(-29.7207229346448,10.6047771210246,36.0000000596046));
#3312=CARTESIAN_POINT('Ctrl Pts',(-29.7207229346448,10.6047771210246,16.0000000596046));
#3313=CARTESIAN_POINT('Ctrl Pts',(-24.8733756232933,9.07024220289178,36.0000000596046));
#3314=CARTESIAN_POINT('Ctrl Pts',(-24.8733756232933,9.07024220289178,16.0000000596046));
#3315=CARTESIAN_POINT('Ctrl Pts',(-20.9170234717511,6.18690647972464,36.0000000596046));
#3316=CARTESIAN_POINT('Ctrl Pts',(-20.9170234717511,6.18690647972464,16.0000000596046));
#3317=CARTESIAN_POINT('Ctrl Pts',(-16.9606567354414,3.30356012737699,36.0000000596046));
#3318=CARTESIAN_POINT('Ctrl Pts',(-16.9606567354414,3.30356012737699,16.0000000596046));
#3319=CARTESIAN_POINT('Ctrl Pts',(-14.0153878938956,-0.841112255726831,
36.0000000596046));
#3320=CARTESIAN_POINT('Ctrl Pts',(-14.0153878938956,-0.841112255726831,
16.0000000596046));
#3321=CARTESIAN_POINT('Ctrl Pts',(-12.5939240482383,-5.52582517510871,36.0000000596046));
#3322=CARTESIAN_POINT('Ctrl Pts',(-12.5939240482383,-5.52582517510871,16.0000000596046));
#3323=CARTESIAN_POINT('',(-12.5939240482383,-5.52582517510871,34.1822206011599));
#3324=CARTESIAN_POINT('',(-12.8193230416282,-4.8252876848905,31.8447399292284));
#3325=CARTESIAN_POINT('Ctrl Pts',(-12.5939240482383,-5.52582517510871,34.1822206011599));
#3326=CARTESIAN_POINT('Ctrl Pts',(-12.6243447298068,-5.42556785207125,34.0299799372154));
#3327=CARTESIAN_POINT('Ctrl Pts',(-12.6525533404819,-5.33513422342548,33.8713377309845));
#3328=CARTESIAN_POINT('Ctrl Pts',(-12.6779461616823,-5.25512519964153,33.7072396875412));
#3329=CARTESIAN_POINT('Ctrl Pts',(-12.7012148400273,-5.18180903581605,33.5568686610302));
#3330=CARTESIAN_POINT('Ctrl Pts',(-12.7221188561932,-5.11724600430265,33.4019163957568));
#3331=CARTESIAN_POINT('Ctrl Pts',(-12.7402372588471,-5.06190915463977,33.243110567641));
#3332=CARTESIAN_POINT('Ctrl Pts',(-12.7454771419222,-5.04590561241187,33.1971835625482));
#3333=CARTESIAN_POINT('Ctrl Pts',(-12.750484353557,-5.03067381976653,33.15093425336));
#3334=CARTESIAN_POINT('Ctrl Pts',(-12.7552495188751,-5.01622546591109,33.1043802413086));
#3335=CARTESIAN_POINT('Ctrl Pts',(-12.7700472520964,-4.97135758167794,32.9598115212864));
#3336=CARTESIAN_POINT('Ctrl Pts',(-12.7824287576358,-4.93428107023953,32.8130629082662));
#3337=CARTESIAN_POINT('Ctrl Pts',(-12.7922187809529,-4.90511199772335,32.664732823565));
#3338=CARTESIAN_POINT('Ctrl Pts',(-12.8018137724857,-4.87652401639309,32.5193576941431));
#3339=CARTESIAN_POINT('Ctrl Pts',(-12.8089194761606,-4.85553148200075,32.3724634759315));
#3340=CARTESIAN_POINT('Ctrl Pts',(-12.8134174351037,-4.84226067063375,32.2246135336737));
#3341=CARTESIAN_POINT('Ctrl Pts',(-12.8172520726353,-4.8309469276703,32.0985672658452));
#3342=CARTESIAN_POINT('Ctrl Pts',(-12.8191920808419,-4.82524561316909,31.97182637339));
#3343=CARTESIAN_POINT('Ctrl Pts',(-12.8191920808419,-4.82524561316909,31.8447399292284));
#3344=CARTESIAN_POINT('',(-12.8193230416281,-4.8252876848905,31.1347399292284));
#3345=CARTESIAN_POINT('Ctrl Pts',(-12.8193230416282,-4.8252876848905,31.8447399292284));
#3346=CARTESIAN_POINT('Ctrl Pts',(-12.8193230416282,-4.8252876848905,31.6080732625617));
#3347=CARTESIAN_POINT('Ctrl Pts',(-12.8193230416282,-4.8252876848905,31.3714065958951));
#3348=CARTESIAN_POINT('Ctrl Pts',(-12.8193230416281,-4.8252876848905,31.1347399292284));
#3349=CARTESIAN_POINT('',(-12.5939240482383,-5.52582517510871,28.7972592572969));
#3350=CARTESIAN_POINT('Ctrl Pts',(-12.8191920808419,-4.8252456131691,31.1347399292284));
#3351=CARTESIAN_POINT('Ctrl Pts',(-12.8191920808419,-4.8252456131691,30.9862866303927));
#3352=CARTESIAN_POINT('Ctrl Pts',(-12.816543837295,-4.83302465866154,30.8382889119231));
#3353=CARTESIAN_POINT('Ctrl Pts',(-12.8113215334785,-4.84844740801479,30.6913040461315));
#3354=CARTESIAN_POINT('Ctrl Pts',(-12.806000761912,-4.864160956885,30.5415477465965));
#3355=CARTESIAN_POINT('Ctrl Pts',(-12.7980079892941,-4.88780922718811,30.3928428549731));
#3356=CARTESIAN_POINT('Ctrl Pts',(-12.7874727240491,-4.91926840780234,30.245778764169));
#3357=CARTESIAN_POINT('Ctrl Pts',(-12.779604880603,-4.9427624444743,30.1359498024791));
#3358=CARTESIAN_POINT('Ctrl Pts',(-12.7703200970144,-4.97061324087731,30.0270359571822));
#3359=CARTESIAN_POINT('Ctrl Pts',(-12.7596900750352,-5.00277569543342,29.9192827192994));
#3360=CARTESIAN_POINT('Ctrl Pts',(-12.7438906713465,-5.05057875775528,29.7591290613469));
#3361=CARTESIAN_POINT('Ctrl Pts',(-12.725210584341,-5.10762563559858,29.6024711040021));
#3362=CARTESIAN_POINT('Ctrl Pts',(-12.7040392039609,-5.17345472790174,29.450020020884));
#3363=CARTESIAN_POINT('Ctrl Pts',(-12.6810689245422,-5.24487721509643,29.2846154079558));
#3364=CARTESIAN_POINT('Ctrl Pts',(-12.6551662659635,-5.32663811149582,29.124162944381));
#3365=CARTESIAN_POINT('Ctrl Pts',(-12.6268885849101,-5.41816455671658,28.9695709252093));
#3366=CARTESIAN_POINT('Ctrl Pts',(-12.6162269203798,-5.45267319456257,28.9112843831));
#3367=CARTESIAN_POINT('Ctrl Pts',(-12.605228182687,-5.48857018275982,28.8538309330469));
#3368=CARTESIAN_POINT('Ctrl Pts',(-12.5939240482383,-5.52582517510871,28.7972592572969));
#3369=CARTESIAN_POINT('',(-12.5939240482383,-5.52582517510871,16.0000000596046));
#3370=CARTESIAN_POINT('',(-12.5939240482383,-5.52582517510871,36.0000000596046));
#3371=CARTESIAN_POINT('Ctrl Pts',(-16.9154004834231,2.44392135136875,16.0000000596046));
#3372=CARTESIAN_POINT('Ctrl Pts',(-14.963810830515,0.115120918392728,16.0000000596046));
#3373=CARTESIAN_POINT('Ctrl Pts',(-13.4816863544894,-2.60003036285177,16.0000000596046));
#3374=CARTESIAN_POINT('Ctrl Pts',(-12.5939240482383,-5.52582517510871,16.0000000596046));
#3375=CARTESIAN_POINT('',(-34.6155042368896,10.5236624182462,36.0000000596046));
#3376=CARTESIAN_POINT('',(-34.6155042368896,10.5236624182462,36.0000000596046));
#3377=CARTESIAN_POINT('',(-20.9170234717508,6.18690647972444,36.0000000596046));
#3378=CARTESIAN_POINT('Ctrl Pts',(-20.9170234717512,6.18690647972468,36.0000000596046));
#3379=CARTESIAN_POINT('Ctrl Pts',(-24.8733756232933,9.07024220289179,36.0000000596046));
#3380=CARTESIAN_POINT('Ctrl Pts',(-29.7207229346448,10.6047771210246,36.0000000596046));
#3381=CARTESIAN_POINT('Ctrl Pts',(-34.6155042368896,10.5236624182462,36.0000000596046));
#3382=CARTESIAN_POINT('',(-12.5939240482383,-5.52582517510871,36.0000000596046));
#3383=CARTESIAN_POINT('Ctrl Pts',(-12.5939240482383,-5.52582517510871,36.0000000596046));
#3384=CARTESIAN_POINT('Ctrl Pts',(-14.0153878938956,-0.841112255726811,
36.0000000596046));
#3385=CARTESIAN_POINT('Ctrl Pts',(-16.9606567354415,3.30356012737702,36.0000000596046));
#3386=CARTESIAN_POINT('Ctrl Pts',(-20.9170234717512,6.18690647972468,36.0000000596046));
#3387=CARTESIAN_POINT('',(-12.5939240482383,-5.52582517510871,36.0000000596046));
#3388=CARTESIAN_POINT('Origin',(-19.6245056710956,-15.5152876848905,31.8447399292284));
#3389=CARTESIAN_POINT('',(-15.0874087307031,-16.4076515394397,36.0000000596046));
#3390=CARTESIAN_POINT('',(-16.1667429603778,-19.7652876848905,31.8447399292284));
#3391=CARTESIAN_POINT('Ctrl Pts',(-15.087408730703,-16.4076515394397,36.0000000596047));
#3392=CARTESIAN_POINT('Ctrl Pts',(-15.1367324220077,-16.6290371974924,35.9524563311825));
#3393=CARTESIAN_POINT('Ctrl Pts',(-15.1890950185377,-16.8456636970915,35.8874295096761));
#3394=CARTESIAN_POINT('Ctrl Pts',(-15.3061730898926,-17.2971681730036,35.7118550803792));
#3395=CARTESIAN_POINT('Ctrl Pts',(-15.3713949780753,-17.5292364152518,35.5961744915514));
#3396=CARTESIAN_POINT('Ctrl Pts',(-15.5828906342254,-18.2345335921841,35.1604412978782));
#3397=CARTESIAN_POINT('Ctrl Pts',(-15.730898969965,-18.6566029362316,34.7645854602111));
#3398=CARTESIAN_POINT('Ctrl Pts',(-15.971823371626,-19.2977991067016,33.8556217000209));
#3399=CARTESIAN_POINT('Ctrl Pts',(-16.0654953003339,-19.5241921282708,33.3581675042446));
#3400=CARTESIAN_POINT('Ctrl Pts',(-16.1502536518187,-19.7268850778271,32.5038820171139));
#3401=CARTESIAN_POINT('Ctrl Pts',(-16.1667429603778,-19.7652876848905,32.1748005658003));
#3402=CARTESIAN_POINT('Ctrl Pts',(-16.1667429603778,-19.7652876848905,31.8447399292284));
#3403=CARTESIAN_POINT('',(-19.6245056710957,-16.4076515394397,36.0000000596046));
#3404=CARTESIAN_POINT('',(-19.6245056710956,-19.7652876848905,31.8447399292284));
#3405=CARTESIAN_POINT('Origin',(-19.6245056710956,-19.7652876848905,31.8447399292284));
#3406=CARTESIAN_POINT('',(-16.1667429603778,-19.7652876848905,31.1347399292285));
#3407=CARTESIAN_POINT('Ctrl Pts',(-16.1667429603778,-19.7652876848905,31.8447399292284));
#3408=CARTESIAN_POINT('Ctrl Pts',(-16.1667429603778,-19.7652876848905,31.6080732625618));
#3409=CARTESIAN_POINT('Ctrl Pts',(-16.1667429603778,-19.7652876848905,31.3714065958951));
#3410=CARTESIAN_POINT('Ctrl Pts',(-16.1667429603778,-19.7652876848905,31.1347399292285));
#3411=CARTESIAN_POINT('',(-19.6245056710957,-19.7652876848905,31.1347399292285));
#3412=CARTESIAN_POINT('Origin',(-19.6245056710957,-15.5152876848905,31.1347399292284));
#3413=CARTESIAN_POINT('',(-14.9103890171809,-15.5152876848906,26.8847399292284));
#3414=CARTESIAN_POINT('Ctrl Pts',(-16.1667429603778,-19.7652876848905,31.1347399292284));
#3415=CARTESIAN_POINT('Ctrl Pts',(-16.1667429603778,-19.7652876848905,30.8975250019309));
#3416=CARTESIAN_POINT('Ctrl Pts',(-16.1582557945956,-19.7454412538487,30.6601909875709));
#3417=CARTESIAN_POINT('Ctrl Pts',(-16.1044037499941,-19.6177580123735,29.9063337060411));
#3418=CARTESIAN_POINT('Ctrl Pts',(-16.0276578849706,-19.4354212829611,29.4134910743621));
#3419=CARTESIAN_POINT('Ctrl Pts',(-15.8118031410362,-18.878158460912,28.4729216317778));
#3420=CARTESIAN_POINT('Ctrl Pts',(-15.6692675552022,-18.4888724685945,28.045371258377));
#3421=CARTESIAN_POINT('Ctrl Pts',(-15.4045583590904,-17.6531465313537,27.4319470104104));
#3422=CARTESIAN_POINT('Ctrl Pts',(-15.2844454624338,-17.2320347475915,27.2185726850272));
#3423=CARTESIAN_POINT('Ctrl Pts',(-15.0945810592823,-16.4533078425681,26.9751586347891));
#3424=CARTESIAN_POINT('Ctrl Pts',(-15.0203751512138,-16.1105970356342,26.9122037207956));
#3425=CARTESIAN_POINT('Ctrl Pts',(-14.9396511423888,-15.6800942660361,26.8871378462276));
#3426=CARTESIAN_POINT('Ctrl Pts',(-14.9247517902945,-15.5977154827357,26.8847399292284));
#3427=CARTESIAN_POINT('Ctrl Pts',(-14.9103890171809,-15.5152876848906,26.8847399292284));
#3428=CARTESIAN_POINT('',(-19.6245056710957,-15.5152876848906,26.8847399292284));
#3429=CARTESIAN_POINT('Origin',(-19.6245056710957,-15.5152876848906,26.8847399292284));
#3430=CARTESIAN_POINT('',(-14.8524021631892,-9.07528768489053,26.8847399292284));
#3431=CARTESIAN_POINT('Ctrl Pts',(-14.9103890171809,-15.5152876848906,26.8847399292284));
#3432=CARTESIAN_POINT('Ctrl Pts',(-14.5402801003161,-13.3912366580732,26.8847399292284));
#3433=CARTESIAN_POINT('Ctrl Pts',(-14.5211754499863,-11.2058126620231,26.8847399292284));
#3434=CARTESIAN_POINT('Ctrl Pts',(-14.8524021631892,-9.07528768489053,26.8847399292284));
#3435=CARTESIAN_POINT('',(-19.6245056710957,-9.07528768489053,26.8847399292284));
#3436=CARTESIAN_POINT('Origin',(-19.6245056710957,-9.07528768489051,31.1347399292284));
#3437=CARTESIAN_POINT('',(-15.4646817722937,-6.39688779615071,27.8349408389808));
#3438=CARTESIAN_POINT('',(-16.0172774908116,-4.8252876848905,31.1347399292284));
#3439=CARTESIAN_POINT('Ctrl Pts',(-15.4646817722937,-6.39688779615071,27.8349408389808));
#3440=CARTESIAN_POINT('Ctrl Pts',(-15.5080275599613,-6.25403325074143,27.95089383735));
#3441=CARTESIAN_POINT('Ctrl Pts',(-15.5509328023435,-6.11870460563286,28.0761267499783));
#3442=CARTESIAN_POINT('Ctrl Pts',(-15.59254739505,-5.99181093624251,28.2099029866712));
#3443=CARTESIAN_POINT('Ctrl Pts',(-15.6428347042169,-5.83847190853753,28.3715589476272));
#3444=CARTESIAN_POINT('Ctrl Pts',(-15.6910641892548,-5.69796123339855,28.5451429374916));
#3445=CARTESIAN_POINT('Ctrl Pts',(-15.7357468953108,-5.57166264842435,28.7290792875086));
#3446=CARTESIAN_POINT('Ctrl Pts',(-15.7716372900458,-5.47021610524717,28.8768220898343));
#3447=CARTESIAN_POINT('Ctrl Pts',(-15.805238549297,-5.37793745368169,29.0312439762084));
#3448=CARTESIAN_POINT('Ctrl Pts',(-15.8358104363424,-5.29553762755554,29.1915283995555));
#3449=CARTESIAN_POINT('Ctrl Pts',(-15.8624431014436,-5.22375511146958,29.3311599951323));
#3450=CARTESIAN_POINT('Ctrl Pts',(-15.8867765621044,-5.1594691826609,29.4752406721743));
#3451=CARTESIAN_POINT('Ctrl Pts',(-15.9083536772649,-5.10315481392331,29.6232305989952));
#3452=CARTESIAN_POINT('Ctrl Pts',(-15.9286068893887,-5.05029571542133,29.7621403354353));
#3453=CARTESIAN_POINT('Ctrl Pts',(-15.9463347324446,-5.00470964323037,29.9038555839239));
#3454=CARTESIAN_POINT('Ctrl Pts',(-15.9612594264935,-4.96662053094055,30.0478386852784));
#3455=CARTESIAN_POINT('Ctrl Pts',(-15.9760400026268,-4.92889922005744,30.1904314368968));
#3456=CARTESIAN_POINT('Ctrl Pts',(-15.988070991512,-4.8985305429656,30.3352484545316));
#3457=CARTESIAN_POINT('Ctrl Pts',(-15.9971300976194,-4.87574878012985,30.4817675045414));
#3458=CARTESIAN_POINT('Ctrl Pts',(-16.0057572437988,-4.85405330644009,30.6213001744869));
#3459=CARTESIAN_POINT('Ctrl Pts',(-16.0116550476709,-4.83932376083271,30.7618282359552));
#3460=CARTESIAN_POINT('Ctrl Pts',(-16.014741347292,-4.83161724370294,30.902875692402));
#3461=CARTESIAN_POINT('Ctrl Pts',(-16.0164296771177,-4.82740146937151,30.9800343149534));
#3462=CARTESIAN_POINT('Ctrl Pts',(-16.0172774908116,-4.82528768489052,31.0573483679751));
#3463=CARTESIAN_POINT('Ctrl Pts',(-16.0172774908116,-4.82528768489052,31.1347399292284));
#3464=CARTESIAN_POINT('',(-15.4571954323739,-6.42156049778002,27.8150664488405));
#3465=CARTESIAN_POINT('Origin',(-14.6519855256756,-9.07528768489051,31.1347399292284));
#3466=CARTESIAN_POINT('Ctrl Pts',(-14.8524021631892,-9.07528768489053,26.8847399292284));
#3467=CARTESIAN_POINT('Ctrl Pts',(-14.8721524559979,-8.94824934390742,26.8847399292284));
#3468=CARTESIAN_POINT('Ctrl Pts',(-14.8931578304819,-8.82135992631616,26.8904354795774));
#3469=CARTESIAN_POINT('Ctrl Pts',(-14.977865630771,-8.33907583641283,26.933765539456));
#3470=CARTESIAN_POINT('Ctrl Pts',(-15.0494153644765,-7.99025034368482,27.0103285613309));
#3471=CARTESIAN_POINT('Ctrl Pts',(-15.2310340599023,-7.20830792835077,27.2873138463113));
#3472=CARTESIAN_POINT('Ctrl Pts',(-15.3450567316592,-6.79113558166693,27.5196303303236));
#3473=CARTESIAN_POINT('Ctrl Pts',(-15.4571954323739,-6.42156049778002,27.8150664488405));
#3474=CARTESIAN_POINT('Origin',(-11.5169247281075,-9.07528768489051,31.1347399292284));
#3475=CARTESIAN_POINT('',(-19.6245056710957,-4.8252876848905,31.1347399292284));
#3476=CARTESIAN_POINT('Origin',(-19.6245056710957,-4.8252876848905,31.1347399292284));
#3477=CARTESIAN_POINT('',(-16.0172774908116,-4.8252876848905,31.8447399292284));
#3478=CARTESIAN_POINT('Ctrl Pts',(-16.0172774908116,-4.8252876848905,31.1347399292284));
#3479=CARTESIAN_POINT('Ctrl Pts',(-16.0172774908116,-4.8252876848905,31.3714065958951));
#3480=CARTESIAN_POINT('Ctrl Pts',(-16.0172774908116,-4.8252876848905,31.6080732625617));
#3481=CARTESIAN_POINT('Ctrl Pts',(-16.0172774908116,-4.8252876848905,31.8447399292284));
#3482=CARTESIAN_POINT('',(-19.6245056710957,-4.8252876848905,31.8447399292284));
#3483=CARTESIAN_POINT('Origin',(-19.6245056710957,-9.0752876848905,31.8447399292284));
#3484=CARTESIAN_POINT('Ctrl Pts',(-16.0172774908116,-4.8252876848905,31.8447399292284));
#3485=CARTESIAN_POINT('Ctrl Pts',(-16.0172774908116,-4.8252876848905,32.0030866385964));
#3486=CARTESIAN_POINT('Ctrl Pts',(-16.0137234020219,-4.83413465820326,32.1611970118015));
#3487=CARTESIAN_POINT('Ctrl Pts',(-15.9985502148589,-4.87214502364287,32.5001260060658));
#3488=CARTESIAN_POINT('Ctrl Pts',(-15.9857866645278,-4.90418889509164,32.6799936382736));
#3489=CARTESIAN_POINT('Ctrl Pts',(-15.9338086494216,-5.03643145283883,33.2192413001461));
#3490=CARTESIAN_POINT('Ctrl Pts',(-15.8811444833597,-5.17197827016929,33.5660018991586));
#3491=CARTESIAN_POINT('Ctrl Pts',(-15.7180623823819,-5.61557241881083,34.3743411699209));
#3492=CARTESIAN_POINT('Ctrl Pts',(-15.5935482900123,-5.97218291021465,34.7998121169805));
#3493=CARTESIAN_POINT('Ctrl Pts',(-15.4646817722937,-6.3968877961507,35.144539019476));
#3494=CARTESIAN_POINT('Origin',(-11.5169247281075,-9.0752876848905,31.8447399292284));
#3495=CARTESIAN_POINT('',(-19.6245056710957,-8.18292383034143,36.0000000596046));
#3496=CARTESIAN_POINT('Origin',(-43.4861444387847,-12.2537130725143,36.0000000596046));
#3497=CARTESIAN_POINT('Ctrl Pts',(-20.9170234717511,6.18690647972464,36.0000000596046));
#3498=CARTESIAN_POINT('Ctrl Pts',(-16.9606567354414,3.30356012737699,36.0000000596046));
#3499=CARTESIAN_POINT('Ctrl Pts',(-14.0153878938956,-0.841112255726831,
36.0000000596046));
#3500=CARTESIAN_POINT('Ctrl Pts',(-12.5939240482383,-5.52582517510871,36.0000000596046));
#3501=CARTESIAN_POINT('Origin',(-43.4861444387847,-12.2537130725143,36.0000000596046));
#3502=CARTESIAN_POINT('Ctrl Pts',(-66.4482171554724,5.5924603946312,36.0000000596046));
#3503=CARTESIAN_POINT('Ctrl Pts',(-62.6260292191217,8.50455171474149,36.0000000596046));
#3504=CARTESIAN_POINT('Ctrl Pts',(-57.9173248128709,10.1375121249996,36.0000000596046));
#3505=CARTESIAN_POINT('Ctrl Pts',(-53.1128490928709,10.217130335842,36.0000000596046));
#3506=CARTESIAN_POINT('Origin',(-43.4861444387847,-12.2537130725143,36.0000000596046));
#3507=CARTESIAN_POINT('Ctrl Pts',(-34.6155042368896,10.5236624182462,36.0000000596046));
#3508=CARTESIAN_POINT('Ctrl Pts',(-29.7207229346448,10.6047771210246,36.0000000596046));
#3509=CARTESIAN_POINT('Ctrl Pts',(-24.8733756232933,9.07024220289178,36.0000000596046));
#3510=CARTESIAN_POINT('Ctrl Pts',(-20.9170234717511,6.18690647972464,36.0000000596046));
#3511=CARTESIAN_POINT('Origin',(-43.4861444387847,-12.2537130725143,36.0000000596046));
#3512=CARTESIAN_POINT('Ctrl Pts',(-74.3858511794764,-18.9690603538256,36.0000000596046));
#3513=CARTESIAN_POINT('Ctrl Pts',(-75.6544914321196,-14.7880075611329,36.0000000596046));
#3514=CARTESIAN_POINT('Ctrl Pts',(-75.6809757235345,-10.2843858304936,36.0000000596046));
#3515=CARTESIAN_POINT('Ctrl Pts',(-74.4616778890895,-6.08872290047423,36.0000000596046));
#3516=CARTESIAN_POINT('Origin',(-43.4861444387847,-12.2537130725143,36.0000000596046));
#3517=CARTESIAN_POINT('Ctrl Pts',(-74.4615727423397,-6.08836109697229,36.0000000596046));
#3518=CARTESIAN_POINT('Ctrl Pts',(-73.115503306923,-1.45676688769733,36.0000000596046));
#3519=CARTESIAN_POINT('Ctrl Pts',(-70.2847238778967,2.66945971754165,36.0000000596046));
#3520=CARTESIAN_POINT('Ctrl Pts',(-66.4482171554724,5.5924603946312,36.0000000596046));
#3521=CARTESIAN_POINT('Origin',(-43.4861444387847,-12.2537130725143,36.0000000596046));
#3522=CARTESIAN_POINT('Ctrl Pts',(-66.2965616622247,-30.5281491382342,36.0000000596046));
#3523=CARTESIAN_POINT('Ctrl Pts',(-70.1332890749801,-27.6533114733835,36.0000000596046));
#3524=CARTESIAN_POINT('Ctrl Pts',(-72.9863080002286,-23.5815294173737,36.0000000596046));
#3525=CARTESIAN_POINT('Ctrl Pts',(-74.3783648395567,-18.993733055455,36.0000000596046));
#3526=CARTESIAN_POINT('Origin',(-43.4861444387847,-12.2537130725143,36.0000000596046));
#3527=CARTESIAN_POINT('Ctrl Pts',(-20.5240718210931,-30.1120188391532,36.0000000596046));
#3528=CARTESIAN_POINT('Ctrl Pts',(-24.3462598101768,-33.0241101907037,36.0000000596046));
#3529=CARTESIAN_POINT('Ctrl Pts',(-29.0549642833718,-34.6570706093327,36.0000000596046));
#3530=CARTESIAN_POINT('Ctrl Pts',(-33.8594400657279,-34.7366887987936,36.0000000596046));
#3531=CARTESIAN_POINT('Origin',(-43.4861444387847,-12.2537130725143,36.0000000596046));
#3532=CARTESIAN_POINT('',(-33.9091482521779,-31.7371006443631,36.0000000596046));
#3533=CARTESIAN_POINT('Ctrl Pts',(-15.0874087307031,-16.4076515394397,36.0000000596046));
#3534=CARTESIAN_POINT('Ctrl Pts',(-15.1761657067919,-16.8060305139026,36.0000000596046));
#3535=CARTESIAN_POINT('Ctrl Pts',(-15.2775041367731,-17.2016241366273,36.0000000596046));
#3536=CARTESIAN_POINT('Ctrl Pts',(-15.3914285853081,-17.5936436800856,36.0000000596046));
#3537=CARTESIAN_POINT('Ctrl Pts',(-16.5539408435588,-21.5939046478104,36.0000000596046));
#3538=CARTESIAN_POINT('Ctrl Pts',(-19.0286112970315,-25.2011285245803,36.0000000596046));
#3539=CARTESIAN_POINT('Ctrl Pts',(-22.3421809737976,-27.7257080654165,36.0000000596046));
#3540=CARTESIAN_POINT('Ctrl Pts',(-25.6434064554097,-30.2408826727296,36.0000000596046));
#3541=CARTESIAN_POINT('Ctrl Pts',(-29.7595166783928,-31.6683343173378,36.0000000596046));
#3542=CARTESIAN_POINT('Ctrl Pts',(-33.9091482521779,-31.7371006443631,36.0000000596046));
#3543=CARTESIAN_POINT('',(-56.1568003495218,-32.1057814037191,36.0000000596046));
#3544=CARTESIAN_POINT('',(-49.6587659187763,-31.9980981184104,36.0000000596046));
#3545=CARTESIAN_POINT('',(-56.2725844611072,-31.7241921532713,36.0000000596046));
#3546=CARTESIAN_POINT('',(-58.4384931979306,-24.5860150743403,36.0000000596046));
#3547=CARTESIAN_POINT('',(-71.5076071155017,-18.1226704344119,36.0000000596046));
#3548=CARTESIAN_POINT('Ctrl Pts',(-56.2725844611072,-31.7241921532713,36.0000000596046));
#3549=CARTESIAN_POINT('Ctrl Pts',(-59.2413251289686,-31.1795277670887,36.0000000596046));
#3550=CARTESIAN_POINT('Ctrl Pts',(-62.0815307194524,-29.9377174762643,36.0000000596046));
#3551=CARTESIAN_POINT('Ctrl Pts',(-64.4976462950336,-28.1273360464496,36.0000000596046));
#3552=CARTESIAN_POINT('Ctrl Pts',(-67.8114388303138,-25.6443304614678,36.0000000596046));
#3553=CARTESIAN_POINT('Ctrl Pts',(-70.305291653667,-22.08513686958,36.0000000596046));
#3554=CARTESIAN_POINT('Ctrl Pts',(-71.5076071155017,-18.1226704344119,36.0000000596046));
#3555=CARTESIAN_POINT('',(-71.5150934554214,-18.0979977327825,36.0000000596046));
#3556=CARTESIAN_POINT('',(-71.1454994335234,-19.3160673267434,36.0000000596046));
#3557=CARTESIAN_POINT('',(-71.5808603159802,-6.92591470075923,36.0000000596046));
#3558=CARTESIAN_POINT('Ctrl Pts',(-71.5150934554214,-18.0979977327825,36.0000000596046));
#3559=CARTESIAN_POINT('Ctrl Pts',(-72.6115698378992,-14.484344743664,36.0000000596046));
#3560=CARTESIAN_POINT('Ctrl Pts',(-72.6346964728454,-10.5522159806974,36.0000000596046));
#3561=CARTESIAN_POINT('Ctrl Pts',(-71.580860317676,-6.92591470659469,36.0000000596046));
#3562=CARTESIAN_POINT('',(-67.7782918222818,0.200733702051691,36.0000000596046));
#3563=CARTESIAN_POINT('Ctrl Pts',(-71.5808603159801,-6.92591470075923,36.0000000596046));
#3564=CARTESIAN_POINT('Ctrl Pts',(-70.8240535511655,-4.32170595468441,36.0000000596046));
#3565=CARTESIAN_POINT('Ctrl Pts',(-69.5111362316034,-1.88407169136372,36.0000000596046));
#3566=CARTESIAN_POINT('Ctrl Pts',(-67.7782918222818,0.200733702051691,36.0000000596046));
#3567=CARTESIAN_POINT('',(-57.5817403464475,-8.35518888060099,36.0000000596046));
#3568=CARTESIAN_POINT('Ctrl Pts',(-19.2101177695849,0.518411572348497,36.0000000596046));
#3569=CARTESIAN_POINT('Ctrl Pts',(-17.5226789465321,-1.50988327544897,36.0000000596046));
#3570=CARTESIAN_POINT('Ctrl Pts',(-16.2310316122105,-3.87123158140229,36.0000000596046));
#3571=CARTESIAN_POINT('Ctrl Pts',(-15.4646817722937,-6.39688779615071,36.0000000596046));
#3572=CARTESIAN_POINT('Ctrl Pts',(-12.5864377083186,-5.55049787673802,36.0000000596046));
#3573=CARTESIAN_POINT('Ctrl Pts',(-11.3177974393084,-9.73155072337708,36.0000000596046));
#3574=CARTESIAN_POINT('Ctrl Pts',(-11.291313154035,-14.2351725138722,36.0000000596046));
#3575=CARTESIAN_POINT('Ctrl Pts',(-12.5106110163082,-18.4308354945114,36.0000000596046));
#3576=CARTESIAN_POINT('Ctrl Pts',(-74.3783648395567,-18.993733055455,36.0000000596046));
#3577=CARTESIAN_POINT('Ctrl Pts',(-74.3783648395567,-18.993733055455,37.0000000596046));
#3578=CARTESIAN_POINT('Ctrl Pts',(-72.9863080002286,-23.5815294173737,36.0000000596046));
#3579=CARTESIAN_POINT('Ctrl Pts',(-72.9863080002286,-23.5815294173737,37.0000000596046));
#3580=CARTESIAN_POINT('Ctrl Pts',(-70.1332890749801,-27.6533114733835,36.0000000596046));
#3581=CARTESIAN_POINT('Ctrl Pts',(-70.1332890749801,-27.6533114733835,37.0000000596046));
#3582=CARTESIAN_POINT('Ctrl Pts',(-66.2965616622247,-30.5281491382342,36.0000000596046));
#3583=CARTESIAN_POINT('Ctrl Pts',(-66.2965616622247,-30.5281491382342,37.0000000596046));
#3584=CARTESIAN_POINT('Ctrl Pts',(-64.0041896558255,-32.2458102271967,36.0000000596046));
#3585=CARTESIAN_POINT('Ctrl Pts',(-64.0041896558255,-32.2458102271967,37.0000000596046));
#3586=CARTESIAN_POINT('Ctrl Pts',(-61.3963346352511,-33.5127433402154,36.0000000596046));
#3587=CARTESIAN_POINT('Ctrl Pts',(-61.3963346352511,-33.5127433402154,37.0000000596046));
#3588=CARTESIAN_POINT('Ctrl Pts',(-58.6379568396366,-34.2608513103666,36.0000000596046));
#3589=CARTESIAN_POINT('Ctrl Pts',(-58.6379568396366,-34.2608513103666,37.0000000596046));
#3590=CARTESIAN_POINT('',(-58.6379568396366,-34.2608513103666,37.0000000596047));
#3591=CARTESIAN_POINT('',(-58.6379568396366,-34.2608513103666,36.0000000596046));
#3592=CARTESIAN_POINT('',(-74.3783648395567,-18.993733055455,37.0000000596047));
#3593=CARTESIAN_POINT('Ctrl Pts',(-74.3783648395567,-18.993733055455,37.0000000596047));
#3594=CARTESIAN_POINT('Ctrl Pts',(-72.9863080002286,-23.5815294173737,37.0000000596047));
#3595=CARTESIAN_POINT('Ctrl Pts',(-70.1332890749801,-27.6533114733835,37.0000000596047));
#3596=CARTESIAN_POINT('Ctrl Pts',(-66.2965616622247,-30.5281491382342,37.0000000596047));
#3597=CARTESIAN_POINT('Ctrl Pts',(-64.0041896558255,-32.2458102271967,37.0000000596047));
#3598=CARTESIAN_POINT('Ctrl Pts',(-61.3963346352511,-33.5127433402154,37.0000000596047));
#3599=CARTESIAN_POINT('Ctrl Pts',(-58.6379568396366,-34.2608513103666,37.0000000596047));
#3600=CARTESIAN_POINT('',(-74.3783648395567,-18.993733055455,36.0000000596046));
#3601=CARTESIAN_POINT('Ctrl Pts',(-74.461572742349,-6.08836109700439,36.0000000596046));
#3602=CARTESIAN_POINT('Ctrl Pts',(-74.461572742349,-6.08836109700439,37.0000000596046));
#3603=CARTESIAN_POINT('Ctrl Pts',(-74.4616077922788,-6.08848169780498,36.0000000596046));
#3604=CARTESIAN_POINT('Ctrl Pts',(-74.4616077922788,-6.08848169780498,37.0000000596046));
#3605=CARTESIAN_POINT('Ctrl Pts',(-74.4616428411941,-6.08860229896791,36.0000000596046));
#3606=CARTESIAN_POINT('Ctrl Pts',(-74.4616428411941,-6.08860229896791,37.0000000596046));
#3607=CARTESIAN_POINT('Ctrl Pts',(-74.4616778890895,-6.08872290047423,36.0000000596046));
#3608=CARTESIAN_POINT('Ctrl Pts',(-74.4616778890895,-6.08872290047423,37.0000000596046));
#3609=CARTESIAN_POINT('Ctrl Pts',(-75.6809757235345,-10.2843858304936,36.0000000596046));
#3610=CARTESIAN_POINT('Ctrl Pts',(-75.6809757235345,-10.2843858304936,37.0000000596046));
#3611=CARTESIAN_POINT('Ctrl Pts',(-75.6544914321196,-14.7880075611329,36.0000000596046));
#3612=CARTESIAN_POINT('Ctrl Pts',(-75.6544914321196,-14.7880075611329,37.0000000596046));
#3613=CARTESIAN_POINT('Ctrl Pts',(-74.3858511794764,-18.9690603538256,36.0000000596046));
#3614=CARTESIAN_POINT('Ctrl Pts',(-74.3858511794764,-18.9690603538256,37.0000000596046));
#3615=CARTESIAN_POINT('',(-74.3858511794764,-18.9690603538256,37.0000000596047));
#3616=CARTESIAN_POINT('',(-74.3858511794764,-18.9690603538256,36.0000000596046));
#3617=CARTESIAN_POINT('',(-74.461572742349,-6.08836109700439,37.0000000596047));
#3618=CARTESIAN_POINT('Ctrl Pts',(-74.461572742349,-6.08836109700439,37.0000000596047));
#3619=CARTESIAN_POINT('Ctrl Pts',(-74.4616077922788,-6.08848169780498,37.0000000596047));
#3620=CARTESIAN_POINT('Ctrl Pts',(-74.4616428411941,-6.08860229896791,37.0000000596047));
#3621=CARTESIAN_POINT('Ctrl Pts',(-74.4616778890895,-6.08872290047423,37.0000000596047));
#3622=CARTESIAN_POINT('Ctrl Pts',(-75.6809757235345,-10.2843858304936,37.0000000596047));
#3623=CARTESIAN_POINT('Ctrl Pts',(-75.6544914321196,-14.7880075611329,37.0000000596047));
#3624=CARTESIAN_POINT('Ctrl Pts',(-74.3858511794764,-18.9690603538256,37.0000000596047));
#3625=CARTESIAN_POINT('',(-74.461572742349,-6.08836109700439,36.0000000596046));
#3626=CARTESIAN_POINT('Ctrl Pts',(-53.1128490928709,10.217130335842,36.0000000596046));
#3627=CARTESIAN_POINT('Ctrl Pts',(-53.1128490928709,10.217130335842,37.0000000596046));
#3628=CARTESIAN_POINT('Ctrl Pts',(-57.9173248128709,10.1375121249996,36.0000000596046));
#3629=CARTESIAN_POINT('Ctrl Pts',(-57.9173248128709,10.1375121249996,37.0000000596046));
#3630=CARTESIAN_POINT('Ctrl Pts',(-62.6260292191217,8.50455171474149,36.0000000596046));
#3631=CARTESIAN_POINT('Ctrl Pts',(-62.6260292191217,8.50455171474149,37.0000000596046));
#3632=CARTESIAN_POINT('Ctrl Pts',(-66.4482171554724,5.5924603946312,36.0000000596046));
#3633=CARTESIAN_POINT('Ctrl Pts',(-66.4482171554724,5.5924603946312,37.0000000596046));
#3634=CARTESIAN_POINT('Ctrl Pts',(-70.2847238778967,2.66945971754165,36.0000000596046));
#3635=CARTESIAN_POINT('Ctrl Pts',(-70.2847238778967,2.66945971754165,37.0000000596046));
#3636=CARTESIAN_POINT('Ctrl Pts',(-73.115503306923,-1.45676688769733,36.0000000596046));
#3637=CARTESIAN_POINT('Ctrl Pts',(-73.115503306923,-1.45676688769733,37.0000000596046));
#3638=CARTESIAN_POINT('Ctrl Pts',(-74.4615727423397,-6.08836109697229,36.0000000596046));
#3639=CARTESIAN_POINT('Ctrl Pts',(-74.4615727423397,-6.08836109697229,37.0000000596046));
#3640=CARTESIAN_POINT('',(-53.1128490928709,10.217130335842,37.0000000596047));
#3641=CARTESIAN_POINT('Ctrl Pts',(-53.1128490928709,10.217130335842,37.0000000596047));
#3642=CARTESIAN_POINT('Ctrl Pts',(-57.9173248128709,10.1375121249996,37.0000000596047));
#3643=CARTESIAN_POINT('Ctrl Pts',(-62.6260292191217,8.50455171474149,37.0000000596047));
#3644=CARTESIAN_POINT('Ctrl Pts',(-66.4482171554724,5.5924603946312,37.0000000596047));
#3645=CARTESIAN_POINT('Ctrl Pts',(-70.2847238778967,2.66945971754165,37.0000000596047));
#3646=CARTESIAN_POINT('Ctrl Pts',(-73.115503306923,-1.45676688769733,37.0000000596047));
#3647=CARTESIAN_POINT('Ctrl Pts',(-74.4615727423397,-6.08836109697229,37.0000000596047));
#3648=CARTESIAN_POINT('',(-53.1128490928709,10.217130335842,36.0000000596046));
#3649=CARTESIAN_POINT('Origin',(-34.6155042368897,10.5236624182462,36.0000000596046));
#3650=CARTESIAN_POINT('',(-34.6155042368896,10.5236624182462,37.0000000596047));
#3651=CARTESIAN_POINT('',(-53.1128490928709,10.217130335842,37.0000000596047));
#3652=CARTESIAN_POINT('',(-34.6155042368896,10.5236624182462,36.0000000596046));
#3653=CARTESIAN_POINT('Ctrl Pts',(-12.5939240482383,-5.52582517510871,36.0000000596046));
#3654=CARTESIAN_POINT('Ctrl Pts',(-12.5939240482383,-5.52582517510871,37.0000000596046));
#3655=CARTESIAN_POINT('Ctrl Pts',(-14.0153878938956,-0.841112255726831,
36.0000000596046));
#3656=CARTESIAN_POINT('Ctrl Pts',(-14.0153878938956,-0.841112255726831,
37.0000000596046));
#3657=CARTESIAN_POINT('Ctrl Pts',(-16.9606567354414,3.30356012737699,36.0000000596046));
#3658=CARTESIAN_POINT('Ctrl Pts',(-16.9606567354414,3.30356012737699,37.0000000596046));
#3659=CARTESIAN_POINT('Ctrl Pts',(-20.9170234717511,6.18690647972464,36.0000000596046));
#3660=CARTESIAN_POINT('Ctrl Pts',(-20.9170234717511,6.18690647972464,37.0000000596046));
#3661=CARTESIAN_POINT('Ctrl Pts',(-24.8733756232933,9.07024220289178,36.0000000596046));
#3662=CARTESIAN_POINT('Ctrl Pts',(-24.8733756232933,9.07024220289178,37.0000000596046));
#3663=CARTESIAN_POINT('Ctrl Pts',(-29.7207229346448,10.6047771210246,36.0000000596046));
#3664=CARTESIAN_POINT('Ctrl Pts',(-29.7207229346448,10.6047771210246,37.0000000596046));
#3665=CARTESIAN_POINT('Ctrl Pts',(-34.6155042368896,10.5236624182462,36.0000000596046));
#3666=CARTESIAN_POINT('Ctrl Pts',(-34.6155042368896,10.5236624182462,37.0000000596046));
#3667=CARTESIAN_POINT('',(-12.5939240482383,-5.5258251751087,37.0000000596047));
#3668=CARTESIAN_POINT('Ctrl Pts',(-12.5939240482383,-5.52582517510871,37.0000000596047));
#3669=CARTESIAN_POINT('Ctrl Pts',(-14.0153878938956,-0.841112255726831,
37.0000000596047));
#3670=CARTESIAN_POINT('Ctrl Pts',(-16.9606567354414,3.30356012737699,37.0000000596047));
#3671=CARTESIAN_POINT('Ctrl Pts',(-20.9170234717511,6.18690647972464,37.0000000596047));
#3672=CARTESIAN_POINT('Ctrl Pts',(-24.8733756232933,9.07024220289178,37.0000000596047));
#3673=CARTESIAN_POINT('Ctrl Pts',(-29.7207229346448,10.6047771210246,37.0000000596047));
#3674=CARTESIAN_POINT('Ctrl Pts',(-34.6155042368896,10.5236624182462,37.0000000596047));
#3675=CARTESIAN_POINT('',(-12.5939240482383,-5.52582517510871,36.0000000596046));
#3676=CARTESIAN_POINT('Origin',(-12.5864377083186,-5.55049787673802,36.0000000596046));
#3677=CARTESIAN_POINT('',(-12.5864377083186,-5.55049787673802,37.0000000596047));
#3678=CARTESIAN_POINT('',(-12.5939240482383,-5.52582517510871,37.0000000596047));
#3679=CARTESIAN_POINT('',(-12.5864377083186,-5.55049787673802,36.0000000596046));
#3680=CARTESIAN_POINT('Ctrl Pts',(-33.8594400657279,-34.7366887987936,36.0000000596046));
#3681=CARTESIAN_POINT('Ctrl Pts',(-33.8594400657279,-34.7366887987936,37.0000000596046));
#3682=CARTESIAN_POINT('Ctrl Pts',(-29.0549642833718,-34.6570706093327,36.0000000596046));
#3683=CARTESIAN_POINT('Ctrl Pts',(-29.0549642833718,-34.6570706093327,37.0000000596046));
#3684=CARTESIAN_POINT('Ctrl Pts',(-24.3462598101768,-33.0241101907037,36.0000000596046));
#3685=CARTESIAN_POINT('Ctrl Pts',(-24.3462598101768,-33.0241101907037,37.0000000596046));
#3686=CARTESIAN_POINT('Ctrl Pts',(-20.5240718210931,-30.1120188391532,36.0000000596046));
#3687=CARTESIAN_POINT('Ctrl Pts',(-20.5240718210931,-30.1120188391532,37.0000000596046));
#3688=CARTESIAN_POINT('Ctrl Pts',(-16.6874651752145,-27.1889420400337,36.0000000596046));
#3689=CARTESIAN_POINT('Ctrl Pts',(-16.6874651752145,-27.1889420400337,37.0000000596046));
#3690=CARTESIAN_POINT('Ctrl Pts',(-13.8566372457392,-23.0625769225365,36.0000000596046));
#3691=CARTESIAN_POINT('Ctrl Pts',(-13.8566372457392,-23.0625769225365,37.0000000596046));
#3692=CARTESIAN_POINT('Ctrl Pts',(-12.5106110163082,-18.4308354945114,36.0000000596046));
#3693=CARTESIAN_POINT('Ctrl Pts',(-12.5106110163082,-18.4308354945114,37.0000000596046));
#3694=CARTESIAN_POINT('Ctrl Pts',(-11.291313154035,-14.2351725138722,36.0000000596046));
#3695=CARTESIAN_POINT('Ctrl Pts',(-11.291313154035,-14.2351725138722,37.0000000596046));
#3696=CARTESIAN_POINT('Ctrl Pts',(-11.3177974393084,-9.73155072337708,36.0000000596046));
#3697=CARTESIAN_POINT('Ctrl Pts',(-11.3177974393084,-9.73155072337708,37.0000000596046));
#3698=CARTESIAN_POINT('Ctrl Pts',(-12.5864377083186,-5.55049787673802,36.0000000596046));
#3699=CARTESIAN_POINT('Ctrl Pts',(-12.5864377083186,-5.55049787673802,37.0000000596046));
#3700=CARTESIAN_POINT('',(-33.8594400657279,-34.7366887987936,37.0000000596047));
#3701=CARTESIAN_POINT('Ctrl Pts',(-33.8594400657279,-34.7366887987936,37.0000000596047));
#3702=CARTESIAN_POINT('Ctrl Pts',(-29.0549642833718,-34.6570706093327,37.0000000596047));
#3703=CARTESIAN_POINT('Ctrl Pts',(-24.3462598101768,-33.0241101907037,37.0000000596047));
#3704=CARTESIAN_POINT('Ctrl Pts',(-20.5240718210931,-30.1120188391532,37.0000000596047));
#3705=CARTESIAN_POINT('Ctrl Pts',(-16.6874651752145,-27.1889420400337,37.0000000596047));
#3706=CARTESIAN_POINT('Ctrl Pts',(-13.8566372457392,-23.0625769225365,37.0000000596047));
#3707=CARTESIAN_POINT('Ctrl Pts',(-12.5106110163082,-18.4308354945114,37.0000000596047));
#3708=CARTESIAN_POINT('Ctrl Pts',(-11.291313154035,-14.2351725138722,37.0000000596047));
#3709=CARTESIAN_POINT('Ctrl Pts',(-11.3177974393084,-9.73155072337708,37.0000000596047));
#3710=CARTESIAN_POINT('Ctrl Pts',(-12.5864377083186,-5.55049787673802,37.0000000596047));
#3711=CARTESIAN_POINT('',(-33.8594400657279,-34.7366887987936,36.0000000596046));
#3712=CARTESIAN_POINT('Ctrl Pts',(-12.5106110163082,-18.4308354945114,36.0000000596046));
#3713=CARTESIAN_POINT('Ctrl Pts',(-13.8566372457392,-23.0625769225365,36.0000000596046));
#3714=CARTESIAN_POINT('Ctrl Pts',(-16.6874651752145,-27.1889420400337,36.0000000596046));
#3715=CARTESIAN_POINT('Ctrl Pts',(-20.5240718210931,-30.1120188391532,36.0000000596046));
#3716=CARTESIAN_POINT('Origin',(-43.4861444387847,-12.2537130725143,37.0000000596047));
#3717=CARTESIAN_POINT('',(-56.4946126815649,-35.1117914204837,37.0000000596047));
#3718=CARTESIAN_POINT('Origin',(-56.544320868015,-32.1122032660532,37.0000000596047));
#3719=CARTESIAN_POINT('',(-33.8594400657279,-34.7366887987936,37.0000000596047));
#3720=CARTESIAN_POINT('',(-74.3783648395567,-18.993733055455,37.0000000596047));
#3721=CARTESIAN_POINT('Origin',(-43.4861444387847,-12.2537130725143,36.0000000596046));
#3722=CARTESIAN_POINT('Origin',(-43.4861444387847,-12.2690490165314,16.0000000596046));
#3723=CARTESIAN_POINT('',(-16.9153939145142,2.44391351279209,16.0000000596046));
#3724=CARTESIAN_POINT('Ctrl Pts',(-16.9153939145142,2.44391351279209,16.0000000596046));
#3725=CARTESIAN_POINT('Ctrl Pts',(-14.9638075046993,0.11511482572284,16.0000000596046));
#3726=CARTESIAN_POINT('Ctrl Pts',(-13.4816853584414,-2.60003364552359,16.0000000596046));
#3727=CARTESIAN_POINT('Ctrl Pts',(-12.5939240482383,-5.52582517510871,16.0000000596046));
#3728=CARTESIAN_POINT('',(-25.0487996683836,-4.38082425549494,16.0000000596046));
#3729=CARTESIAN_POINT('Origin',(-43.4861444387847,-12.2690490165314,16.0000000596046));
#3730=CARTESIAN_POINT('Ctrl Pts',(-12.5864377083186,-5.55049787673803,16.0000000596046));
#3731=CARTESIAN_POINT('Ctrl Pts',(-11.3177974393084,-9.73155072337709,16.0000000596046));
#3732=CARTESIAN_POINT('Ctrl Pts',(-11.291313154035,-14.2351725138722,16.0000000596046));
#3733=CARTESIAN_POINT('Ctrl Pts',(-12.5106110163082,-18.4308354945115,16.0000000596046));
#3734=CARTESIAN_POINT('Origin',(-43.4861444387847,-12.2690490165314,16.0000000596046));
#3735=CARTESIAN_POINT('Ctrl Pts',(-12.5106110163082,-18.4308354945115,16.0000000596046));
#3736=CARTESIAN_POINT('Ctrl Pts',(-13.8566372457392,-23.0625769225365,16.0000000596046));
#3737=CARTESIAN_POINT('Ctrl Pts',(-16.6874651752145,-27.1889420400337,16.0000000596046));
#3738=CARTESIAN_POINT('Ctrl Pts',(-20.5240718210931,-30.1120188391532,16.0000000596046));
#3739=CARTESIAN_POINT('Origin',(-43.4861444387847,-12.2690490165314,16.0000000596046));
#3740=CARTESIAN_POINT('Ctrl Pts',(-20.5240718210931,-30.1120188391532,16.0000000596046));
#3741=CARTESIAN_POINT('Ctrl Pts',(-24.3462598101768,-33.0241101907037,16.0000000596046));
#3742=CARTESIAN_POINT('Ctrl Pts',(-29.0549642833718,-34.6570706093327,16.0000000596046));
#3743=CARTESIAN_POINT('Ctrl Pts',(-33.8594400657279,-34.7366887987936,16.0000000596046));
#3744=CARTESIAN_POINT('Origin',(-43.4861444387847,-12.2690490165314,16.0000000596046));
#3745=CARTESIAN_POINT('Ctrl Pts',(-66.2965616622247,-30.5281491382342,16.0000000596046));
#3746=CARTESIAN_POINT('Ctrl Pts',(-70.1332890749801,-27.6533114733835,16.0000000596046));
#3747=CARTESIAN_POINT('Ctrl Pts',(-72.9863080002286,-23.5815294173737,16.0000000596046));
#3748=CARTESIAN_POINT('Ctrl Pts',(-74.3783648395567,-18.993733055455,16.0000000596046));
#3749=CARTESIAN_POINT('Origin',(-43.4861444387847,-12.2690490165314,16.0000000596046));
#3750=CARTESIAN_POINT('Ctrl Pts',(-74.3858511794765,-18.9690603538256,16.0000000596046));
#3751=CARTESIAN_POINT('Ctrl Pts',(-75.6544914321196,-14.7880075611329,16.0000000596046));
#3752=CARTESIAN_POINT('Ctrl Pts',(-75.6809757235345,-10.2843858304936,16.0000000596046));
#3753=CARTESIAN_POINT('Ctrl Pts',(-74.4616778890895,-6.08872290047424,16.0000000596046));
#3754=CARTESIAN_POINT('Origin',(-43.4861444387847,-12.2690490165314,16.0000000596046));
#3755=CARTESIAN_POINT('',(-70.0455901858211,2.15977106029217,16.0000000596046));
#3756=CARTESIAN_POINT('',(-61.939607777659,-4.69850392635193,16.0000000596046));
#3757=CARTESIAN_POINT('Ctrl Pts',(-74.4615727423397,-6.0883610969723,16.0000000596046));
#3758=CARTESIAN_POINT('Ctrl Pts',(-73.5806799925136,-3.0573578002074,16.0000000596046));
#3759=CARTESIAN_POINT('Ctrl Pts',(-72.0639383034921,-0.242785588247999,
16.0000000596046));
#3760=CARTESIAN_POINT('Ctrl Pts',(-70.0455901858211,2.15977106029217,16.0000000596046));
#3761=CARTESIAN_POINT('Origin',(-45.3846981263857,66.1188955377818,-40.546057718896));
#3762=CARTESIAN_POINT('',(-25.5846981263857,48.1188955377818,-40.5460577188949));
#3763=CARTESIAN_POINT('Origin',(-45.3846981263857,48.1188955377818,-40.546057718896));
#3764=CARTESIAN_POINT('',(-25.5846981263857,53.1188955377818,-40.5460577188949));
#3765=CARTESIAN_POINT('',(-25.5846981263857,66.1188955377818,-40.5460577188949));
#3766=CARTESIAN_POINT('Origin',(-45.3846981263857,53.1188955377818,-40.546057718896));
#3767=CARTESIAN_POINT('Origin',(-45.3846981263857,53.1188955377818,-40.546057718896));
#3768=CARTESIAN_POINT('Origin',(-35.3846979773741,52.1188955377818,-40.5460577188955));
#3769=CARTESIAN_POINT('',(-36.8846979773741,52.1188955377818,-40.5460577188955));
#3770=CARTESIAN_POINT('Origin',(-35.3846979773741,52.1188955377818,-40.5460577188955));
#3771=CARTESIAN_POINT('Origin',(-45.3846981263863,52.1188955377818,-30.5460575698844));
#3772=CARTESIAN_POINT('',(-46.8846981263863,52.1188955377818,-30.5460575698845));
#3773=CARTESIAN_POINT('Origin',(-45.3846981263863,52.1188955377818,-30.5460575698844));
#3774=CARTESIAN_POINT('Origin',(-45.3846981263852,52.1188955377818,-50.5460578679076));
#3775=CARTESIAN_POINT('',(-46.8846981263852,52.1188955377818,-50.5460578679077));
#3776=CARTESIAN_POINT('Origin',(-45.3846981263852,52.1188955377818,-50.5460578679076));
#3777=CARTESIAN_POINT('Origin',(-55.3846982753973,52.1188955377818,-40.5460577188965));
#3778=CARTESIAN_POINT('',(-56.8846982753973,52.1188955377818,-40.5460577188966));
#3779=CARTESIAN_POINT('Origin',(-55.3846982753973,52.1188955377818,-40.5460577188965));
#3780=CARTESIAN_POINT('Ctrl Pts',(-17.3827743377398,43.1188955377819,-60.7323937185582));
#3781=CARTESIAN_POINT('Ctrl Pts',(-17.3827743377398,41.9950982012817,-60.7323937185582));
#3782=CARTESIAN_POINT('Ctrl Pts',(-17.4491980941638,40.3550995332844,-60.528967773562));
#3783=CARTESIAN_POINT('Ctrl Pts',(-17.7254000017235,37.4324407150979,-59.9141374927601));
#3784=CARTESIAN_POINT('Ctrl Pts',(-18.321709306084,33.8908988142952,-58.9635130567362));
#3785=CARTESIAN_POINT('Ctrl Pts',(-19.4608853820557,30.3665303170644,-58.0031433309467));
#3786=CARTESIAN_POINT('Ctrl Pts',(-20.8696867809429,27.8609433699692,-57.4559267718853));
#3787=CARTESIAN_POINT('Ctrl Pts',(-21.6895572009645,26.9269520996063,-57.3472296713988));
#3788=CARTESIAN_POINT('Ctrl Pts',(-22.1148251453087,26.5628531248607,-57.3472296713988));
#3789=CARTESIAN_POINT('Ctrl Pts',(-17.4586400281278,43.1188955377819,-60.5100799282093));
#3790=CARTESIAN_POINT('Ctrl Pts',(-17.4586400281278,42.0418049390079,-60.5100799282093));
#3791=CARTESIAN_POINT('Ctrl Pts',(-17.54336232739,40.4699841785374,-60.2814447716501));
#3792=CARTESIAN_POINT('Ctrl Pts',(-17.8917578695236,37.6767639351918,-59.6047013331351));
#3793=CARTESIAN_POINT('Ctrl Pts',(-18.6309791932917,34.3086241833866,-58.5877080496704));
#3794=CARTESIAN_POINT('Ctrl Pts',(-19.9597209114059,31.0248776787931,-57.6973250067137));
#3795=CARTESIAN_POINT('Ctrl Pts',(-21.3817857249489,28.768718794032,-57.3334235230251));
#3796=CARTESIAN_POINT('Ctrl Pts',(-22.1150040000328,27.9463820415393,-57.3162220981332));
#3797=CARTESIAN_POINT('Ctrl Pts',(-22.4783441515156,27.6243294762271,-57.3472296713988));
#3798=CARTESIAN_POINT('Ctrl Pts',(-17.5894566597742,43.1188955377819,-60.0583182431071));
#3799=CARTESIAN_POINT('Ctrl Pts',(-17.5894566597742,42.13521786494,-60.0583182431071));
#3800=CARTESIAN_POINT('Ctrl Pts',(-17.7020581591572,40.6997090545724,-59.7760296579416));
#3801=CARTESIAN_POINT('Ctrl Pts',(-18.1624135533443,38.1653217118681,-58.9538668007173));
#3802=CARTESIAN_POINT('Ctrl Pts',(-19.1261840898554,35.1438409635996,-57.7465908714581));
#3803=CARTESIAN_POINT('Ctrl Pts',(-20.7809653521012,32.3402469684889,-56.8361894097969));
#3804=CARTESIAN_POINT('Ctrl Pts',(-22.2862214917462,30.5807123463472,-56.6598231544078));
#3805=CARTESIAN_POINT('Ctrl Pts',(-22.9199416684464,29.9802177854738,-56.7590308261179));
#3806=CARTESIAN_POINT('Ctrl Pts',(-23.2035038230926,29.7417974193073,-56.833478516975));
#3807=CARTESIAN_POINT('Ctrl Pts',(-17.7432365858743,43.1188955377819,-59.2497442898983));
#3808=CARTESIAN_POINT('Ctrl Pts',(-17.7432365858743,42.2972493255615,-59.2497442898983));
#3809=CARTESIAN_POINT('Ctrl Pts',(-17.8736924331714,41.098594998307,-58.8652386628265));
#3810=CARTESIAN_POINT('Ctrl Pts',(-18.4073220259077,38.9997101576652,-57.7325101193465));
#3811=CARTESIAN_POINT('Ctrl Pts',(-19.5249658466328,36.5351485651588,-56.0417670594332));
#3812=CARTESIAN_POINT('Ctrl Pts',(-21.4521371695049,34.3994031961747,-54.6376111059359));
#3813=CARTESIAN_POINT('Ctrl Pts',(-23.1940342131128,33.228975814678,-54.1931866385729));
#3814=CARTESIAN_POINT('Ctrl Pts',(-23.9115471542406,32.8740300671953,-54.2472761455114));
#3815=CARTESIAN_POINT('Ctrl Pts',(-24.2263021466359,32.7283709247386,-54.3251419075963));
#3816=CARTESIAN_POINT('Ctrl Pts',(-17.7846981263865,43.1188955377819,-58.6624930279711));
#3817=CARTESIAN_POINT('Ctrl Pts',(-17.7846981263865,42.410420999441,-58.6624930279711));
#3818=CARTESIAN_POINT('Ctrl Pts',(-17.8991234864067,41.3763217071183,-58.2003157206992));
#3819=CARTESIAN_POINT('Ctrl Pts',(-18.3709951215992,39.5570465559438,-56.8148462939649));
#3820=CARTESIAN_POINT('Ctrl Pts',(-19.3717665904522,37.4005208065227,-54.6953669577356));
#3821=CARTESIAN_POINT('Ctrl Pts',(-21.1735021301218,35.438779254631,-52.6683942441867));
#3822=CARTESIAN_POINT('Ctrl Pts',(-23.090122733778,34.2323498594401,-51.6490921351325));
#3823=CARTESIAN_POINT('Ctrl Pts',(-24.0658184075412,33.8217604093018,-51.5005157486041));
#3824=CARTESIAN_POINT('Ctrl Pts',(-24.5447707086277,33.6582998732555,-51.5302257358219));
#3825=CARTESIAN_POINT('Ctrl Pts',(-17.7846981263865,43.1188955377819,-58.3101397892972));
#3826=CARTESIAN_POINT('Ctrl Pts',(-17.7846981263865,42.4767256312104,-58.3101397892972));
#3827=CARTESIAN_POINT('Ctrl Pts',(-17.8795892069922,41.539583535212,-57.8015749268069));
#3828=CARTESIAN_POINT('Ctrl Pts',(-18.274163360649,39.8694927819623,-56.2644992248019));
#3829=CARTESIAN_POINT('Ctrl Pts',(-19.1260337954496,37.8457545529324,-53.8879381347422));
#3830=CARTESIAN_POINT('Ctrl Pts',(-20.7534281896949,35.8318296973719,-51.4870138202685));
#3831=CARTESIAN_POINT('Ctrl Pts',(-22.7660016166766,34.4000657276032,-50.1189724226151));
#3832=CARTESIAN_POINT('Ctrl Pts',(-23.9372450738502,33.866356430253,-49.8472296713988));
#3833=CARTESIAN_POINT('Ctrl Pts',(-24.5447707086277,33.6582998732555,-49.8472296713988));
#3834=CARTESIAN_POINT('',(-17.7846981263865,43.1188955377819,-58.3101397892972));
#3835=CARTESIAN_POINT('',(-17.7846981281629,37.274351952063,-59.8472296683219));
#3836=CARTESIAN_POINT('Ctrl Pts',(-17.7846981263865,37.2743519771319,-59.8472296713988));
#3837=CARTESIAN_POINT('Ctrl Pts',(-17.7846981263865,37.9386644293277,-59.8472296713988));
#3838=CARTESIAN_POINT('Ctrl Pts',(-17.7846981263865,38.6206082008256,-59.8177028480698));
#3839=CARTESIAN_POINT('Ctrl Pts',(-17.7846981263865,40.1135025560817,-59.6449840731643));
#3840=CARTESIAN_POINT('Ctrl Pts',(-17.784698126653,40.9764309531357,-59.467113941256));
#3841=CARTESIAN_POINT('Ctrl Pts',(-17.784698126653,42.3507267442571,-58.8905204485899));
#3842=CARTESIAN_POINT('Ctrl Pts',(-17.7846981263865,42.7810045766265,-58.6005315136513));
#3843=CARTESIAN_POINT('Ctrl Pts',(-17.7846981263865,43.110108441464,-58.3177348141092));
#3844=CARTESIAN_POINT('Ctrl Pts',(-17.7846981263865,43.1145056347775,-58.3139415568191));
#3845=CARTESIAN_POINT('Ctrl Pts',(-17.7846981263865,43.1188955377819,-58.3101397892972));
#3846=CARTESIAN_POINT('',(-24.5447707086277,33.6582998732555,-49.8472296713988));
#3847=CARTESIAN_POINT('Ctrl Pts',(-17.7846981263865,43.1188955377819,-58.3101397892972));
#3848=CARTESIAN_POINT('Ctrl Pts',(-17.7846981263865,42.4767256312104,-58.3101397892972));
#3849=CARTESIAN_POINT('Ctrl Pts',(-17.8795892069922,41.539583535212,-57.8015749268069));
#3850=CARTESIAN_POINT('Ctrl Pts',(-18.274163360649,39.8694927819623,-56.2644992248019));
#3851=CARTESIAN_POINT('Ctrl Pts',(-19.1260337954496,37.8457545529324,-53.8879381347422));
#3852=CARTESIAN_POINT('Ctrl Pts',(-20.7534281896949,35.8318296973719,-51.4870138202685));
#3853=CARTESIAN_POINT('Ctrl Pts',(-22.7660016166766,34.4000657276032,-50.1189724226151));
#3854=CARTESIAN_POINT('Ctrl Pts',(-23.9372450738502,33.866356430253,-49.8472296713988));
#3855=CARTESIAN_POINT('Ctrl Pts',(-24.5447707086277,33.6582998732555,-49.8472296713988));
#3856=CARTESIAN_POINT('',(-22.1148251453086,26.5628531248607,-57.3472296713988));
#3857=CARTESIAN_POINT('Origin',(-22.1148251453087,26.5628531248607,-49.8472296713988));
#3858=CARTESIAN_POINT('Ctrl Pts',(-22.1148251453087,26.5628531248607,-57.3472296713988));
#3859=CARTESIAN_POINT('Ctrl Pts',(-21.6895572009645,26.9269520996063,-57.3472296713988));
#3860=CARTESIAN_POINT('Ctrl Pts',(-20.8696867809429,27.8609433699692,-57.4559267718853));
#3861=CARTESIAN_POINT('Ctrl Pts',(-19.4608853820557,30.3665303170644,-58.0031433309467));
#3862=CARTESIAN_POINT('Ctrl Pts',(-18.4249575546192,33.5714706923332,-58.8764707686953));
#3863=CARTESIAN_POINT('Ctrl Pts',(-17.9264884036158,36.2723894901017,-59.6026037005169));
#3864=CARTESIAN_POINT('Ctrl Pts',(-17.7848283186195,37.2743982788509,-59.8471152481526));
#3865=CARTESIAN_POINT('Origin',(-27.7846981263865,43.1188955377819,-49.8472296713988));
#3866=CARTESIAN_POINT('',(-27.7846981263865,33.1188955377819,-49.8472296713988));
#3867=CARTESIAN_POINT('',(-27.7846981263865,25.6188955377818,-57.3472296713988));
#3868=CARTESIAN_POINT('Origin',(-27.7846981263865,25.6188955377818,-49.8472296713988));
#3869=CARTESIAN_POINT('Origin',(-27.7846981263865,43.1188955377819,-57.3472296713988));
#3870=CARTESIAN_POINT('Origin',(-27.7846981263865,43.1188955377819,-49.8472296713988));
#3871=CARTESIAN_POINT('Origin',(-31.5346981263865,25.6188955377819,-49.8472296713988));
#3872=CARTESIAN_POINT('',(-46.7119656773199,33.1188955377818,-49.8472296713988));
#3873=CARTESIAN_POINT('',(-46.8846981263852,33.0862671738908,-50.5460578679076));
#3874=CARTESIAN_POINT('Ctrl Pts',(-46.8846981263852,33.0862671738908,-50.5460578679076));
#3875=CARTESIAN_POINT('Ctrl Pts',(-46.8846981263852,33.1038198412269,-50.3584977624931));
#3876=CARTESIAN_POINT('Ctrl Pts',(-46.8473224947798,33.1147351803067,-50.1578947256619));
#3877=CARTESIAN_POINT('Ctrl Pts',(-46.7532712953887,33.1185582213419,-49.9302968092147));
#3878=CARTESIAN_POINT('Ctrl Pts',(-46.7335415567797,33.1188955377819,-49.8882082192493));
#3879=CARTESIAN_POINT('Ctrl Pts',(-46.7119656773199,33.1188955377819,-49.8472296713988));
#3880=CARTESIAN_POINT('',(-62.7846981263865,33.1188955377819,-49.8472296713988));
#3881=CARTESIAN_POINT('',(-31.5346981263865,33.1188955377819,-49.8472296713988));
#3882=CARTESIAN_POINT('',(-62.7846981263865,25.6188955377819,-57.3472296713988));
#3883=CARTESIAN_POINT('Origin',(-62.7846981263865,25.6188955377819,-49.8472296713988));
#3884=CARTESIAN_POINT('',(-31.5346981263865,25.6188955377819,-57.3472296713988));
#3885=CARTESIAN_POINT('',(-44.0574305754505,33.1188955377818,-49.8472296713988));
#3886=CARTESIAN_POINT('',(-31.5346981263865,33.1188955377819,-49.8472296713988));
#3887=CARTESIAN_POINT('Ctrl Pts',(-44.0574305754505,33.1188955377819,-49.8472296713988));
#3888=CARTESIAN_POINT('Ctrl Pts',(-44.0358546959907,33.1188955377819,-49.8882082192493));
#3889=CARTESIAN_POINT('Ctrl Pts',(-44.0161249573816,33.1185582213419,-49.9302968092147));
#3890=CARTESIAN_POINT('Ctrl Pts',(-43.9220737579906,33.1147351803067,-50.1578947256619));
#3891=CARTESIAN_POINT('Ctrl Pts',(-43.8846981263852,33.1038198412269,-50.3584977624931));
#3892=CARTESIAN_POINT('Ctrl Pts',(-43.8846981263852,33.0684526837857,-50.7364156966089));
#3893=CARTESIAN_POINT('Ctrl Pts',(-43.9230784030049,33.041482252139,-50.9383174162284));
#3894=CARTESIAN_POINT('Ctrl Pts',(-44.0774126112126,32.9775756461013,-51.3084254368478));
#3895=CARTESIAN_POINT('Ctrl Pts',(-44.1933154758801,32.9410170156044,-51.4767181201133));
#3896=CARTESIAN_POINT('Ctrl Pts',(-44.4590806319589,32.8771182089626,-51.7410304327978));
#3897=CARTESIAN_POINT('Ctrl Pts',(-44.6265230694566,32.8454278909168,-51.8555957532074));
#3898=CARTESIAN_POINT('Ctrl Pts',(-44.9947707195697,32.8012895661459,-52.0081369714332));
#3899=CARTESIAN_POINT('Ctrl Pts',(-45.1956572928963,32.7893316864577,-52.0460578679076));
#3900=CARTESIAN_POINT('Ctrl Pts',(-45.573738959874,32.7893316864577,-52.0460578679076));
#3901=CARTESIAN_POINT('Ctrl Pts',(-45.7746255332007,32.8012895661459,-52.0081369714332));
#3902=CARTESIAN_POINT('Ctrl Pts',(-46.1428731833138,32.8454278909168,-51.8555957532074));
#3903=CARTESIAN_POINT('Ctrl Pts',(-46.3103156208115,32.8771182089626,-51.7410304327978));
#3904=CARTESIAN_POINT('Ctrl Pts',(-46.5760807768903,32.9410170156044,-51.4767181201133));
#3905=CARTESIAN_POINT('Ctrl Pts',(-46.6919836415578,32.9775756461013,-51.3084254368478));
#3906=CARTESIAN_POINT('Ctrl Pts',(-46.8463178497655,33.041482252139,-50.9383174162284));
#3907=CARTESIAN_POINT('Ctrl Pts',(-46.8846981263852,33.0684526837857,-50.7364156966089));
#3908=CARTESIAN_POINT('Ctrl Pts',(-46.8846981263852,33.0862671738908,-50.5460578679076));
#3909=CARTESIAN_POINT('Origin',(-62.7846981263865,43.1188955377819,-49.8472296713988));
#3910=CARTESIAN_POINT('',(-66.0246255441452,33.6582998732555,-49.8472296713988));
#3911=CARTESIAN_POINT('',(-68.4545711074643,26.5628531248607,-57.3472296713988));
#3912=CARTESIAN_POINT('Origin',(-68.4545711074643,26.5628531248607,-49.8472296713988));
#3913=CARTESIAN_POINT('Origin',(-62.7846981263865,43.1188955377819,-57.3472296713988));
#3914=CARTESIAN_POINT('Origin',(-62.7846981263865,43.1188955377819,-49.8472296713988));
#3915=CARTESIAN_POINT('Ctrl Pts',(-72.7846981263865,43.1188955377819,-58.3101397892972));
#3916=CARTESIAN_POINT('Ctrl Pts',(-72.7846981263865,42.4766082717209,-58.3101397892972));
#3917=CARTESIAN_POINT('Ctrl Pts',(-72.6575108325762,41.2313642326916,-57.6197468610508));
#3918=CARTESIAN_POINT('Ctrl Pts',(-72.044129144763,39.0830907116094,-55.3890554902396));
#3919=CARTESIAN_POINT('Ctrl Pts',(-70.679574243023,36.6697377925045,-52.4446390700005));
#3920=CARTESIAN_POINT('Ctrl Pts',(-68.3953768565714,34.6719835948562,-50.2654796589837));
#3921=CARTESIAN_POINT('Ctrl Pts',(-66.6321658273532,33.8663614468348,-49.8472296713988));
#3922=CARTESIAN_POINT('Ctrl Pts',(-66.0246255441452,33.6582998732555,-49.8472296713988));
#3923=CARTESIAN_POINT('Ctrl Pts',(-72.7846981263865,43.1188955377819,-58.5450419484131));
#3924=CARTESIAN_POINT('Ctrl Pts',(-72.7846981263865,42.4323967151012,-58.5450419484131));
#3925=CARTESIAN_POINT('Ctrl Pts',(-72.6391963089616,41.1014203630517,-57.8964429163887));
#3926=CARTESIAN_POINT('Ctrl Pts',(-71.9487766405937,38.8328446215164,-55.8152171650845));
#3927=CARTESIAN_POINT('Ctrl Pts',(-70.4369962636812,36.3584781650737,-53.1079061652149));
#3928=CARTESIAN_POINT('Ctrl Pts',(-68.1153804528876,34.5135504198189,-51.2390799555648));
#3929=CARTESIAN_POINT('Ctrl Pts',(-66.5466265649615,33.8369995446823,-50.9494776402264));
#3930=CARTESIAN_POINT('Ctrl Pts',(-66.0246255441452,33.6582998732555,-50.9692270476809));
#3931=CARTESIAN_POINT('Ctrl Pts',(-72.8067964461105,43.1188955377819,-59.0148432084851));
#3932=CARTESIAN_POINT('Ctrl Pts',(-72.8067964461105,42.342554499058,-59.0148432084851));
#3933=CARTESIAN_POINT('Ctrl Pts',(-72.6372418090075,40.8372312213101,-58.4497666737324));
#3934=CARTESIAN_POINT('Ctrl Pts',(-71.846592681368,38.3009345902721,-56.6673322205202));
#3935=CARTESIAN_POINT('Ctrl Pts',(-70.1428088059732,35.612092323897,-54.4337256685192));
#3936=CARTESIAN_POINT('Ctrl Pts',(-67.8010676648033,33.8586104121372,-53.1829194221847));
#3937=CARTESIAN_POINT('Ctrl Pts',(-66.5677843524524,33.3204825633381,-53.1484214588907));
#3938=CARTESIAN_POINT('Ctrl Pts',(-66.1910995688751,33.172195330301,-53.2072929451682));
#3939=CARTESIAN_POINT('Ctrl Pts',(-72.9224006669364,43.1188955377819,-59.8297516101042));
#3940=CARTESIAN_POINT('Ctrl Pts',(-72.9224006669364,42.1817526998105,-59.8297516101042));
#3941=CARTESIAN_POINT('Ctrl Pts',(-72.7548276494486,40.3645191274995,-59.40758791406));
#3942=CARTESIAN_POINT('Ctrl Pts',(-71.9809858003731,37.2876280724216,-58.1096682218812));
#3943=CARTESIAN_POINT('Ctrl Pts',(-70.3270112619237,33.982071335388,-56.5868497034153));
#3944=CARTESIAN_POINT('Ctrl Pts',(-68.1959430439086,31.7235507871649,-56.0705328056202));
#3945=CARTESIAN_POINT('Ctrl Pts',(-67.2658632377893,30.9964021319871,-56.2764291466781));
#3946=CARTESIAN_POINT('Ctrl Pts',(-67.0037913122846,30.7991335320169,-56.3640087977832));
#3947=CARTESIAN_POINT('Ctrl Pts',(-73.0728233794511,43.1188955377819,-60.3989230330349));
#3948=CARTESIAN_POINT('Ctrl Pts',(-73.0728233794511,42.0649657394431,-60.3989230330349));
#3949=CARTESIAN_POINT('Ctrl Pts',(-72.9459835789687,40.0213482160213,-60.0705641268697));
#3950=CARTESIAN_POINT('Ctrl Pts',(-72.3532290140193,36.5177999601439,-59.0503869538221));
#3951=CARTESIAN_POINT('Ctrl Pts',(-71.0752635626743,32.6382188102959,-57.8200870322469));
#3952=CARTESIAN_POINT('Ctrl Pts',(-69.2803776496082,29.6079657997926,-57.2507930668606));
#3953=CARTESIAN_POINT('Ctrl Pts',(-68.2411656256194,28.4560070116295,-57.3002592098004));
#3954=CARTESIAN_POINT('Ctrl Pts',(-67.9092925981538,28.1550676519103,-57.3472296713988));
#3955=CARTESIAN_POINT('Ctrl Pts',(-73.1866219150331,43.1188955377819,-60.7323937185582));
#3956=CARTESIAN_POINT('Ctrl Pts',(-73.1866219150331,41.9948928221752,-60.7323937185582));
#3957=CARTESIAN_POINT('Ctrl Pts',(-73.097590809366,39.8157157538739,-60.4562365472596));
#3958=CARTESIAN_POINT('Ctrl Pts',(-72.6682236278967,36.0562370919801,-59.5639599989351));
#3959=CARTESIAN_POINT('Ctrl Pts',(-71.7130351966787,31.8328694835465,-58.3861934308395));
#3960=CARTESIAN_POINT('Ctrl Pts',(-70.1140970261626,28.336799637662,-57.5145296664328));
#3961=CARTESIAN_POINT('Ctrl Pts',(-68.8798493057099,26.9269608786244,-57.3472296713988));
#3962=CARTESIAN_POINT('Ctrl Pts',(-68.4545711074643,26.5628531248607,-57.3472296713988));
#3963=CARTESIAN_POINT('',(-72.7846981263865,43.1188955377819,-58.3101397892972));
#3964=CARTESIAN_POINT('',(-72.7846981263864,37.2743519771317,-59.8472296713988));
#3965=CARTESIAN_POINT('Ctrl Pts',(-72.7846981263865,43.1188955377819,-58.3101397892972));
#3966=CARTESIAN_POINT('Ctrl Pts',(-72.7846981263865,43.1145056129454,-58.3139415757263));
#3967=CARTESIAN_POINT('Ctrl Pts',(-72.7846981263865,43.1101083998047,-58.3177348500553));
#3968=CARTESIAN_POINT('Ctrl Pts',(-72.7846981263865,42.6828629815185,-58.6848639010967));
#3969=CARTESIAN_POINT('Ctrl Pts',(-72.7846981263865,42.0895385599477,-59.0585392006391));
#3970=CARTESIAN_POINT('Ctrl Pts',(-72.7846981263865,40.3352022194803,-59.6237740392322));
#3971=CARTESIAN_POINT('Ctrl Pts',(-72.7846981263865,39.1030584629283,-59.8472296713988));
#3972=CARTESIAN_POINT('Ctrl Pts',(-72.7846981263865,37.274351977132,-59.8472296713988));
#3973=CARTESIAN_POINT('Ctrl Pts',(-72.7836934864014,37.275188836387,-59.8444249804266));
#3974=CARTESIAN_POINT('Ctrl Pts',(-72.7719147829529,37.1924576707945,-59.823958916342));
#3975=CARTESIAN_POINT('Ctrl Pts',(-72.4944733909952,35.2880000630289,-59.3497224584319));
#3976=CARTESIAN_POINT('Ctrl Pts',(-71.7130351966787,31.8328694835465,-58.3861934308395));
#3977=CARTESIAN_POINT('Ctrl Pts',(-70.1140970261626,28.336799637662,-57.5145296664328));
#3978=CARTESIAN_POINT('Ctrl Pts',(-68.8798493057099,26.9269608786244,-57.3472296713988));
#3979=CARTESIAN_POINT('Ctrl Pts',(-68.4545711074643,26.5628531248607,-57.3472296713988));
#3980=CARTESIAN_POINT('Ctrl Pts',(-66.0246255441452,33.6582998732555,-49.8472296713988));
#3981=CARTESIAN_POINT('Ctrl Pts',(-66.6321658273532,33.8663614468348,-49.8472296713988));
#3982=CARTESIAN_POINT('Ctrl Pts',(-68.3953768565714,34.6719835948562,-50.2654796589837));
#3983=CARTESIAN_POINT('Ctrl Pts',(-70.679574243023,36.6697377925045,-52.4446390700005));
#3984=CARTESIAN_POINT('Ctrl Pts',(-72.044129144763,39.0830907116094,-55.3890554902396));
#3985=CARTESIAN_POINT('Ctrl Pts',(-72.6575108325762,41.2313642326916,-57.6197468610508));
#3986=CARTESIAN_POINT('Ctrl Pts',(-72.7846981263865,42.4766082717209,-58.3101397892972));
#3987=CARTESIAN_POINT('Ctrl Pts',(-72.7846981263865,43.1188955377819,-58.3101397892972));
#3988=CARTESIAN_POINT('Origin',(-62.7846981263865,43.1188955377818,-28.3368074178498));
#3989=CARTESIAN_POINT('',(-62.7846981263865,33.1188955377818,-37.0000000000002));
#3990=CARTESIAN_POINT('',(-62.7846981263865,33.1188955377818,-28.3368074178498));
#3991=CARTESIAN_POINT('',(-72.7846981263865,43.1188955377818,-37.0000000000002));
#3992=CARTESIAN_POINT('Origin',(-62.7846981263865,43.1188955377818,-37.0000000000002));
#3993=CARTESIAN_POINT('',(-72.7846981263865,43.1188955377818,-28.3368074178498));
#3994=CARTESIAN_POINT('Origin',(-45.2846981263865,33.1188955377818,-39.6736148356995));
#3995=CARTESIAN_POINT('Origin',(-45.3846981263852,33.1188955377819,-50.5460578679076));
#3996=CARTESIAN_POINT('',(-27.7846981263865,33.1188955377818,-37.0000000000002));
#3997=CARTESIAN_POINT('',(-27.7846981263865,33.1188955377819,-53.5104222535492));
#3998=CARTESIAN_POINT('',(-37.7846981263865,33.1188955377818,-27.0000000000002));
#3999=CARTESIAN_POINT('Origin',(-37.7846981263865,33.1188955377818,-37.0000000000002));
#4000=CARTESIAN_POINT('',(-52.7846981263865,33.1188955377818,-27.0000000000002));
#4001=CARTESIAN_POINT('',(-54.0346981263865,33.1188955377818,-27.0000000000002));
#4002=CARTESIAN_POINT('Origin',(-52.7846981263865,33.1188955377818,-37.0000000000002));
#4003=CARTESIAN_POINT('',(-56.8846982753973,33.1188955377818,-40.5460577188966));
#4004=CARTESIAN_POINT('Origin',(-55.3846982753973,33.1188955377818,-40.5460577188966));
#4005=CARTESIAN_POINT('',(-46.8846981263863,33.1188955377818,-30.5460575698844));
#4006=CARTESIAN_POINT('Origin',(-45.3846981263863,33.1188955377818,-30.5460575698844));
#4007=CARTESIAN_POINT('',(-36.8846979773741,33.1188955377818,-40.5460577188955));
#4008=CARTESIAN_POINT('Origin',(-35.3846979773741,33.1188955377818,-40.5460577188955));
#4009=CARTESIAN_POINT('Origin',(-27.7846981263865,43.1188955377819,-53.5104222535491));
#4010=CARTESIAN_POINT('',(-17.7846981263865,43.1188955377818,-37.0000000000002));
#4011=CARTESIAN_POINT('',(-17.7846981263865,43.1188955377819,-53.5104222535491));
#4012=CARTESIAN_POINT('Origin',(-27.7846981263865,43.1188955377818,-37.0000000000002));
#4013=CARTESIAN_POINT('Ctrl Pts',(-37.7846981263865,33.1188955377818,-27.0000000000002));
#4014=CARTESIAN_POINT('Ctrl Pts',(-27.7846981263865,33.1188955377818,-27.0000000000002));
#4015=CARTESIAN_POINT('Ctrl Pts',(-27.7846981263865,33.1188955377818,-37.0000000000002));
#4016=CARTESIAN_POINT('Ctrl Pts',(-37.7846981263865,33.1188955377818,-17.0000000000002));
#4017=CARTESIAN_POINT('Ctrl Pts',(-17.7846981263865,33.1188955377818,-17.0000000000002));
#4018=CARTESIAN_POINT('Ctrl Pts',(-17.7846981263865,33.1188955377818,-37.0000000000002));
#4019=CARTESIAN_POINT('Ctrl Pts',(-37.7846981263865,43.1188955377818,-17.0000000000002));
#4020=CARTESIAN_POINT('Ctrl Pts',(-17.7846981263865,43.1188955377818,-17.0000000000002));
#4021=CARTESIAN_POINT('Ctrl Pts',(-17.7846981263865,43.1188955377818,-37.0000000000002));
#4022=CARTESIAN_POINT('',(-37.7846981263865,43.1188955377818,-17.0000000000002));
#4023=CARTESIAN_POINT('Origin',(-37.7846981263865,43.1188955377818,-27.0000000000002));
#4024=CARTESIAN_POINT('Origin',(-37.7846981263865,43.1188955377818,-37.0000000000002));
#4025=CARTESIAN_POINT('Origin',(-54.0346981263865,43.1188955377818,-27.0000000000002));
#4026=CARTESIAN_POINT('',(-52.7846981263865,43.1188955377818,-17.0000000000002));
#4027=CARTESIAN_POINT('Origin',(-52.7846981263865,43.1188955377818,-27.0000000000002));
#4028=CARTESIAN_POINT('',(-54.0346981263865,43.1188955377818,-17.0000000000002));
#4029=CARTESIAN_POINT('Ctrl Pts',(-62.7846981263865,33.1188955377818,-37.0000000000002));
#4030=CARTESIAN_POINT('Ctrl Pts',(-62.7846981263865,33.1188955377818,-27.0000000000002));
#4031=CARTESIAN_POINT('Ctrl Pts',(-52.7846981263865,33.1188955377818,-27.0000000000002));
#4032=CARTESIAN_POINT('Ctrl Pts',(-72.7846981263865,33.1188955377818,-37.0000000000002));
#4033=CARTESIAN_POINT('Ctrl Pts',(-72.7846981263865,33.1188955377818,-17.0000000000002));
#4034=CARTESIAN_POINT('Ctrl Pts',(-52.7846981263865,33.1188955377818,-17.0000000000002));
#4035=CARTESIAN_POINT('Ctrl Pts',(-72.7846981263865,43.1188955377819,-37.0000000000002));
#4036=CARTESIAN_POINT('Ctrl Pts',(-72.7846981263865,43.1188955377818,-17.0000000000002));
#4037=CARTESIAN_POINT('Ctrl Pts',(-52.7846981263865,43.1188955377818,-17.0000000000002));
#4038=CARTESIAN_POINT('Origin',(-52.7846981263865,43.1188955377818,-37.0000000000002));
#4039=CARTESIAN_POINT('Origin',(-72.7846981263865,33.1188955377818,-17.0000000000002));
#4040=CARTESIAN_POINT('',(-72.7846981263865,48.1188955377818,-37.0000000000002));
#4041=CARTESIAN_POINT('',(-72.7846981263865,33.1188955378048,-37.0000000000002));
#4042=CARTESIAN_POINT('',(-72.7846981263865,48.1188955377819,-59.8472296713988));
#4043=CARTESIAN_POINT('',(-72.7846981263865,48.118895537782,-102.));
#4044=CARTESIAN_POINT('',(-72.7846981263865,33.1188955377818,-59.8472296713988));
#4045=CARTESIAN_POINT('Origin',(-52.7846981263865,33.1188955378048,-37.0000000000002));
#4046=CARTESIAN_POINT('',(-52.7846981263865,48.1188955377818,-17.0000000000001));
#4047=CARTESIAN_POINT('',(-52.7846981263865,33.1188955378048,-17.0000000000002));
#4048=CARTESIAN_POINT('Origin',(-52.7846981263865,48.1188955377818,-37.0000000000002));
#4049=CARTESIAN_POINT('Origin',(-62.7846981263865,33.1188955378279,-17.0000000000002));
#4050=CARTESIAN_POINT('',(-37.7846981263865,48.1188955377818,-17.0000000000001));
#4051=CARTESIAN_POINT('',(-37.7846981263865,33.1188955378048,-17.0000000000002));
#4052=CARTESIAN_POINT('',(-31.5346981263865,48.1188955377818,-17.0000000000001));
#4053=CARTESIAN_POINT('Origin',(-37.7846981263865,33.1188955378048,-37.0000000000002));
#4054=CARTESIAN_POINT('',(-17.7846981263865,48.1188955377818,-37.0000000000002));
#4055=CARTESIAN_POINT('',(-17.7846981263865,33.1188955378048,-37.0000000000002));
#4056=CARTESIAN_POINT('Origin',(-37.7846981263865,48.1188955377818,-37.0000000000002));
#4057=CARTESIAN_POINT('Origin',(-17.7846981263865,33.1188955377818,-67.3472296713988));
#4058=CARTESIAN_POINT('',(-17.7846981263865,48.1188955377819,-59.8472296713988));
#4059=CARTESIAN_POINT('',(-17.7846981263865,33.1188955377818,-59.8472296713988));
#4060=CARTESIAN_POINT('',(-17.7846981263865,48.118895537782,-102.));
#4061=CARTESIAN_POINT('Origin',(-22.1148251453086,33.1188955377818,-62.3472296713988));
#4062=CARTESIAN_POINT('',(-22.1148251453086,-31.8811044622182,-57.3472296713988));
#4063=CARTESIAN_POINT('',(-22.1148251453086,33.1188955377818,-57.3472296713988));
#4064=CARTESIAN_POINT('',(-17.7846981263865,-31.8811044622182,-59.8472296713988));
#4065=CARTESIAN_POINT('Origin',(-22.1148251453086,-31.8811044621721,-62.3472296713988));
#4066=CARTESIAN_POINT('',(-17.7846981263865,33.1188955377818,-59.8472296713988));
#4067=CARTESIAN_POINT('Origin',(-45.2846981263865,-31.8811044621721,-42.1736148356995));
#4068=CARTESIAN_POINT('',(-30.1860139728192,-31.8811044622182,-57.3472296713988));
#4069=CARTESIAN_POINT('',(-17.7846981263865,-31.8811044622182,-57.3472296713988));
#4070=CARTESIAN_POINT('',(-60.5833822799522,-31.8811044622182,-57.3472296713988));
#4071=CARTESIAN_POINT('Ctrl Pts',(-60.5833822799917,-31.8811044621721,-57.3472296713938));
#4072=CARTESIAN_POINT('Ctrl Pts',(-59.7122084119159,-31.8811044621721,-57.3472296713928));
#4073=CARTESIAN_POINT('Ctrl Pts',(-58.7587808648521,-31.8811044621721,-57.2765636128914));
#4074=CARTESIAN_POINT('Ctrl Pts',(-56.8677902681033,-31.8811044621721,-57.0077753709224));
#4075=CARTESIAN_POINT('Ctrl Pts',(-55.929935434489,-31.8811044621721,-56.8117099721501));
#4076=CARTESIAN_POINT('Ctrl Pts',(-53.5585864129141,-31.8811044621721,-56.2326342714074));
#4077=CARTESIAN_POINT('Ctrl Pts',(-51.9172838433371,-31.8811044621721,-55.7092072311138));
#4078=CARTESIAN_POINT('Ctrl Pts',(-49.4454615059003,-31.8811044621721,-55.0377077067366));
#4079=CARTESIAN_POINT('Ctrl Pts',(-48.6178757731466,-31.8811044621721,-54.8377854388991));
#4080=CARTESIAN_POINT('Ctrl Pts',(-46.9801475338416,-31.8811044621721,-54.5621320871228));
#4081=CARTESIAN_POINT('Ctrl Pts',(-46.1696259248803,-31.8811044621721,-54.4886580998944));
#4082=CARTESIAN_POINT('Ctrl Pts',(-44.5997703278912,-31.8811044621721,-54.4886580998944));
#4083=CARTESIAN_POINT('Ctrl Pts',(-43.7892487189299,-31.8811044621721,-54.5621320871228));
#4084=CARTESIAN_POINT('Ctrl Pts',(-42.1515204796249,-31.8811044621721,-54.8377854388991));
#4085=CARTESIAN_POINT('Ctrl Pts',(-41.3239347468711,-31.8811044621721,-55.0377077067366));
#4086=CARTESIAN_POINT('Ctrl Pts',(-38.8521124094344,-31.8811044621721,-55.7092072311138));
#4087=CARTESIAN_POINT('Ctrl Pts',(-37.2108098398574,-31.8811044621721,-56.2326342714074));
#4088=CARTESIAN_POINT('Ctrl Pts',(-34.8394608182824,-31.8811044621721,-56.8117099721501));
#4089=CARTESIAN_POINT('Ctrl Pts',(-33.9016059846681,-31.8811044621721,-57.0077753709224));
#4090=CARTESIAN_POINT('Ctrl Pts',(-32.0106153879194,-31.8811044621721,-57.2765636128914));
#4091=CARTESIAN_POINT('Ctrl Pts',(-31.0571878408556,-31.8811044621721,-57.3472296713938));
#4092=CARTESIAN_POINT('Ctrl Pts',(-30.1860139727798,-31.8811044621721,-57.3472296713938));
#4093=CARTESIAN_POINT('',(-68.4545711074643,-31.8811044622182,-57.3472296713988));
#4094=CARTESIAN_POINT('',(-17.7846981263865,-31.8811044622182,-57.3472296713988));
#4095=CARTESIAN_POINT('',(-72.7846981263865,-31.881104462179,-59.8472296713988));
#4096=CARTESIAN_POINT('Origin',(-68.4545711074643,-31.8811044621721,-62.3472296713988));
#4097=CARTESIAN_POINT('',(-65.2846981263865,-31.8811044622181,-67.3472296713988));
#4098=CARTESIAN_POINT('Origin',(-65.2846981263865,-31.8811044621721,-59.8472296713988));
#4099=CARTESIAN_POINT('',(-25.2846981263865,-31.8811044622182,-67.3472296713988));
#4100=CARTESIAN_POINT('',(-72.7846981263865,-31.8811044622181,-67.3472296713988));
#4101=CARTESIAN_POINT('Origin',(-25.2846981263865,-31.8811044621721,-59.8472296713988));
#4102=CARTESIAN_POINT('Origin',(-68.4545711074643,33.1188955377818,-62.3472296713988));
#4103=CARTESIAN_POINT('',(-72.7846981263865,33.1188955377818,-59.8472296713988));
#4104=CARTESIAN_POINT('',(-68.4545711074643,33.1188955377818,-57.3472296713988));
#4105=CARTESIAN_POINT('Origin',(-25.2846981263865,33.1188955377818,-59.8472296713988));
#4106=CARTESIAN_POINT('',(-25.2846981263865,48.1188955377819,-67.3472296713988));
#4107=CARTESIAN_POINT('',(-25.2846981263865,33.1188955377818,-67.3472296713988));
#4108=CARTESIAN_POINT('Origin',(-25.2846981263865,48.1188955377818,-59.8472296713988));
#4109=CARTESIAN_POINT('Origin',(-45.2846981263865,48.1188955377818,-39.6736148356995));
#4110=CARTESIAN_POINT('',(-65.2846981263865,48.1188955377819,-67.3472296713988));
#4111=CARTESIAN_POINT('',(-72.7846981263865,48.1188955377819,-67.3472296713988));
#4112=CARTESIAN_POINT('Origin',(-65.2846981263865,48.1188955377818,-59.8472296713988));
#4113=CARTESIAN_POINT('Origin',(-65.2846981263865,33.1188955377818,-59.8472296713988));
#4114=CARTESIAN_POINT('',(-65.2846981263865,33.1188955377818,-67.3472296713988));
#4115=CARTESIAN_POINT('Origin',(-45.3846981263857,-18.8811044622187,-47.3472296713938));
#4116=CARTESIAN_POINT('',(-45.3846981263858,-8.88110446222218,-47.3472296713938));
#4117=CARTESIAN_POINT('',(-35.3846981263892,-18.8811044622187,-47.3472296713938));
#4118=CARTESIAN_POINT('Origin',(-45.3846981263857,-18.8811044622187,-47.3472296713938));
#4119=CARTESIAN_POINT('',(-25.3846981263892,-18.8811044622187,-57.3472296713988));
#4120=CARTESIAN_POINT('Origin',(-25.3846981263892,-18.8811044622187,-47.3472296713938));
#4121=CARTESIAN_POINT('Origin',(-45.3846981263857,-18.8811044622187,-57.3472296713988));
#4122=CARTESIAN_POINT('Origin',(-45.3846981263857,-18.8811044622187,-57.3472296713988));
#4123=CARTESIAN_POINT('Origin',(-45.3846981263857,-18.8811044622187,-47.3472296713938));
#4124=CARTESIAN_POINT('Origin',(-17.7846981263865,33.1188955377818,-57.3472296713988));
#4125=CARTESIAN_POINT('Origin',(-45.3846981263857,-18.8811044622172,-31.6736148058954));
#4126=CARTESIAN_POINT('',(-45.3846981263858,-8.88110446221739,2.00000005960431));
#4127=CARTESIAN_POINT('Origin',(-45.3846981263857,-18.8811044622139,2.00000005960529));
#4128=CARTESIAN_POINT('',(-45.3846981263858,-8.88110446222066,-31.6736148058963));
#4129=CARTESIAN_POINT('Ctrl Pts',(-15.4646817722937,-6.39688779615072,36.0000000596046));
#4130=CARTESIAN_POINT('Ctrl Pts',(-15.4646817722937,-6.39688779615072,8.00000005960422));
#4131=CARTESIAN_POINT('Ctrl Pts',(-16.2310316122105,-3.8712315814023,36.0000000596046));
#4132=CARTESIAN_POINT('Ctrl Pts',(-16.2310316122105,-3.8712315814023,8.00000005960422));
#4133=CARTESIAN_POINT('Ctrl Pts',(-17.5226789465321,-1.50988327544898,36.0000000596046));
#4134=CARTESIAN_POINT('Ctrl Pts',(-17.5226789465321,-1.50988327544898,8.00000005960422));
#4135=CARTESIAN_POINT('Ctrl Pts',(-19.2101177695849,0.518411572348488,36.0000000596046));
#4136=CARTESIAN_POINT('Ctrl Pts',(-19.2101177695849,0.518411572348488,8.00000005960422));
#4137=CARTESIAN_POINT('',(-15.4646817722937,-6.39688779615072,8.00000005960437));
#4138=CARTESIAN_POINT('',(-19.2101177695849,0.518411572348489,8.00000005960422));
#4139=CARTESIAN_POINT('Ctrl Pts',(-15.4646817722937,-6.39688779615072,8.00000005960464));
#4140=CARTESIAN_POINT('Ctrl Pts',(-16.2310316122105,-3.8712315814023,8.00000005960464));
#4141=CARTESIAN_POINT('Ctrl Pts',(-17.5226789465321,-1.50988327544899,8.00000005960464));
#4142=CARTESIAN_POINT('Ctrl Pts',(-19.2101177695849,0.518411572348481,8.00000005960464));
#4143=CARTESIAN_POINT('',(-15.4646817722937,-6.39688779615072,16.0000000596046));
#4144=CARTESIAN_POINT('',(-19.2101177695849,0.51841157234849,16.0000000596046));
#4145=CARTESIAN_POINT('Origin',(-15.457195432374,-6.42156049778003,16.0000000596046));
#4146=CARTESIAN_POINT('',(-15.4571954323739,-6.42156049778003,8.00000005960437));
#4147=CARTESIAN_POINT('',(-15.4646817722937,-6.39688779615072,8.00000005960437));
#4148=CARTESIAN_POINT('',(-15.457195432374,-6.42156049778003,16.0000000596046));
#4149=CARTESIAN_POINT('Ctrl Pts',(-33.9091482521779,-31.7371006443631,36.0000000596046));
#4150=CARTESIAN_POINT('Ctrl Pts',(-33.9091482521779,-31.7371006443631,8.00000005960422));
#4151=CARTESIAN_POINT('Ctrl Pts',(-29.7595166783928,-31.6683343173378,36.0000000596046));
#4152=CARTESIAN_POINT('Ctrl Pts',(-29.7595166783928,-31.6683343173378,8.00000005960422));
#4153=CARTESIAN_POINT('Ctrl Pts',(-25.6434064554097,-30.2408826727296,36.0000000596046));
#4154=CARTESIAN_POINT('Ctrl Pts',(-25.6434064554097,-30.2408826727296,8.00000005960422));
#4155=CARTESIAN_POINT('Ctrl Pts',(-22.3421809737976,-27.7257080654165,36.0000000596046));
#4156=CARTESIAN_POINT('Ctrl Pts',(-22.3421809737976,-27.7257080654165,8.00000005960422));
#4157=CARTESIAN_POINT('Ctrl Pts',(-19.0286112970315,-25.2011285245803,36.0000000596046));
#4158=CARTESIAN_POINT('Ctrl Pts',(-19.0286112970315,-25.2011285245803,8.00000005960422));
#4159=CARTESIAN_POINT('Ctrl Pts',(-16.5539408435588,-21.5939046478105,36.0000000596046));
#4160=CARTESIAN_POINT('Ctrl Pts',(-16.5539408435588,-21.5939046478105,8.00000005960422));
#4161=CARTESIAN_POINT('Ctrl Pts',(-15.3914285853081,-17.5936436800856,36.0000000596046));
#4162=CARTESIAN_POINT('Ctrl Pts',(-15.3914285853081,-17.5936436800856,8.00000005960422));
#4163=CARTESIAN_POINT('Ctrl Pts',(-14.3375924048196,-13.9673423578719,36.0000000596046));
#4164=CARTESIAN_POINT('Ctrl Pts',(-14.3375924048196,-13.9673423578719,8.00000005960422));
#4165=CARTESIAN_POINT('Ctrl Pts',(-14.360719034432,-10.035213537869,36.0000000596046));
#4166=CARTESIAN_POINT('Ctrl Pts',(-14.360719034432,-10.035213537869,8.00000005960422));
#4167=CARTESIAN_POINT('Ctrl Pts',(-15.457195432374,-6.42156049778003,36.0000000596046));
#4168=CARTESIAN_POINT('Ctrl Pts',(-15.457195432374,-6.42156049778003,8.00000005960422));
#4169=CARTESIAN_POINT('',(-15.391428585308,-17.5936436800853,8.00000005960422));
#4170=CARTESIAN_POINT('Ctrl Pts',(-15.391428585308,-17.5936436800853,8.00000005960464));
#4171=CARTESIAN_POINT('Ctrl Pts',(-14.8780173052046,-15.8269706066525,8.00000005960464));
#4172=CARTESIAN_POINT('Ctrl Pts',(-14.6981030046656,-14.2721878707826,8.00000005960464));
#4173=CARTESIAN_POINT('Ctrl Pts',(-14.5327018588662,-10.8317638006177,8.00000005960464));
#4174=CARTESIAN_POINT('Ctrl Pts',(-14.8052082995434,-8.57031197941165,8.00000005960464));
#4175=CARTESIAN_POINT('Ctrl Pts',(-15.457195432374,-6.42156049778003,8.00000005960464));
#4176=CARTESIAN_POINT('',(-22.3421809737974,-27.7257080654163,8.00000005960422));
#4177=CARTESIAN_POINT('Ctrl Pts',(-22.3421809737974,-27.7257080654163,8.00000005960464));
#4178=CARTESIAN_POINT('Ctrl Pts',(-21.6321550684311,-27.1847455841623,8.00000005960464));
#4179=CARTESIAN_POINT('Ctrl Pts',(-20.9542171094331,-26.5895817762757,8.00000005960464));
#4180=CARTESIAN_POINT('Ctrl Pts',(-18.5199872578257,-24.1272920814153,8.00000005960464));
#4181=CARTESIAN_POINT('Ctrl Pts',(-17.0814086401275,-21.9666814557312,8.00000005960464));
#4182=CARTESIAN_POINT('Ctrl Pts',(-15.8134849715425,-18.9175427961723,8.00000005960464));
#4183=CARTESIAN_POINT('Ctrl Pts',(-15.579686989555,-18.2414499642863,8.00000005960464));
#4184=CARTESIAN_POINT('Ctrl Pts',(-15.391428585308,-17.5936436800853,8.00000005960464));
#4185=CARTESIAN_POINT('',(-33.9091482521779,-31.7371006443631,8.00000005960422));
#4186=CARTESIAN_POINT('Ctrl Pts',(-33.9091482521779,-31.7371006443631,8.00000005960464));
#4187=CARTESIAN_POINT('Ctrl Pts',(-31.4419589666135,-31.6962151965281,8.00000005960464));
#4188=CARTESIAN_POINT('Ctrl Pts',(-28.9864611839623,-31.1750319672192,8.00000005960464));
#4189=CARTESIAN_POINT('Ctrl Pts',(-25.1473338238235,-29.5840142890041,8.00000005960464));
#4190=CARTESIAN_POINT('Ctrl Pts',(-23.6879953036664,-28.7510721453615,8.00000005960464));
#4191=CARTESIAN_POINT('Ctrl Pts',(-22.3421809737974,-27.7257080654163,8.00000005960464));
#4192=CARTESIAN_POINT('',(-33.9091482521779,-31.7371006443631,16.0000000596046));
#4193=CARTESIAN_POINT('Origin',(-56.1568003495218,-32.1057814037192,16.0000000596046));
#4194=CARTESIAN_POINT('',(-56.1568003495218,-32.1057814037192,8.00000005960398));
#4195=CARTESIAN_POINT('',(-56.1568003495218,-32.1057814037192,8.00000005960398));
#4196=CARTESIAN_POINT('',(-56.1568003495218,-32.1057814037192,16.0000000596046));
#4197=CARTESIAN_POINT('Origin',(-56.2725844611072,-31.7241921532713,16.0000000596046));
#4198=CARTESIAN_POINT('',(-56.2725844611072,-31.7241921532713,8.000000059604));
#4199=CARTESIAN_POINT('',(-56.1568003495218,-32.1057814037192,8.00000005960398));
#4200=CARTESIAN_POINT('',(-56.2725844611072,-31.7241921532713,16.0000000596046));
#4201=CARTESIAN_POINT('Ctrl Pts',(-71.5076071155017,-18.1226704344119,36.0000000596046));
#4202=CARTESIAN_POINT('Ctrl Pts',(-71.5076071155017,-18.1226704344119,8.00000005960395));
#4203=CARTESIAN_POINT('Ctrl Pts',(-70.305291653667,-22.08513686958,36.0000000596046));
#4204=CARTESIAN_POINT('Ctrl Pts',(-70.305291653667,-22.08513686958,8.00000005960395));
#4205=CARTESIAN_POINT('Ctrl Pts',(-67.8114388303138,-25.6443304614678,36.0000000596046));
#4206=CARTESIAN_POINT('Ctrl Pts',(-67.8114388303138,-25.6443304614678,8.00000005960395));
#4207=CARTESIAN_POINT('Ctrl Pts',(-64.4976462950336,-28.1273360464496,36.0000000596046));
#4208=CARTESIAN_POINT('Ctrl Pts',(-64.4976462950336,-28.1273360464496,8.00000005960395));
#4209=CARTESIAN_POINT('Ctrl Pts',(-62.0815307194524,-29.9377174762643,36.0000000596046));
#4210=CARTESIAN_POINT('Ctrl Pts',(-62.0815307194524,-29.9377174762643,8.00000005960395));
#4211=CARTESIAN_POINT('Ctrl Pts',(-59.2413251289686,-31.1795277670887,36.0000000596046));
#4212=CARTESIAN_POINT('Ctrl Pts',(-59.2413251289686,-31.1795277670887,8.00000005960395));
#4213=CARTESIAN_POINT('Ctrl Pts',(-56.2725844611072,-31.7241921532713,36.0000000596046));
#4214=CARTESIAN_POINT('Ctrl Pts',(-56.2725844611072,-31.7241921532713,8.00000005960395));
#4215=CARTESIAN_POINT('',(-64.497646295034,-28.1273360464494,8.00000005960395));
#4216=CARTESIAN_POINT('Ctrl Pts',(-64.497646295034,-28.1273360464494,8.00000005960464));
#4217=CARTESIAN_POINT('Ctrl Pts',(-63.9865902742834,-28.5102673676629,8.00000005960464));
#4218=CARTESIAN_POINT('Ctrl Pts',(-63.4292636524089,-28.8883189047253,8.00000005960464));
#4219=CARTESIAN_POINT('Ctrl Pts',(-60.8092851838679,-30.4565103840854,8.00000005960464));
#4220=CARTESIAN_POINT('Ctrl Pts',(-58.5799101302178,-31.3008752455689,8.00000005960464));
#4221=CARTESIAN_POINT('Ctrl Pts',(-56.2725844611072,-31.7241921532713,8.00000005960464));
#4222=CARTESIAN_POINT('',(-71.5076071155017,-18.1226704344119,8.00000005960395));
#4223=CARTESIAN_POINT('Ctrl Pts',(-71.5076071155017,-18.1226704344119,8.00000005960464));
#4224=CARTESIAN_POINT('Ctrl Pts',(-70.791175280579,-20.483812072427,8.00000005960464));
#4225=CARTESIAN_POINT('Ctrl Pts',(-69.616108458162,-22.701915376276,8.00000005960464));
#4226=CARTESIAN_POINT('Ctrl Pts',(-67.2825521208674,-25.6417152982847,8.00000005960464));
#4227=CARTESIAN_POINT('Ctrl Pts',(-66.1240075428938,-26.9087129677138,8.00000005960464));
#4228=CARTESIAN_POINT('Ctrl Pts',(-64.497646295034,-28.1273360464494,8.00000005960464));
#4229=CARTESIAN_POINT('',(-71.5076071155017,-18.1226704344119,16.0000000596046));
#4230=CARTESIAN_POINT('Origin',(-56.544320868015,-32.1122032660532,16.0000000596046));
#4231=CARTESIAN_POINT('',(-58.6379568396366,-34.2608513103667,2.00000005960465));
#4232=CARTESIAN_POINT('',(-56.4946126815649,-35.1117914204837,2.00000005960465));
#4233=CARTESIAN_POINT('Origin',(-56.544320868015,-32.1122032660532,2.00000005960465));
#4234=CARTESIAN_POINT('',(-56.4946126815649,-35.1117914204837,16.0000000596046));
#4235=CARTESIAN_POINT('',(-58.6379568396366,-34.2608513103667,16.0000000596046));
#4236=CARTESIAN_POINT('Origin',(-33.8594400657279,-34.7366887987936,16.0000000596046));
#4237=CARTESIAN_POINT('',(-33.8594400657279,-34.7366887987936,2.00000005960465));
#4238=CARTESIAN_POINT('',(-33.8594400657279,-34.7366887987936,2.00000005960465));
#4239=CARTESIAN_POINT('',(-33.8594400657279,-34.7366887987936,16.0000000596046));
#4240=CARTESIAN_POINT('Ctrl Pts',(-67.7530870690467,0.220139811309196,16.0000000596046));
#4241=CARTESIAN_POINT('Ctrl Pts',(-67.7530870690467,0.220139811309196,2.00000005960464));
#4242=CARTESIAN_POINT('Ctrl Pts',(-67.7597389139942,0.21220291005884,16.0000000596046));
#4243=CARTESIAN_POINT('Ctrl Pts',(-67.7597389139942,0.21220291005884,2.00000005960464));
#4244=CARTESIAN_POINT('Ctrl Pts',(-67.7663845588293,0.204260793153835,16.0000000596046));
#4245=CARTESIAN_POINT('Ctrl Pts',(-67.7663845588293,0.204260793153835,2.00000005960464));
#4246=CARTESIAN_POINT('Ctrl Pts',(-67.7730239962773,0.196313471194309,16.0000000596046));
#4247=CARTESIAN_POINT('Ctrl Pts',(-67.7730239962773,0.196313471194309,2.00000005960464));
#4248=CARTESIAN_POINT('',(-67.7730239962774,0.196313471194286,8.00000005960464));
#4249=CARTESIAN_POINT('',(-67.7730239962774,0.196313471194286,16.0000000596046));
#4250=CARTESIAN_POINT('',(-67.7730239962774,0.196313471194286,2.00000005960465));
#4251=CARTESIAN_POINT('',(-67.7730239962773,0.196313471194309,16.0000000596046));
#4252=CARTESIAN_POINT('',(-67.7530870690467,0.2201398113092,2.00000005960465));
#4253=CARTESIAN_POINT('Ctrl Pts',(-67.7530870690467,0.220139811309196,2.00000005960464));
#4254=CARTESIAN_POINT('Ctrl Pts',(-67.7597389139942,0.212202910058839,2.00000005960464));
#4255=CARTESIAN_POINT('Ctrl Pts',(-67.7663845588292,0.204260793153833,2.00000005960464));
#4256=CARTESIAN_POINT('Ctrl Pts',(-67.7730239962773,0.196313471194309,2.00000005960464));
#4257=CARTESIAN_POINT('',(-67.7530870690467,0.2201398113092,16.0000000596046));
#4258=CARTESIAN_POINT('Origin',(-70.0455901858211,2.15977106029217,16.0000000596046));
#4259=CARTESIAN_POINT('',(-70.0455901858211,2.15977106029217,2.00000005960465));
#4260=CARTESIAN_POINT('',(-61.939607777659,-4.69850392635193,2.00000005960465));
#4261=CARTESIAN_POINT('',(-70.0455901858211,2.15977106029217,16.0000000596046));
#4262=CARTESIAN_POINT('Ctrl Pts',(-74.4615727423397,-6.0883610969723,16.0000000596046));
#4263=CARTESIAN_POINT('Ctrl Pts',(-74.4615727423397,-6.0883610969723,2.00000005960465));
#4264=CARTESIAN_POINT('Ctrl Pts',(-73.5806799925143,-3.05735780021003,16.0000000596046));
#4265=CARTESIAN_POINT('Ctrl Pts',(-73.5806799925143,-3.05735780021003,2.00000005960465));
#4266=CARTESIAN_POINT('Ctrl Pts',(-72.0639383034947,-0.242785588252881,
16.0000000596046));
#4267=CARTESIAN_POINT('Ctrl Pts',(-72.0639383034947,-0.242785588252881,
2.00000005960465));
#4268=CARTESIAN_POINT('Ctrl Pts',(-70.0455901858263,2.15977106028592,16.0000000596046));
#4269=CARTESIAN_POINT('Ctrl Pts',(-70.0455901858263,2.15977106028592,2.00000005960465));
#4270=CARTESIAN_POINT('',(-74.4615727423397,-6.0883610969723,2.00000005960465));
#4271=CARTESIAN_POINT('Ctrl Pts',(-74.4615727423397,-6.0883610969723,2.00000005960465));
#4272=CARTESIAN_POINT('Ctrl Pts',(-73.5806799925143,-3.05735780021003,2.00000005960465));
#4273=CARTESIAN_POINT('Ctrl Pts',(-72.0639383034947,-0.242785588252881,
2.00000005960465));
#4274=CARTESIAN_POINT('Ctrl Pts',(-70.0455901858263,2.15977106028592,2.00000005960465));
#4275=CARTESIAN_POINT('',(-74.4615727423397,-6.0883610969723,16.0000000596046));
#4276=CARTESIAN_POINT('Ctrl Pts',(-74.3858511794765,-18.9690603538256,16.0000000596046));
#4277=CARTESIAN_POINT('Ctrl Pts',(-74.3858511794765,-18.9690603538256,2.00000005960465));
#4278=CARTESIAN_POINT('Ctrl Pts',(-75.6544914321196,-14.7880075611329,16.0000000596046));
#4279=CARTESIAN_POINT('Ctrl Pts',(-75.6544914321196,-14.7880075611329,2.00000005960465));
#4280=CARTESIAN_POINT('Ctrl Pts',(-75.6809757235345,-10.2843858304936,16.0000000596046));
#4281=CARTESIAN_POINT('Ctrl Pts',(-75.6809757235345,-10.2843858304936,2.00000005960465));
#4282=CARTESIAN_POINT('Ctrl Pts',(-74.4616778890895,-6.08872290047424,16.0000000596046));
#4283=CARTESIAN_POINT('Ctrl Pts',(-74.4616778890895,-6.08872290047424,2.00000005960465));
#4284=CARTESIAN_POINT('Ctrl Pts',(-74.4616428411941,-6.08860229896792,16.0000000596046));
#4285=CARTESIAN_POINT('Ctrl Pts',(-74.4616428411941,-6.08860229896792,2.00000005960465));
#4286=CARTESIAN_POINT('Ctrl Pts',(-74.4616077922873,-6.08848169781279,16.0000000596046));
#4287=CARTESIAN_POINT('Ctrl Pts',(-74.4616077922873,-6.08848169781279,2.00000005960465));
#4288=CARTESIAN_POINT('Ctrl Pts',(-74.461572742349,-6.0883610970044,16.0000000596046));
#4289=CARTESIAN_POINT('Ctrl Pts',(-74.461572742349,-6.0883610970044,2.00000005960465));
#4290=CARTESIAN_POINT('',(-74.3858511794765,-18.9690603538256,2.00000005960465));
#4291=CARTESIAN_POINT('Ctrl Pts',(-74.3858511794765,-18.9690603538256,2.00000005960465));
#4292=CARTESIAN_POINT('Ctrl Pts',(-75.6544914321196,-14.7880075611329,2.00000005960465));
#4293=CARTESIAN_POINT('Ctrl Pts',(-75.6809757235345,-10.2843858304936,2.00000005960465));
#4294=CARTESIAN_POINT('Ctrl Pts',(-74.4616778890895,-6.08872290047424,2.00000005960465));
#4295=CARTESIAN_POINT('Ctrl Pts',(-74.4616428411941,-6.08860229896792,2.00000005960465));
#4296=CARTESIAN_POINT('Ctrl Pts',(-74.4616077922873,-6.08848169781279,2.00000005960465));
#4297=CARTESIAN_POINT('Ctrl Pts',(-74.461572742349,-6.0883610970044,2.00000005960465));
#4298=CARTESIAN_POINT('',(-74.3858511794765,-18.9690603538256,16.0000000596046));
#4299=CARTESIAN_POINT('Origin',(-74.3783648395567,-18.993733055455,16.0000000596046));
#4300=CARTESIAN_POINT('',(-74.3783648395567,-18.993733055455,2.00000005960465));
#4301=CARTESIAN_POINT('',(-74.3783648395567,-18.993733055455,2.00000005960465));
#4302=CARTESIAN_POINT('',(-74.3783648395567,-18.993733055455,16.0000000596046));
#4303=CARTESIAN_POINT('Ctrl Pts',(-58.6379568396366,-34.2608513103667,16.0000000596046));
#4304=CARTESIAN_POINT('Ctrl Pts',(-58.6379568396366,-34.2608513103667,2.00000005960465));
#4305=CARTESIAN_POINT('Ctrl Pts',(-61.3963346352511,-33.5127433402154,16.0000000596046));
#4306=CARTESIAN_POINT('Ctrl Pts',(-61.3963346352511,-33.5127433402154,2.00000005960465));
#4307=CARTESIAN_POINT('Ctrl Pts',(-64.0041896558255,-32.2458102271967,16.0000000596046));
#4308=CARTESIAN_POINT('Ctrl Pts',(-64.0041896558255,-32.2458102271967,2.00000005960465));
#4309=CARTESIAN_POINT('Ctrl Pts',(-66.2965616622247,-30.5281491382342,16.0000000596046));
#4310=CARTESIAN_POINT('Ctrl Pts',(-66.2965616622247,-30.5281491382342,2.00000005960465));
#4311=CARTESIAN_POINT('Ctrl Pts',(-70.1332890749801,-27.6533114733835,16.0000000596046));
#4312=CARTESIAN_POINT('Ctrl Pts',(-70.1332890749801,-27.6533114733835,2.00000005960465));
#4313=CARTESIAN_POINT('Ctrl Pts',(-72.9863080002286,-23.5815294173737,16.0000000596046));
#4314=CARTESIAN_POINT('Ctrl Pts',(-72.9863080002286,-23.5815294173737,2.00000005960465));
#4315=CARTESIAN_POINT('Ctrl Pts',(-74.3783648395567,-18.993733055455,16.0000000596046));
#4316=CARTESIAN_POINT('Ctrl Pts',(-74.3783648395567,-18.993733055455,2.00000005960465));
#4317=CARTESIAN_POINT('Ctrl Pts',(-58.6379568396366,-34.2608513103667,2.00000005960465));
#4318=CARTESIAN_POINT('Ctrl Pts',(-61.3963346352511,-33.5127433402154,2.00000005960465));
#4319=CARTESIAN_POINT('Ctrl Pts',(-64.0041896558255,-32.2458102271967,2.00000005960465));
#4320=CARTESIAN_POINT('Ctrl Pts',(-66.2965616622247,-30.5281491382342,2.00000005960465));
#4321=CARTESIAN_POINT('Ctrl Pts',(-70.1332890749801,-27.6533114733835,2.00000005960465));
#4322=CARTESIAN_POINT('Ctrl Pts',(-72.9863080002286,-23.5815294173737,2.00000005960465));
#4323=CARTESIAN_POINT('Ctrl Pts',(-74.3783648395567,-18.993733055455,2.00000005960465));
#4324=CARTESIAN_POINT('Ctrl Pts',(-12.5864377083186,-5.55049787673803,16.0000000596046));
#4325=CARTESIAN_POINT('Ctrl Pts',(-12.5864377083186,-5.55049787673803,2.00000005960465));
#4326=CARTESIAN_POINT('Ctrl Pts',(-11.3177974393084,-9.73155072337709,16.0000000596046));
#4327=CARTESIAN_POINT('Ctrl Pts',(-11.3177974393084,-9.73155072337709,2.00000005960465));
#4328=CARTESIAN_POINT('Ctrl Pts',(-11.291313154035,-14.2351725138722,16.0000000596046));
#4329=CARTESIAN_POINT('Ctrl Pts',(-11.291313154035,-14.2351725138722,2.00000005960465));
#4330=CARTESIAN_POINT('Ctrl Pts',(-12.5106110163082,-18.4308354945115,16.0000000596046));
#4331=CARTESIAN_POINT('Ctrl Pts',(-12.5106110163082,-18.4308354945115,2.00000005960465));
#4332=CARTESIAN_POINT('Ctrl Pts',(-13.8566372457392,-23.0625769225365,16.0000000596046));
#4333=CARTESIAN_POINT('Ctrl Pts',(-13.8566372457392,-23.0625769225365,2.00000005960465));
#4334=CARTESIAN_POINT('Ctrl Pts',(-16.6874651752145,-27.1889420400337,16.0000000596046));
#4335=CARTESIAN_POINT('Ctrl Pts',(-16.6874651752145,-27.1889420400337,2.00000005960465));
#4336=CARTESIAN_POINT('Ctrl Pts',(-20.5240718210931,-30.1120188391532,16.0000000596046));
#4337=CARTESIAN_POINT('Ctrl Pts',(-20.5240718210931,-30.1120188391532,2.00000005960465));
#4338=CARTESIAN_POINT('Ctrl Pts',(-24.3462598101768,-33.0241101907037,16.0000000596046));
#4339=CARTESIAN_POINT('Ctrl Pts',(-24.3462598101768,-33.0241101907037,2.00000005960465));
#4340=CARTESIAN_POINT('Ctrl Pts',(-29.0549642833718,-34.6570706093327,16.0000000596046));
#4341=CARTESIAN_POINT('Ctrl Pts',(-29.0549642833718,-34.6570706093327,2.00000005960465));
#4342=CARTESIAN_POINT('Ctrl Pts',(-33.8594400657279,-34.7366887987936,16.0000000596046));
#4343=CARTESIAN_POINT('Ctrl Pts',(-33.8594400657279,-34.7366887987936,2.00000005960465));
#4344=CARTESIAN_POINT('',(-12.5864377083186,-5.55049787673803,2.00000005960465));
#4345=CARTESIAN_POINT('Ctrl Pts',(-12.5864377083186,-5.55049787673803,2.00000005960465));
#4346=CARTESIAN_POINT('Ctrl Pts',(-11.3177974393084,-9.73155072337709,2.00000005960465));
#4347=CARTESIAN_POINT('Ctrl Pts',(-11.291313154035,-14.2351725138722,2.00000005960465));
#4348=CARTESIAN_POINT('Ctrl Pts',(-12.5106110163082,-18.4308354945115,2.00000005960465));
#4349=CARTESIAN_POINT('Ctrl Pts',(-13.8566372457392,-23.0625769225365,2.00000005960465));
#4350=CARTESIAN_POINT('Ctrl Pts',(-16.6874651752145,-27.1889420400337,2.00000005960465));
#4351=CARTESIAN_POINT('Ctrl Pts',(-20.5240718210931,-30.1120188391532,2.00000005960465));
#4352=CARTESIAN_POINT('Ctrl Pts',(-24.3462598101768,-33.0241101907037,2.00000005960465));
#4353=CARTESIAN_POINT('Ctrl Pts',(-29.0549642833718,-34.6570706093327,2.00000005960465));
#4354=CARTESIAN_POINT('Ctrl Pts',(-33.8594400657279,-34.7366887987936,2.00000005960465));
#4355=CARTESIAN_POINT('',(-12.5864377083186,-5.55049787673803,16.0000000596046));
#4356=CARTESIAN_POINT('Origin',(-12.5939240482383,-5.52582517510871,16.0000000596046));
#4357=CARTESIAN_POINT('',(-12.5939240482383,-5.52582517510871,2.00000005960465));
#4358=CARTESIAN_POINT('',(-12.5939240482383,-5.52582517510871,2.00000005960465));
#4359=CARTESIAN_POINT('',(-12.5939240482383,-5.52582517510871,16.0000000596046));
#4360=CARTESIAN_POINT('Ctrl Pts',(-16.9153939145142,2.4439135127921,16.0000000596046));
#4361=CARTESIAN_POINT('Ctrl Pts',(-16.9153939145142,2.4439135127921,2.00000005960465));
#4362=CARTESIAN_POINT('Ctrl Pts',(-14.9638075046993,0.115114825722841,16.0000000596046));
#4363=CARTESIAN_POINT('Ctrl Pts',(-14.9638075046993,0.115114825722841,2.00000005960465));
#4364=CARTESIAN_POINT('Ctrl Pts',(-13.4816853584414,-2.60003364552359,16.0000000596046));
#4365=CARTESIAN_POINT('Ctrl Pts',(-13.4816853584414,-2.60003364552359,2.00000005960465));
#4366=CARTESIAN_POINT('Ctrl Pts',(-12.5939240482383,-5.52582517510871,16.0000000596046));
#4367=CARTESIAN_POINT('Ctrl Pts',(-12.5939240482383,-5.52582517510871,2.00000005960465));
#4368=CARTESIAN_POINT('',(-16.9153939145141,2.44391351279209,2.00000005960465));
#4369=CARTESIAN_POINT('Ctrl Pts',(-16.9153939145142,2.44391351279209,2.00000005960465));
#4370=CARTESIAN_POINT('Ctrl Pts',(-14.9638075046993,0.11511482572284,2.00000005960465));
#4371=CARTESIAN_POINT('Ctrl Pts',(-13.4816853584414,-2.60003364552359,2.00000005960465));
#4372=CARTESIAN_POINT('Ctrl Pts',(-12.5939240482383,-5.52582517510871,2.00000005960465));
#4373=CARTESIAN_POINT('',(-16.9153939145142,2.44391351279209,16.0000000596046));
#4374=CARTESIAN_POINT('Origin',(-71.5150934554214,-18.0979977327825,16.0000000596046));
#4375=CARTESIAN_POINT('',(-71.5150934554214,-18.0979977327825,8.0000000596038));
#4376=CARTESIAN_POINT('',(-71.5150934554214,-18.0979977327825,8.0000000596038));
#4377=CARTESIAN_POINT('',(-71.5150934554214,-18.0979977327825,16.0000000596046));
#4378=CARTESIAN_POINT('Ctrl Pts',(-71.580860317676,-6.9259147065947,36.0000000596046));
#4379=CARTESIAN_POINT('Ctrl Pts',(-71.580860317676,-6.9259147065947,8.0000000596038));
#4380=CARTESIAN_POINT('Ctrl Pts',(-72.6346964728454,-10.5522159806974,36.0000000596046));
#4381=CARTESIAN_POINT('Ctrl Pts',(-72.6346964728454,-10.5522159806974,8.0000000596038));
#4382=CARTESIAN_POINT('Ctrl Pts',(-72.6115698378992,-14.484344743664,36.0000000596046));
#4383=CARTESIAN_POINT('Ctrl Pts',(-72.6115698378992,-14.484344743664,8.0000000596038));
#4384=CARTESIAN_POINT('Ctrl Pts',(-71.5150934554214,-18.0979977327825,36.0000000596046));
#4385=CARTESIAN_POINT('Ctrl Pts',(-71.5150934554214,-18.0979977327825,8.0000000596038));
#4386=CARTESIAN_POINT('',(-71.580860317676,-6.9259147065947,8.00000005960464));
#4387=CARTESIAN_POINT('Ctrl Pts',(-71.580860317676,-6.9259147065947,8.00000005960465));
#4388=CARTESIAN_POINT('Ctrl Pts',(-72.6346964728454,-10.5522159806974,8.00000005960465));
#4389=CARTESIAN_POINT('Ctrl Pts',(-72.6115698378992,-14.484344743664,8.00000005960465));
#4390=CARTESIAN_POINT('Ctrl Pts',(-71.5150934554214,-18.0979977327825,8.00000005960465));
#4391=CARTESIAN_POINT('',(-71.580860317676,-6.9259147065947,16.0000000596046));
#4392=CARTESIAN_POINT('Ctrl Pts',(-67.7782918222818,0.200733702051683,36.0000000596046));
#4393=CARTESIAN_POINT('Ctrl Pts',(-67.7782918222818,0.200733702051683,8.00000005960442));
#4394=CARTESIAN_POINT('Ctrl Pts',(-69.5111362316034,-1.88407169136373,36.0000000596046));
#4395=CARTESIAN_POINT('Ctrl Pts',(-69.5111362316034,-1.88407169136373,8.00000005960442));
#4396=CARTESIAN_POINT('Ctrl Pts',(-70.8240535511655,-4.32170595468442,36.0000000596046));
#4397=CARTESIAN_POINT('Ctrl Pts',(-70.8240535511655,-4.32170595468442,8.00000005960442));
#4398=CARTESIAN_POINT('Ctrl Pts',(-71.5808603159801,-6.92591470075924,36.0000000596046));
#4399=CARTESIAN_POINT('Ctrl Pts',(-71.5808603159801,-6.92591470075924,8.00000005960442));
#4400=CARTESIAN_POINT('',(-67.7782918222818,0.200733702051679,8.00000005960442));
#4401=CARTESIAN_POINT('Ctrl Pts',(-67.7782918222818,0.200733702051683,8.00000005960464));
#4402=CARTESIAN_POINT('Ctrl Pts',(-69.5111362316034,-1.88407169136373,8.00000005960464));
#4403=CARTESIAN_POINT('Ctrl Pts',(-70.8240535511655,-4.32170595468442,8.00000005960464));
#4404=CARTESIAN_POINT('Ctrl Pts',(-71.5808603159801,-6.92591470075924,8.00000005960464));
#4405=CARTESIAN_POINT('',(-67.7782918222818,0.200733702051679,16.0000000596046));
#4406=CARTESIAN_POINT('Origin',(-67.7730239962774,0.196313471194287,16.0000000596046));
#4407=CARTESIAN_POINT('',(-52.7310737376394,-12.4253814430158,8.00000005960395));
#4408=CARTESIAN_POINT('Origin',(-67.7782918222818,0.200733702051681,4.00000005960442));
#4409=CARTESIAN_POINT('',(-61.939607777659,-4.69850392635193,8.00000005960424));
#4410=CARTESIAN_POINT('',(-52.7310737376394,-12.4253814430158,8.00000005960395));
#4411=CARTESIAN_POINT('',(-61.939607777659,-4.69850392635193,6.56135378754952));
#4412=CARTESIAN_POINT('',(-61.939607777659,-4.69850392635193,4.00000005960424));
#4413=CARTESIAN_POINT('',(-61.939607777659,-4.69850392635193,2.00000005960424));
#4414=CARTESIAN_POINT('',(-61.939607777659,-4.69850392635193,4.00000005960424));
#4415=CARTESIAN_POINT('',(-52.7310737376394,-12.4253814430158,2.00000005960395));
#4416=CARTESIAN_POINT('Origin',(-43.4713685638201,-12.2513736222814,2.00000005960464));
#4417=CARTESIAN_POINT('',(-25.0487996683836,-4.38082425549494,2.00000005960422));
#4418=CARTESIAN_POINT('',(-34.2412153212686,-12.094176839459,2.00000005960422));
#4419=CARTESIAN_POINT('',(-52.9368512258728,-0.403269376471489,2.00000005960386));
#4420=CARTESIAN_POINT('Origin',(-52.7385600775591,-12.4007087413865,2.00000005960395));
#4421=CARTESIAN_POINT('',(-34.4395064725371,-0.0967372957682766,2.00000005960413));
#4422=CARTESIAN_POINT('',(-52.9368512258728,-0.403269376471489,2.00000005960386));
#4423=CARTESIAN_POINT('Origin',(-34.2412153212686,-12.094176839459,2.00000005960422));
#4424=CARTESIAN_POINT('Origin',(-43.4713685638201,-12.2513736222814,8.00000005960464));
#4425=CARTESIAN_POINT('',(-25.0487996683836,-4.38082425549494,8.00000005960422));
#4426=CARTESIAN_POINT('',(-34.2412153212686,-12.094176839459,8.00000005960422));
#4427=CARTESIAN_POINT('',(-34.4395064725371,-0.0967372957682766,8.00000005960413));
#4428=CARTESIAN_POINT('Origin',(-34.2412153212686,-12.094176839459,8.00000005960422));
#4429=CARTESIAN_POINT('',(-52.9368512258728,-0.403269376471489,8.00000005960386));
#4430=CARTESIAN_POINT('',(-52.9368512258728,-0.403269376471489,8.00000005960386));
#4431=CARTESIAN_POINT('Origin',(-52.7385600775591,-12.4007087413865,8.00000005960395));
#4432=CARTESIAN_POINT('',(-52.9315378935958,-0.420780505182912,8.00000005960464));
#4433=CARTESIAN_POINT('',(-34.4339480790774,-0.115056240713385,8.00000005960464));
#4434=CARTESIAN_POINT('',(-39.0507789328456,-0.191362247663579,8.00000005960464));
#4435=CARTESIAN_POINT('',(-34.0362520248409,-24.1136057462425,8.00000005960464));
#4436=CARTESIAN_POINT('Origin',(-34.2351000534407,-12.1143309040764,8.00000005960464));
#4437=CARTESIAN_POINT('',(-50.5341024297503,-24.38627873937,8.00000005960464));
#4438=CARTESIAN_POINT('',(-46.9029575794626,-24.3262639428658,8.00000005960464));
#4439=CARTESIAN_POINT('',(-50.5368836609536,-24.218448271834,8.00000005960464));
#4440=CARTESIAN_POINT('',(-50.6350151962788,-18.296804133117,8.00000005960464));
#4441=CARTESIAN_POINT('Origin',(-52.7326898679591,-12.4200551685459,8.00000005960464));
#4442=CARTESIAN_POINT('Origin',(-35.3846979773741,43.1188955377818,-40.5460577188955));
#4443=CARTESIAN_POINT('',(-36.8846979773741,43.1188955377818,-40.5460577188955));
#4444=CARTESIAN_POINT('Origin',(-45.3846981263863,43.1188955377818,-30.5460575698844));
#4445=CARTESIAN_POINT('',(-46.8846981263863,43.1188955377818,-30.5460575698844));
#4446=CARTESIAN_POINT('Origin',(-45.3846981263852,43.1188955377819,-50.5460578679076));
#4447=CARTESIAN_POINT('',(-46.8846981263852,43.1188955377819,-50.5460578679076));
#4448=CARTESIAN_POINT('Origin',(-55.3846982753973,43.1188955377818,-40.5460577188966));
#4449=CARTESIAN_POINT('',(-56.8846982753973,43.1188955377818,-40.5460577188966));
#4450=CARTESIAN_POINT('Origin',(-72.7846981263865,33.1188955377819,-67.3472296713988));
#4451=CARTESIAN_POINT('Origin',(-43.4898876100198,-12.2474427889393,6.39915351201372));
#4452=CARTESIAN_POINT('',(-50.5433294517801,-24.1972049038422,6.27812922868154));
#4453=CARTESIAN_POINT('Origin',(-52.7385600775591,-12.4007087413845,6.43188484244079));
#4454=CARTESIAN_POINT('',(-50.5405560094627,-24.3650097015768,6.27604857545612));
#4455=CARTESIAN_POINT('',(-50.6410883062553,-18.282387530864,6.35146851343977));
#4456=CARTESIAN_POINT('',(-34.0429241700003,-24.0916163831477,6.21766295947752));
#4457=CARTESIAN_POINT('',(-46.916076234107,-24.3049460171034,6.26322143236399));
#4458=CARTESIAN_POINT('',(-25.0487996683836,-4.38082425549494,6.42717308003638));
#4459=CARTESIAN_POINT('Origin',(-34.2412153212687,-12.094176839457,6.36642218221939));
#4460=CARTESIAN_POINT('',(-34.4395064695824,-0.0967374745421345,6.51518140274457));
#4461=CARTESIAN_POINT('Origin',(-34.2412153212686,-12.094176839459,6.36642218221936));
#4462=CARTESIAN_POINT('',(-52.9368512258727,-0.403269376469613,6.58064406296597));
#4463=CARTESIAN_POINT('',(-39.0593933006576,-0.173296582569792,6.53153132304313));
#4464=CARTESIAN_POINT('Origin',(-52.7385600775591,-12.4007087413865,6.43188484244077));
#4465=CARTESIAN_POINT('',(-51.8993931936914,-11.8672167212071,6.43532532879845));
#4466=CARTESIAN_POINT('',(-53.732690827514,-12.4234869451563,6.43532532879845));
#4467=CARTESIAN_POINT('Origin',(-52.7326898679591,-12.4200551685459,6.43162418327482));
#4468=CARTESIAN_POINT('',(-44.2965670349033,-9.5603213584627,6.43532532879845));
#4469=CARTESIAN_POINT('',(-41.8970653687032,-3.07755913422437,6.50632311533988));
#4470=CARTESIAN_POINT('',(-45.1819736263853,-4.07428580775559,6.50632311533988));
#4471=CARTESIAN_POINT('',(-45.8954821797965,-4.2907828758785,6.50632311533988));
#4472=CARTESIAN_POINT('',(-41.9215997361214,-3.5874120267857,6.50012493924763));
#4473=CARTESIAN_POINT('Origin',(-43.6386060606491,-3.24936326673459,6.51072292772398));
#4474=CARTESIAN_POINT('',(-42.8551034252541,-3.87066134573479,6.50012493924763));
#4475=CARTESIAN_POINT('',(-44.5739424707359,-4.392201854555,6.50012493924763));
#4476=CARTESIAN_POINT('',(-43.9447516455137,-4.20128897996446,6.50012493924763));
#4477=CARTESIAN_POINT('Origin',(-43.6386457340182,-3.24923251536513,6.51072491621597));
#4478=CARTESIAN_POINT('',(-44.8782553346464,-4.48453829891355,6.50012493924763));
#4479=CARTESIAN_POINT('',(-44.5739424707359,-4.392201854555,6.50012493924763));
#4480=CARTESIAN_POINT('Origin',(-43.6386060606491,-3.24936326673459,6.51072292772398));
#4481=CARTESIAN_POINT('',(-42.3470119396179,-21.4228139709048,6.2816751737091));
#4482=CARTESIAN_POINT('',(-42.3576136661331,-21.42603079661,6.28167412802227));
#4483=CARTESIAN_POINT('',(-40.8362681727101,-20.96441498645,6.2816751737091));
#4484=CARTESIAN_POINT('',(-44.0585796268212,-21.9421481462566,6.28167412802227));
#4485=CARTESIAN_POINT('Origin',(-43.3411693420931,-21.2455223012059,6.28758305124938));
#4486=CARTESIAN_POINT('',(-44.0691813455074,-21.945364997764,6.2816751737091));
#4487=CARTESIAN_POINT('',(-40.8362681727101,-20.96441498645,6.2816751737091));
#4488=CARTESIAN_POINT('Origin',(-43.3347589414723,-21.2666490338333,6.28729945145114));
#4489=CARTESIAN_POINT('',(-33.5507459220084,-11.3851527256774,6.37258492024469));
#4490=CARTESIAN_POINT('',(-35.2092622519616,-11.8883897523694,6.37258492024469));
#4491=CARTESIAN_POINT('Origin',(-34.2351000534407,-12.1143309040764,6.36615064155553));
#4492=CARTESIAN_POINT('',(-42.8836132750725,-14.2169876207849,6.37258492024469));
#4493=CARTESIAN_POINT('Ctrl Pts',(-35.2092622519616,-11.8883897523694,6.38039409712989));
#4494=CARTESIAN_POINT('Ctrl Pts',(-35.0786793098835,-11.3251876931284,6.38039409712989));
#4495=CARTESIAN_POINT('Ctrl Pts',(-34.525478391443,-11.1573321343186,6.38039409712989));
#4496=CARTESIAN_POINT('Ctrl Pts',(-33.9722774730021,-10.9894765755087,6.38039409712989));
#4497=CARTESIAN_POINT('Ctrl Pts',(-33.5507459220084,-11.3851527256774,6.38039409712989));
#4498=CARTESIAN_POINT('Ctrl Pts',(-35.2092622519616,-11.8883897523694,6.37258492024469));
#4499=CARTESIAN_POINT('Ctrl Pts',(-35.0786793098835,-11.3251876931284,6.37258492024469));
#4500=CARTESIAN_POINT('Ctrl Pts',(-34.525478391443,-11.1573321343186,6.37258492024469));
#4501=CARTESIAN_POINT('Ctrl Pts',(-33.9722774730021,-10.9894765755087,6.37258492024469));
#4502=CARTESIAN_POINT('Ctrl Pts',(-33.5507459220084,-11.3851527256774,6.37258492024469));
#4503=CARTESIAN_POINT('Origin',(-34.2351000534407,-12.1143309040764,6.37258492024469));
#4504=CARTESIAN_POINT('Ctrl Pts',(-53.7326908275141,-12.4234869451563,6.44586222233118));
#4505=CARTESIAN_POINT('Ctrl Pts',(-53.7352792076605,-11.6791597559875,6.44586222233118));
#4506=CARTESIAN_POINT('Ctrl Pts',(-53.0230682059616,-11.4630563987882,6.44586222233118));
#4507=CARTESIAN_POINT('Ctrl Pts',(-52.3108572042621,-11.2469530415888,6.44586222233118));
#4508=CARTESIAN_POINT('Ctrl Pts',(-51.8993931936914,-11.8672167212071,6.44586222233118));
#4509=CARTESIAN_POINT('Ctrl Pts',(-53.7326908275141,-12.4234869451563,6.43532532879845));
#4510=CARTESIAN_POINT('Ctrl Pts',(-53.7352792076605,-11.6791597559875,6.43532532879845));
#4511=CARTESIAN_POINT('Ctrl Pts',(-53.0230682059616,-11.4630563987882,6.43532532879845));
#4512=CARTESIAN_POINT('Ctrl Pts',(-52.3108572042621,-11.2469530415888,6.43532532879845));
#4513=CARTESIAN_POINT('Ctrl Pts',(-51.8993931936914,-11.8672167212071,6.43532532879845));
#4514=CARTESIAN_POINT('Origin',(-52.7326898679591,-12.4200551685459,6.43532532879845));
#4515=CARTESIAN_POINT('Origin',(-43.4713685638201,-12.2513736222814,6.43532532879845));
#4516=CARTESIAN_POINT('Origin',(-43.4713685638201,-12.2513736222814,6.37258492024469));
#4517=CARTESIAN_POINT('Ctrl Pts',(-44.0691813455074,-21.945364997764,6.3012354930056));
#4518=CARTESIAN_POINT('Ctrl Pts',(-44.6113806239915,-21.358587256323,6.3012354930056));
#4519=CARTESIAN_POINT('Ctrl Pts',(-44.1589007048458,-20.700175891053,6.3012354930056));
#4520=CARTESIAN_POINT('Ctrl Pts',(-43.7064207857006,-20.0417645257832,6.3012354930056));
#4521=CARTESIAN_POINT('Ctrl Pts',(-42.9643607113148,-20.3377213624164,6.3012354930056));
#4522=CARTESIAN_POINT('Ctrl Pts',(-42.2223006369296,-20.6336781990498,6.3012354930056));
#4523=CARTESIAN_POINT('Ctrl Pts',(-42.3470119396179,-21.4228139709048,6.3012354930056));
#4524=CARTESIAN_POINT('Ctrl Pts',(-44.0691813455074,-21.945364997764,6.28167517370909));
#4525=CARTESIAN_POINT('Ctrl Pts',(-44.6113806239915,-21.358587256323,6.28167517370909));
#4526=CARTESIAN_POINT('Ctrl Pts',(-44.1589007048458,-20.700175891053,6.28167517370909));
#4527=CARTESIAN_POINT('Ctrl Pts',(-43.7064207857006,-20.0417645257832,6.28167517370909));
#4528=CARTESIAN_POINT('Ctrl Pts',(-42.9643607113148,-20.3377213624164,6.28167517370909));
#4529=CARTESIAN_POINT('Ctrl Pts',(-42.2223006369296,-20.6336781990498,6.28167517370909));
#4530=CARTESIAN_POINT('Ctrl Pts',(-42.3470119396179,-21.4228139709048,6.28167517370909));
#4531=CARTESIAN_POINT('Origin',(-43.3347589414723,-21.2666490338333,6.2816751737091));
#4532=CARTESIAN_POINT('Origin',(-43.4713685638201,-12.2513736222814,6.2816751737091));
#4533=CARTESIAN_POINT('Origin',(-43.3411914581207,-21.2454494134989,6.2816751737091));
#4534=CARTESIAN_POINT('Origin',(-44.8726405805557,-4.50304282233731,8.00000005960464));
#4535=CARTESIAN_POINT('',(-44.8782321318917,-4.48461476814297,6.50632311533988));
#4536=CARTESIAN_POINT('',(-43.944728442759,-4.20136544919388,6.50632311533988));
#4537=CARTESIAN_POINT('',(-45.3130831676124,-4.61655989181638,6.50632311533988));
#4538=CARTESIAN_POINT('',(-44.8782553354955,-4.48453829611532,6.50012471243866));
#4539=CARTESIAN_POINT('',(-43.939136891423,-4.21979350338823,8.00000005960464));
#4540=CARTESIAN_POINT('Ctrl Pts',(-42.8550691251494,-3.87077438845764,6.50928756201074));
#4541=CARTESIAN_POINT('Ctrl Pts',(-43.2853933731906,-4.41344495990152,6.50420334175456));
#4542=CARTESIAN_POINT('Ctrl Pts',(-43.9447173454091,-4.20140202268732,6.50928756201073));
#4543=CARTESIAN_POINT('Ctrl Pts',(-42.8551034252541,-3.87066134573478,6.50012493924763));
#4544=CARTESIAN_POINT('Ctrl Pts',(-43.2854276732952,-4.41333191717867,6.49504071899146));
#4545=CARTESIAN_POINT('Ctrl Pts',(-43.9447516455137,-4.20128897996447,6.50012493924763));
#4546=CARTESIAN_POINT('',(-42.8550802224994,-3.87073781496421,6.50632311533988));
#4547=CARTESIAN_POINT('Origin',(-43.6386622120763,-3.24917820869232,6.50632311533988));
#4548=CARTESIAN_POINT('',(-42.8494886711634,-3.88916586915855,8.00000005960464));
#4549=CARTESIAN_POINT('Origin',(-42.8494886711634,-3.88916586915855,8.00000005960464));
#4550=CARTESIAN_POINT('',(-41.9215765333667,-3.58748849601513,6.50632311533988));
#4551=CARTESIAN_POINT('',(-44.3015072129163,-4.309621415227,6.50632311533988));
#4552=CARTESIAN_POINT('',(-41.9215997369705,-3.58741202398748,6.50012471243866));
#4553=CARTESIAN_POINT('Origin',(-43.4713685638201,-12.2513736222814,6.50632311533988));
#4554=CARTESIAN_POINT('Origin',(-43.6386225312634,-3.24930898459455,6.50632311533988));
#4555=CARTESIAN_POINT('Origin',(-43.6386225312634,-3.24930898459455,6.50632311533988));
#4556=CARTESIAN_POINT('Origin',(-43.6386060606491,-3.24936326673459,6.51072292772397));
#4557=CARTESIAN_POINT('Origin',(-43.6386060606491,-3.24936326673459,6.51072292772397));
#4558=CARTESIAN_POINT('Origin',(-50.5358431118604,-24.2218776054715,8.27796302490285));
#4559=CARTESIAN_POINT('',(-50.533069669543,-24.3896824032061,8.27588237167743));
#4560=CARTESIAN_POINT('',(-50.5358431118604,-24.2218776054715,8.27796302490285));
#4561=CARTESIAN_POINT('Origin',(-52.7310737376394,-12.4253814430138,8.4317186386621));
#4562=CARTESIAN_POINT('Origin',(-52.7385600775591,-12.4007087413865,6.43188484244077));
#4563=CARTESIAN_POINT('',(-52.929364885953,-0.427942078098926,8.58047785918728));
#4564=CARTESIAN_POINT('Origin',(-34.4320201296627,-0.121410176171448,8.51501519896587));
#4565=CARTESIAN_POINT('',(-39.0593933006576,-0.173296582569792,6.53153132304313));
#4566=CARTESIAN_POINT('',(-34.4320201296627,-0.121410176171448,8.51501519896587));
#4567=CARTESIAN_POINT('Origin',(-50.533069669543,-24.3896824032061,8.27588237167743));
#4568=CARTESIAN_POINT('',(-34.0354378300806,-24.116289084777,8.21749675569883));
#4569=CARTESIAN_POINT('Origin',(-34.233728981349,-12.1188495410863,8.36625597844069));
#4570=CARTESIAN_POINT('Origin',(-34.2412153212686,-12.094176839459,6.36642218221936));
#4571=CARTESIAN_POINT('Origin',(-43.3411693381786,-21.2455223141069,6.2875840969362));
#4572=CARTESIAN_POINT('Ctrl Pts',(-25.0487996683836,-4.38082425549495,6.42717308003638));
#4573=CARTESIAN_POINT('Ctrl Pts',(-28.7235059978679,-0.00201361947831172,
6.42717308003638));
#4574=CARTESIAN_POINT('Ctrl Pts',(-34.4395064725371,-0.0967372957682897,
6.42717308003638));
#4575=CARTESIAN_POINT('Ctrl Pts',(-25.0487996683836,-4.38082425549495,8.00000005960422));
#4576=CARTESIAN_POINT('Ctrl Pts',(-28.7235059978679,-0.00201361947831172,
8.00000005960422));
#4577=CARTESIAN_POINT('Ctrl Pts',(-34.4395064725371,-0.0967372957682897,
8.00000005960422));
#4578=CARTESIAN_POINT('',(-34.4395064725371,-0.0967372957682766,4.00000005960413));
#4579=CARTESIAN_POINT('',(-25.0487996683836,-4.38082425549494,4.00000005960422));
#4580=CARTESIAN_POINT('Origin',(-34.4395064725371,-0.0967372957682766,4.00000005960413));
#4581=CARTESIAN_POINT('',(-52.9368512258728,-0.403269376471489,4.00000005960386));
#4582=CARTESIAN_POINT('Ctrl Pts',(-52.9368512258727,-0.403269376471493,
6.56135378754952));
#4583=CARTESIAN_POINT('Ctrl Pts',(-58.4195760697395,-0.494127285878364,
6.56135378754952));
#4584=CARTESIAN_POINT('Ctrl Pts',(-61.939607777659,-4.69850392635194,6.56135378754952));
#4585=CARTESIAN_POINT('Ctrl Pts',(-52.9368512258727,-0.403269376471493,
8.00000005960424));
#4586=CARTESIAN_POINT('Ctrl Pts',(-58.4195760697395,-0.494127285878364,
8.00000005960424));
#4587=CARTESIAN_POINT('Ctrl Pts',(-61.939607777659,-4.69850392635194,8.00000005960424));
#4588=CARTESIAN_POINT('Origin',(-25.0487996683836,-4.38082425549494,4.00000005960422));
#4589=CARTESIAN_POINT('',(-25.0487996683836,-4.38082425549494,4.00000005960422));
#4590=CARTESIAN_POINT('Ctrl Pts',(-34.4395064725371,-0.0967372957682889,
6.51518140496123));
#4591=CARTESIAN_POINT('Ctrl Pts',(-28.7235059978679,-0.00201361947831116,
6.51518140496123));
#4592=CARTESIAN_POINT('Ctrl Pts',(-25.0487996683836,-4.38082425549495,6.51518140496123));
#4593=CARTESIAN_POINT('Ctrl Pts',(-34.4395064725371,-0.0967372957682889,
2.00000005960413));
#4594=CARTESIAN_POINT('Ctrl Pts',(-28.7235059978679,-0.00201361947831116,
2.00000005960413));
#4595=CARTESIAN_POINT('Ctrl Pts',(-25.0487996683836,-4.38082425549495,2.00000005960413));
#4596=CARTESIAN_POINT('',(-34.4395064725371,-0.0967372957682766,4.00000005960413));
#4597=CARTESIAN_POINT('Origin',(-52.9368512258728,-0.403269376471489,4.00000005960386));
#4598=CARTESIAN_POINT('',(-52.9368512258728,-0.403269376471489,4.00000005960386));
#4599=CARTESIAN_POINT('Ctrl Pts',(-61.939607777659,-4.69850392635194,6.59277768966612));
#4600=CARTESIAN_POINT('Ctrl Pts',(-58.4195760697395,-0.494127285878363,
6.59277768966612));
#4601=CARTESIAN_POINT('Ctrl Pts',(-52.9368512258727,-0.403269376471495,
6.59277768966612));
#4602=CARTESIAN_POINT('Ctrl Pts',(-61.939607777659,-4.69850392635194,2.00000005960386));
#4603=CARTESIAN_POINT('Ctrl Pts',(-58.4195760697395,-0.494127285878363,
2.00000005960386));
#4604=CARTESIAN_POINT('Ctrl Pts',(-52.9368512258727,-0.403269376471495,
2.00000005960386));
#4605=UNCERTAINTY_MEASURE_WITH_UNIT(LENGTH_MEASURE(0.01),#4609,
'DISTANCE_ACCURACY_VALUE',
'Maximum model space distance between geometric entities at asserted c
onnectivities');
#4606=UNCERTAINTY_MEASURE_WITH_UNIT(LENGTH_MEASURE(0.01),#4609,
'DISTANCE_ACCURACY_VALUE',
'Maximum model space distance between geometric entities at asserted c
onnectivities');
#4607=(
GEOMETRIC_REPRESENTATION_CONTEXT(3)
GLOBAL_UNCERTAINTY_ASSIGNED_CONTEXT((#4605))
GLOBAL_UNIT_ASSIGNED_CONTEXT((#4609,#4611,#4612))
REPRESENTATION_CONTEXT('','3D')
);
#4608=(
GEOMETRIC_REPRESENTATION_CONTEXT(3)
GLOBAL_UNCERTAINTY_ASSIGNED_CONTEXT((#4606))
GLOBAL_UNIT_ASSIGNED_CONTEXT((#4609,#4611,#4612))
REPRESENTATION_CONTEXT('','3D')
);
#4609=(
LENGTH_UNIT()
NAMED_UNIT(*)
SI_UNIT(.MILLI.,.METRE.)
);
#4610=(
LENGTH_UNIT()
NAMED_UNIT(*)
SI_UNIT($,.METRE.)
);
#4611=(
NAMED_UNIT(*)
PLANE_ANGLE_UNIT()
SI_UNIT($,.RADIAN.)
);
#4612=(
NAMED_UNIT(*)
SI_UNIT($,.STERADIAN.)
SOLID_ANGLE_UNIT()
);
#4613=SHAPE_DEFINITION_REPRESENTATION(#4614,#4615);
#4614=PRODUCT_DEFINITION_SHAPE('',$,#4617);
#4615=SHAPE_REPRESENTATION('',(#2232),#4607);
#4616=PRODUCT_DEFINITION_CONTEXT('part definition',#4621,'design');
#4617=PRODUCT_DEFINITION('link_2dof','link_2dof',#4618,#4616);
#4618=PRODUCT_DEFINITION_FORMATION('',$,#4623);
#4619=PRODUCT_RELATED_PRODUCT_CATEGORY('link_2dof','link_2dof',(#4623));
#4620=APPLICATION_PROTOCOL_DEFINITION('international standard',
'automotive_design',2009,#4621);
#4621=APPLICATION_CONTEXT(
'Core Data for Automotive Mechanical Design Process');
#4622=PRODUCT_CONTEXT('part definition',#4621,'mechanical');
#4623=PRODUCT('link_2dof','link_2dof',$,(#4622));
#4624=PRESENTATION_STYLE_ASSIGNMENT((#4626));
#4625=PRESENTATION_STYLE_ASSIGNMENT((#4627));
#4626=SURFACE_STYLE_USAGE(.BOTH.,#4628);
#4627=SURFACE_STYLE_USAGE(.BOTH.,#4629);
#4628=SURFACE_SIDE_STYLE('',(#4630));
#4629=SURFACE_SIDE_STYLE('',(#4631));
#4630=SURFACE_STYLE_FILL_AREA(#4632);
#4631=SURFACE_STYLE_FILL_AREA(#4633);
#4632=FILL_AREA_STYLE('\X2\AC15CCA0\X0\ - \X2\C0C8D2F4\X0\',(#4634));
#4633=FILL_AREA_STYLE('ABS(\X2\D770C0C9\X0\)',(#4635));
#4634=FILL_AREA_STYLE_COLOUR('\X2\AC15CCA0\X0\ - \X2\C0C8D2F4\X0\',#4636);
#4635=FILL_AREA_STYLE_COLOUR('ABS(\X2\D770C0C9\X0\)',#4637);
#4636=COLOUR_RGB('\X2\AC15CCA0\X0\ - \X2\C0C8D2F4\X0\',0.627450980392157,
0.627450980392157,0.627450980392157);
#4637=COLOUR_RGB('ABS(\X2\D770C0C9\X0\)',0.964705882352941,0.964705882352941,
0.952941176470588);
ENDSEC;
END-ISO-10303-21;
